Time,X,Y,Ref_X,Ref_Y,u,v,r,psi,Tp,Ts,Lateral_Error,Heading_Error
0.0,30.548658354528058,-207.87555732774987,28.2,-205.4,-9.270376985410659,0.41046802704165525,-0.0013538582602242197,0.0,65.62329891768894,-109.40880860214229,2.8284271247461903,0.29146573755401084
0.013962634015954637,29.78124275344408,-208.66901500817835,29.596218033914525,-204.98112097952136,-2.2272756898310417,0.9346656343399793,-0.0022715785113240346,-0.00013538582602246052,130.30346507129283,-98.11350466656181,3.0471140999766977,0.29151940511680996
0.027925268031909273,30.41562795613526,-209.60557338832098,30.992163872356887,-204.56224195904272,6.255192599398641,1.68081179982573,-0.0025647250357732063,-0.00036254367715482516,185.04776431285626,-144.58394617312578,4.281578544571589,0.2917621732181228
0.04188790204786391,30.341819891890093,-209.65491144764766,32.387565372919966,-204.14336293856408,7.819678608921343,2.6488743964380497,-0.0018813245410717549,-0.0006190161807322347,221.36157761156963,-212.04837298651768,5.80726098717364,0.2921505224523111
0.05585053606381855,31.40775170329502,-209.81510630683616,33.78215049931638,-203.72448391808544,14.202080292887587,3.531722848782156,-0.0009460573743588651,-0.0008071486348395496,220.29562724577232,-187.54121060916657,6.8560809046993905,0.29262213727967756
0.06981317007977318,33.43483817865198,-209.5755735933926,35.17564737441253,-203.3056048976068,14.142052756442833,4.35868415264524,0.0012409100428397656,-0.0009017543722755761,198.71716506879883,-195.20621020083027,7.5213460487591615,0.2930795525579941
0.08377580409572782,35.059561894818906,-209.95443038939905,36.56778433323155,-202.88672587712819,11.156900865736215,5.016260487917429,0.0030564126337180885,-0.0007776633679914546,160.26286173555198,-170.47090042860302,7.386205749833298,0.29349781929353913
0.09773843811168245,35.604678066720325,-209.18536001902072,37.958289975914944,-202.46784685664954,10.706912505177757,5.729041496528041,0.00380871984392479,-0.00047202210461971816,181.7730849022167,-180.31258134220357,8.028172736119396,0.2937520537346452
0.1117010721276371,36.690593950362434,-208.01912157110482,39.346893220632545,-202.0489678361709,14.778096921025977,6.1602193800897265,0.004395712153437073,-9.115012022720137e-05,136.1500000864057,-113.09443333830177,8.058056071138388,0.293879737824819
0.12566370614359174,37.151949701405506,-207.1648442460914,40.733323356430425,-201.63008881569226,15.329307728999146,6.272698207669537,0.006245134863566594,0.0003484210951163469,62.21372478074673,-55.04242424280841,7.560648160073409,0.2939875764409612
0.13962634015954636,38.89493456491423,-206.81670687079657,42.11731009600654,-201.21120979521362,19.567336351926688,6.2387523863331245,0.007509242511119272,0.0009729345814730728,40.3162368054139,-15.483586314018403,7.752455547950687,0.2940925370861973
0.153588974175501,41.27167428490732,-206.01172830403502,43.49858362840381,-200.79233077473498,16.90175900800665,6.231465024566663,0.009715905460072647,0.00172385883258519,29.882091372196292,-37.1116172644121,7.581997892809436,0.2940688643125777
0.16755160819145565,43.396658315134644,-205.00100537522462,44.876874671610224,-200.37345175425634,12.945495247402771,6.1220380251129,0.009964090846254195,0.0026954493785926736,4.690421738283414,-18.55225935130566,6.69235625770677,0.29397562981418
0.18151424220741028,44.605242858817896,-204.4619384098524,46.251914525055994,-199.9545727337777,10.442510663394103,5.889790390079948,0.008554471255081002,0.0036918584632181783,-19.22476228573029,11.520083254774859,5.79818682252956,0.2937191719766723
0.1954768762233649,45.78339929485678,-204.42411296026896,47.62343512199719,-199.53569371329905,11.783340269493568,5.683548662238781,0.006754532941497148,0.0045473055887264024,-6.141715617814233,16.200678738353083,5.777315237014098,0.293495987452121
0.20943951023931956,47.292255159910134,-203.51689724321668,48.991169081775936,-199.1168146928204,12.32924763267773,5.624105296446693,0.006118768469539426,0.005222758882875933,22.34581099891643,-15.870757245448086,6.201387095282289,0.2934725619904599
0.2234021442552742,47.65188942227007,-203.80005393029086,50.354849761946724,-198.69793567234177,11.571113736340086,5.455502773244315,0.0058293928109125264,0.005834635729829785,-4.531067532478311,4.890525140234109,5.709805278465526,0.2936886905784277
0.23736477827122882,48.54269696252841,-203.678855261242,51.714211310259,-198.27905665186313,16.357738476501062,5.50851723847211,0.005432869361715871,0.006417575010920995,55.20379034841674,-28.655844735161164,6.854478103403671,0.29402877844982234
0.25132741228718347,49.89556114042775,-202.57858495108587,53.06898871648548,-197.8601776313845,17.39772602881293,5.628037016434257,0.006777438286087353,0.006960861947092667,61.310209654879145,-51.686238462897116,7.3718604437512285,0.2944590706271857
0.26529004630313807,51.41340655354533,-202.9765816041691,54.41891786408647,-197.44129861090587,17.228546205306305,5.534391948267708,0.007869504716312913,0.0076386057757011905,13.493727703646648,-9.40062840517989,6.844886192660073,0.29499122901019703
0.2792526803190927,53.43369981760651,-202.3796081275246,55.76373558169992,-197.02241959042723,16.389371884478784,5.681716940047145,0.008479042390285425,0.008425556247332544,63.16396184009829,-62.31262405184537,7.374103873630411,0.29545215678502545
0.2932153143350474,54.998065668242425,-201.47580175592424,57.103179694447164,-196.6035405699486,13.46948701859764,5.7418047892340045,0.008653028954102058,0.009273460486360907,40.280759324274406,-49.44312722160072,6.84310156261183,0.29586818417777394
0.307177948351002,56.9628229996867,-201.96709104365618,58.436989075044444,-196.18466154946995,13.140338196725855,5.6588980709219046,0.007776807318992216,0.01013876338177111,15.809541888740913,-13.172958596881138,6.310495929973168,0.2962887140164532
0.32114058236695664,59.30910106577899,-201.2875477943809,59.76490369471024,-195.7657825289913,10.211106612236744,5.836742773287231,0.0072529091652372615,0.01091644411367021,65.0913830552017,-74.90057886742957,6.8049896043622775,0.2967585239449684
0.3351032163829113,60.63838308415563,-200.52089418466832,61.08666467385832,-195.34690350851267,6.180145902259277,5.9003248246748985,0.006054912863385315,0.011641735030194056,38.65938405552271,-54.202318075814894,6.200885977986295,0.29738393269389096
0.3490658503988659,61.31729384489103,-200.81576024977971,62.402014332566864,-194.92802448803403,7.084536907605076,5.857917120180717,0.004000215094920847,0.012247226316532522,27.56390651929508,-20.360546286700604,5.864348780888017,0.2981310842046856
0.36302848441482055,62.08718734013565,-199.59460393795962,63.710696240813704,-194.50914546755538,9.817890277715641,6.012591605226624,0.0032253465865068826,0.012647247826024444,73.98936138850873,-57.93118440270293,6.745499613829861,0.2990688461779185
0.3769911184307752,62.365768384732945,-198.67884603955818,65.0124552684678,-194.09026644707674,11.686325004614998,5.916544063397902,0.0036419388978980553,0.012969782484675285,19.17902054084224,-6.692233930376221,6.233371773451948,0.30028443168866614
0.3909537524467298,62.824341022005,-197.92390988489274,66.30703763502741,-193.6713874265981,16.002924501399903,5.712593124200742,0.004391888193139781,0.013333976374465095,1.4554924890816399,22.994123685889395,6.3724598911115,0.30165148947221576
0.40491638646268446,64.37871802134089,-196.26250787866212,67.59419095909512,-193.25250840611946,18.882353202175178,5.468082471003353,0.006058650154760429,0.013773165193779136,-11.422709817574876,29.780913855133466,6.6763358362385965,0.30305259779022453
0.4188790204786391,66.81136139408355,-195.0611629482488,68.87366430758001,-192.83362938564082,16.98961452913888,4.977204145981603,0.007538885844662047,0.014379030209255017,-76.76795818519729,72.89839246231335,5.653472369798844,0.3044562421957391
0.4328416544945937,69.06835193391544,-194.23938372354715,70.1452082446177,-192.4147503651622,11.97121947678914,4.447806181833951,0.007291717697557636,0.015132918793721029,-95.42052378539476,76.21469464597364,4.256528442608556,0.30577266410123016
0.4468042885105484,71.26878488834424,-193.0841553406297,71.40857488019823,-191.99587134468356,8.414492133657257,3.9821056056452164,0.0054000099498683046,0.015862090563476983,-81.80010025975096,68.49173677173923,3.2419116632663916,0.3070225450741422
0.46076692252650303,72.46894099115089,-192.3561237502844,72.66351791849274,-191.57699232420492,4.734970633491064,3.528359109495172,0.0032011726233184103,0.016402091558463727,-82.64079418953993,67.9798307077637,2.0534898547267946,0.3083807658687685
0.47472955654245763,73.63081421061993,-191.8279978456818,73.90979270586942,-191.15811330372628,5.738361479319357,3.113687571705449,0.0010095716179856448,0.016722208820795448,-66.18519020374622,73.00610182020155,1.8738416939191385,0.31001403777328385
0.4886921905584123,74.52893156229268,-191.9267980508678,75.14715627858908,-190.73923428324764,5.833516880899582,2.7534137795485223,-0.00014855940485142272,0.016823165982593924,-59.075235206535524,61.65944455165401,1.8667349468998784,0.3119554539416951
0.5026548245743669,74.1829627172867,-191.9522496756191,76.37536741017153,-190.320355262769,7.38459528061156,2.529231513297473,-0.0008400705482742477,0.016808310042108587,-28.510998502087816,37.94782035575077,2.447444334763663,0.3142068001267666
0.5166174585903216,75.22816588444606,-191.94714652656168,77.5941866584231,-189.90147624229036,14.355811152733114,2.4193233507510237,-0.001024883002368589,0.016724302987281003,7.737881187967213,27.706445287313766,3.9802161312457773,0.3166673746639592
0.5305800926062761,77.44835536989915,-191.25106864426618,78.80337641211638,-189.48259722181172,13.54649730894714,2.429183575484242,-0.00015300660189917158,0.016621814687044267,14.963836376892186,-15.263750103197925,4.342364976911572,0.31929330407893053
0.5445427266222308,78.67828137550639,-191.00322628003124,80.00270093731302,-189.06371820133307,8.955758639445312,2.376955991154333,0.0002054532488182713,0.016606514026854313,-7.341311180729308,-11.08962509237537,3.3629129096612926,0.3220368579323427
0.5585053606381855,79.21328520175625,-191.16403168907195,81.1919264233205,-188.64483918085443,9.835228414111226,2.373330018131347,-0.00022397694894238997,0.01662705935173614,15.399374083853518,-8.67459955284054,3.446795778105224,0.3247954659624219
0.5724679946541401,79.80871946070047,-190.5701092825391,82.37082102827398,-188.2259601603758,12.675436923064503,2.5059249100200893,-0.0002758336866821356,0.016604661656841824,49.36540414421773,-33.15438293206721,4.313038001626924,0.32762373650196697
0.5864306286700948,81.08132942207085,-191.52331610757437,83.53915492433441,-187.80708113989715,14.67502987784105,2.567064593689412,0.000135008655982335,0.016577078288173563,33.04280852984553,-20.27311117786572,4.64224872937343,0.33060390277298346
0.6003932626860494,82.97723394270139,-190.2119107659196,84.6967003424938,-187.3882021194185,13.754533034557792,2.960273322481707,0.000890984916841658,0.016590579153771934,97.99667399805803,-98.73083992829767,5.492729247585591,0.33370183934289877
0.614355896702004,83.35389092633997,-189.96625086314114,85.84323161697932,-186.9693230989399,10.429171228704943,3.0310032234506297,0.001320239322438786,0.01667967764545608,25.228784049368098,-37.47267189085064,4.327622609125649,0.33687510679285637
0.6283185307179586,84.74458205287446,-190.10207442273946,86.97852522924731,-186.55044407846125,14.740422226198909,3.128345567871775,0.0010634107087922405,0.016811701577700067,49.22922631392135,-25.750636440224294,4.980533085933444,0.34009323245201806
0.6422811647339133,85.80914927500655,-188.96992352708256,88.10235985155859,-186.1315650579826,12.53053481082832,3.3414669722012325,0.001806954882494308,0.016918042648579323,59.544143363582464,-66.25990309926314,5.199963111499721,0.34339315195108133
0.6562437987498679,88.25891461661075,-188.54884075802565,89.21451639012676,-185.71268603750397,13.234570648714366,3.326720368322424,0.0018653509787357504,0.017098738136828828,18.586817942940932,-11.799510560598021,4.712337132703726,0.346847973153003
0.6702064327658226,88.92374115251461,-188.85456245261997,90.31477802783104,-185.29380701702533,6.788333982391389,3.31779883397749,0.002024187158267259,0.017285273234702192,2.818013387465391,-29.909734829317433,3.849911560106912,0.3503624088162258
0.6841690667817772,89.86844216977451,-188.43214351277905,91.40293026648509,-184.8749279965467,10.293290932708741,3.484891876161624,0.0009913380887346876,0.017487691950528905,63.656748281009946,-44.61264273157984,4.688695881244104,0.35400998966462227
0.6981317007977318,91.44342476040507,-188.66964184109537,92.47876096865393,-184.45604897606805,10.099903859132938,3.612365803034756,0.001141563730956004,0.01758682575940229,47.59104247105811,-45.44773960823717,4.756373828521721,0.3577859700104633
0.7120943348136864,91.79253516918607,-188.20282827610143,93.54206039901054,-184.0371699555894,7.80258363109534,3.875271242624807,0.0013395070043197021,0.017700982132498044,72.4109626353565,-80.2775823216264,5.085672749364452,0.3618151168380228
0.7260569688296411,93.29466118679365,-187.13257118907327,94.59262126522417,-183.61829093511076,11.600985454567011,4.064123010279359,0.0010599126598929644,0.01783493283293014,72.31745890608774,-51.55242819484332,5.37200751825271,0.36598504031013634
0.7400196028455958,94.37916613588783,-186.47255023630044,95.63023875837234,-183.19941191463212,8.53135824816685,4.045998450352295,0.0017483569274067982,0.017940924098919453,12.950921096327825,-24.10180023486621,4.574348529679816,0.37029722590926184
0.7539822368615504,96.10209205329436,-185.55187207719354,96.65471059286888,-182.78053289415348,8.94793282786604,3.9749085816769854,0.0013932615878057008,0.018115759791660135,9.508021105546884,-4.6497652298437835,4.336945310977653,0.37480604619930347
0.7679448708775051,97.28737522672473,-185.83399189788,97.66583704589974,-182.36165387367487,5.504714626827608,3.8116884010320637,0.0011980940402130098,0.018255085950440897,-19.853393266808535,6.414674305599867,3.552856679907068,0.3794217012450254
0.7819075048934596,97.48727819883393,-185.14626656046715,98.66342099635946,-181.94277485319623,5.472659277097495,3.84333510816768,0.0003649411375925342,0.01837489535446224,28.849545998478963,-26.740345121920882,4.1273565449288645,0.384255959368379
0.7958701389094143,97.54480700635105,-184.2417283492755,99.64726796328034,-181.52389583271759,9.114024230562526,3.8026795193378886,-0.00014664541259834822,0.01841138946822163,22.191100229480757,-2.60976952136357,4.21747856802737,0.3893006797729872
0.8098327729253689,99.06165518219333,-183.79222252621423,100.61718614374675,-181.10501681223894,12.492384077420201,3.653598582703184,0.00027466167193398495,0.01839672492696165,-1.6525017031897795,20.644309068740522,4.390725774912676,0.3946279797969563
0.8237954069413236,100.77588186560592,-183.25443108683538,101.57298645028764,-180.6861377917603,9.097126577912746,3.53558987433186,0.0011537139744927693,0.018424191094155162,-11.615517578406768,-1.0209727310269783,3.9943143486355592,0.4002145197839968
0.8377580409572782,102.68954643895933,-182.6633058702644,102.51448254773943,-180.26725877128166,6.2680445496999715,3.4224818124135137,0.0008898455131299925,0.01853956249160449,-10.169671464574355,-0.4296876246387771,3.45628858383175,0.4059763591935943
0.8517206749732329,102.99794361363895,-182.72352131793565,103.44149088957245,-179.84837975080302,2.307063205230394,3.303733599492106,0.00012631890305187063,0.018628547042917276,-15.001517440830005,-1.5300935942024438,2.9136282389546118,0.41187764030990737
0.8656833089891874,103.81364412882064,-182.40027919887234,104.35383075367368,-179.42950073032438,6.075568208143411,3.30982348872722,-0.001026170073042483,0.01864117893322259,29.10730712204403,-9.63850241851178,3.562162484800272,0.418043178774258
0.8796459430051421,105.4139404972354,-181.74064857690226,105.25132427757893,-179.01062170984574,5.596863608323591,3.3363728169945035,-0.0009618418906283193,0.018538561925918184,23.729290974006066,-23.762741149315804,3.6819427077356592,0.4245341123085762
0.8936085770210968,106.48836578492717,-181.56270057643906,106.13379649314741,-178.5917426893671,2.340183745832955,3.3054428496042227,-0.00103847051335951,0.01844237773685542,4.887987142150217,-18.21453345342131,3.2301394619124575,0.431401201961064
0.9075712110370514,106.30577938589435,-181.1935748739382,107.0010753606722,-178.17286366888845,2.1486851378161202,3.334987788795584,-0.0016700665427332828,0.018338530685519494,24.685457466091794,-24.042814782206435,3.4283910758332232,0.4385353714455058
0.9215338450530061,106.91893540310313,-180.97953024705782,107.85299180241962,-177.7539846484098,7.014147541033802,3.367582384335114,-0.0020600333132896635,0.01817152403124611,37.48787834420672,-12.823418600178458,3.7715576598270797,0.44596411352119336
0.9354964790689606,107.02060582720439,-181.06951809508732,108.68937973559142,-177.3351056279312,6.945911621008978,3.4408887368823393,-0.0013243011131861791,0.017965520699917192,35.12058334906479,-33.014149613798146,4.051703831591855,0.4537571681631176
0.9494591130849153,107.7374821139699,-179.93384745005633,109.51007610470278,-176.91622660745256,10.343911923223638,3.6230216789322323,-0.000827491322141725,0.017833090588598388,67.19666045579433,-48.60032294127615,4.842240436389672,0.4619055199565154
0.9634217471008699,108.57375355713218,-179.03792993580646,110.3149209133704,-176.49734758697392,9.911749635152898,3.58815060603337,0.00010808830388600566,0.017750341456384433,12.861995274311267,-11.809584048437191,4.295663170410426,0.4703127126447466
0.9773843811168246,110.34690420011475,-177.86042466665631,111.10375725550418,-176.07846856649527,9.756885318121368,3.452185911189513,0.00047544866703995935,0.017761150286772942,-8.392763761215974,10.675081600984061,3.893498466703336,0.4790197839000099
0.9913470151327792,110.9774534822971,-176.94564058931957,111.87643134589618,-175.65958954601663,5.072973589384875,3.203305310235476,0.0005127104329327102,0.01780869515347705,-44.20398556170349,24.8847511482198,2.6801359140766285,0.48800110345957304
1.0053096491487339,111.20992334224225,-176.34858734456438,112.63279255020151,-175.240710525538,6.688482011930095,2.914189765448274,-0.0004823609586189435,0.017859966196770216,-39.739615302847014,49.45403363165139,2.37632782926029,0.4973329145548284
1.0192722831646885,111.35864768909606,-176.63778069653745,113.37269341430478,-174.82183150505935,8.663278842072893,2.635553932876475,-0.000863459792963495,0.017811730100908196,-38.20825426077274,49.85776874177647,2.647368085112469,0.5070688998931114
1.0332349171806432,112.26136312706926,-175.1572535145423,114.09598969306644,-174.4029524845807,10.946796941415474,2.5476363091819456,-0.0007883410590246942,0.017725384121611842,2.047850392051677,11.365004642790687,3.533765468117309,0.5173342975488109
1.0471975511965979,114.2781139901599,-175.5548287106905,114.80254037844388,-173.98407346410207,9.418141929636448,2.2648458444126476,-0.0005685214897048204,0.017646550015709472,-49.1769739285529,44.85917878026089,2.798916442778317,0.5280911303069669
1.0611601852125523,115.04939418336555,-175.98016831220758,115.49220772698096,-173.56519444362343,3.654639453356304,2.2119729683612843,-0.0006915396824523669,0.01758969786673914,-11.62122119661376,-13.188582022138402,2.3308084688527346,0.5393186974990547
1.075122819228507,115.67216071681133,-175.64972080370225,116.16485728666164,-173.1463154231448,4.601329427722286,2.345980879904039,-0.0014104165312174553,0.017520543898494,43.63930148832932,-37.612575583750285,3.0454852046372434,0.5510290384778136
1.0890854532444616,116.24685386325577,-175.6504784331648,116.82035792312148,-172.72743640266617,4.542640909071574,2.47245625013655,-0.0016681562656005958,0.017379502245372436,40.45847031384112,-39.00514031371001,3.1397616064149236,0.5632846224587302
1.1030480872604163,116.72300974431818,-174.73131146933412,117.45858184521255,-172.30855738218753,4.888889693188731,2.6705565912854734,-0.001748281212393395,0.017212686618812256,57.52311580598738,-54.12339055599656,3.554816593471754,0.5761749831833267
1.117010721276371,117.25491361237869,-174.51995295552427,118.07940462991671,-171.8896783617089,5.429425279827644,2.7115407640867946,-0.001775124745947441,0.017037858497572778,25.406819127793824,-20.970112824864355,3.1487594071363514,0.5896858003926533
1.1309733552923256,117.73086265491358,-174.04763998283542,118.68270524660196,-171.47079934123025,5.653424934899016,2.790403030485157,-0.0016740218946800368,0.016860346022978145,33.07744494415952,-30.03625463835332,3.3668867985603974,0.6038330288032734
1.1449359893082802,118.41831695816114,-173.33722961184716,119.26836608061771,-171.0519203207516,6.104021601859197,2.8404824669028077,-0.0015715253248992814,0.016692943833509943,27.91514116114835,-23.735476451913197,3.3672322577819758,0.6186470469819572
1.1588986233242349,119.16916560874802,-172.95028298262346,119.83627295622397,-170.63304130027296,5.4147152461304255,2.816430585626401,-0.0014650320293680677,0.01653579130102001,9.615418050686655,-10.761387215245792,3.0533970650566977,0.6341528115612975
1.1728612573401895,119.15940648489297,-171.9506775618173,120.38631515885005,-170.21416227979432,4.639125080339215,2.8045980363296326,-0.0015165120723643624,0.016389288098083377,11.837722957941496,-13.527146976294791,2.9946301153504447,0.6503900139323653
1.1868238913561442,119.5847808418417,-171.58948347007467,120.91838545667875,-169.79528325931568,7.289526766554954,2.674300594820526,-0.0017393712302401058,0.016237636890847007,-5.608285629269814,20.06613625706477,2.7820373150698288,0.6674001738044781
1.2007865253720988,121.03490099014435,-171.11490216546096,121.43238012155123,-169.37640423883704,7.097647318541757,2.581138421454067,-0.0014792265577294066,0.01606369976782318,-4.910228317557577,6.307379895260359,2.8829399546502,0.6852430716606168
1.2147491593880535,121.96055810776092,-170.7159530925023,121.92819894918917,-168.9575252183584,2.6898928370187187,2.5017502041875357,-0.0013914316186026112,0.01591577711205039,-12.52048506370744,-6.190669572997516,2.335006752778931,0.7039818236003388
1.228711793404008,122.48542185573078,-171.38517332075992,122.40574527872967,-168.53864619787976,1.6169723419074087,2.4430352740411467,-0.001989390423429071,0.01577663395018991,-1.0112143026808091,-2.6727421231540447,2.222353916586203,0.723615978022818
1.2426744274199626,121.67841123700626,-170.57875422827928,122.86492601156964,-168.11976717740112,1.6617098398236592,2.6283993138708333,-0.0023523739603347154,0.015577694907847217,53.614036045805555,-52.195018354897805,3.287385083221066,0.7442122951457706
1.2566370614359172,121.17061895295396,-169.7966045384585,123.30565162951535,-167.70088815692247,7.4189886343134255,2.6871911042807968,-0.0026033932935169077,0.015342457511813734,41.065828077709654,-12.425053305210685,3.306058744136257,0.7658902720002296
1.270599695451872,121.65427907630132,-169.93830243563886,123.72783621223437,-167.28200913644383,10.388779304835175,2.652284073146652,-0.0019135478544104667,0.015082118182462079,15.167156927594009,1.2935973347057574,3.58643975928704,0.7886783446600756
1.2845623294678266,121.2825131541825,-169.88097914967332,124.13139745400575,-166.8631301159652,9.370290910136497,2.753422122160625,-0.0010124474525653633,0.014890763397021,35.01583980780199,-36.98365284022046,3.948771993018609,0.8126177527573946
1.2985249634837812,121.92223566651641,-168.43711914448727,124.51625667976582,-166.44425109548658,13.146194550499397,2.922138154272586,-0.0005595489839417198,0.014789518651764588,61.47020366612299,-40.80025640389587,4.718919040170774,0.8376666915344839
1.3124875974997359,123.80511577148685,-167.1759273800752,124.88233886044594,-166.02537207500794,10.93717808252662,2.8107160587912032,0.0002609446822110367,0.014733563753370316,-11.596532685409013,4.5412723972695845,3.8182109483178026,0.8638553356896388
1.3264502315156905,124.8297201572181,-166.17050073504495,125.22957262759965,-165.6064930545293,4.232927242942209,2.5804015929667914,0.00022438200237160974,0.014759658221591199,-48.63633379499913,19.767420338507996,2.119481407592071,0.8912778038601097
1.3404128655316452,124.76706177734708,-166.00325648636166,125.55789028731603,-165.18761403405065,2.4788498485465924,2.3362756428987437,-0.0009332518476958977,0.01478209642182815,-41.78601075847352,35.16626792489517,1.22323260476423,0.9199433997956348
1.3543754995475998,124.03310026634746,-166.55428282573246,125.86722783341679,-164.768735013572,4.630210550139024,2.148012983565608,-0.0018564974447477954,0.014688771237058695,-22.130528953260047,33.70048269936475,1.653604734423167,0.9499791956613137
1.3683381335635545,125.06917401682477,-166.59686607889617,126.1575249599344,-164.34985599309337,8.98912058855008,2.160896914891146,-0.0020368258281634882,0.014503121492583926,25.394149953380197,-2.9754042388161857,3.0614829640520917,0.9815322725477138
1.382300767579509,124.66831093858593,-166.68247696916353,126.42872507286886,-163.93097697261473,4.457458531896624,2.269581972474062,-0.0015474437644057235,0.014299438909767481,25.302284778302703,-44.357847023329995,2.9925480448909485,1.014605850151714
1.3962634015954636,124.95007416185875,-166.3263259578597,126.6807753012208,-163.5120979521361,8.578920652829925,2.4761428168799533,-0.0017411140828454286,0.014144694533326785,67.14084155452484,-45.853135154365496,3.7551718898717916,1.0491418554454182
1.4102260356114182,125.29886991921141,-166.94504263469463,126.91362650729879,-163.09321893165747,7.397169258871047,2.652013431016522,-0.0012335670111940425,0.013970583125042069,49.50399745291901,-52.62579834168962,3.782660288231184,1.085076819781519
1.424188669627373,125.44149531730524,-166.8086868754076,127.12723329629884,-162.67433991117883,7.105261808398151,3.047960314491415,-0.0009112633361229149,0.013847226423922443,99.83383980660905,-98.89828992236603,4.645623143488911,1.1224674840534048
1.4381513036433275,126.53383409035868,-166.34708397810928,127.32155402515417,-162.2554608907002,7.418835221289687,3.425500767041107,-0.0006163010168691804,0.013756100090310142,99.60133503227758,-95.74203120132834,4.926102679885323,1.1612147812126468
1.4521139376592822,127.11333391870913,-166.3510762901101,127.4965508106537,-161.83658187022155,3.06732787615093,3.7005680362002766,-0.0002865858456386549,0.013694469988623226,68.72369827697094,-86.89911681339507,4.6120985189819255,1.2012887740836433
1.4660765716752369,126.45236237945834,-165.53286011516704,127.65218953682734,-161.4177028497429,2.1307984213598163,4.0209985926631004,-0.0008681308762460726,0.013665811404059536,87.79776134658147,-90.46639576957894,4.962714869836653,1.2426224341475134
1.4800392056911915,126.96873152459185,-166.21105981270165,127.78843986159704,-160.99882382926427,6.0291871937440735,4.163405438687884,-0.001452164971730295,0.01357899831643472,62.790303745503536,-42.55830285774244,4.726794694098857,1.2851199778372528
1.4940018397071462,127.1318065325451,-165.55602995126264,127.90527522269203,-160.57994480878563,3.3306080733717733,4.558492798390966,-0.0007024628898693383,0.013433781819261803,102.54280779226156,-112.93019610990008,5.708464792374506,1.328757165917719
1.5079644737231008,127.02144044626307,-165.48969116161194,128.00267284282714,-160.16106578830698,3.6296003228124865,4.794312389382185,-0.0009219929721492766,0.013363535530274806,77.53105547673348,-74.06248392083847,5.464800677971715,1.3733962198933538
1.5219271077390555,127.22255326525999,-165.3089463596074,128.0806137341434,-159.74218676782834,4.453426378429523,5.065786345273352,-0.0008976146954184541,0.013271336233060094,87.82127390133637,-81.74307178236707,5.8442839433348075,1.4187445048779441
1.5358897417550101,127.53579799270194,-165.4365080616942,128.13908270190956,-159.3233077473497,3.6059606789338936,5.3340740764800145,-0.0005884958071652789,0.013181574763518444,84.81202095774566,-86.46289072353883,6.055402200085101,1.464720966158004
1.5498523757709646,127.88612638347912,-165.12991138496923,128.17806834748455,-158.90442872687106,2.553633970396399,5.683919677983842,-0.0005518094526267043,0.013122725182801886,103.33698399156526,-106.05190449280302,6.563579179461176,1.5111080872765532
1.5638150097869192,128.04626577680602,-164.75409245546345,128.19756307053947,-158.48554970639242,1.2673574732391606,5.976869588591219,-0.0008256228023080785,0.013067544237539419,92.48860548186038,-96.42338347465551,6.6516565550084765,1.5576736016120947
1.5777776438028739,127.59094371614556,-164.64629479995716,128.19756307053947,-158.06667068591378,0.8269578388471635,6.207886279695268,-0.0014060457497074845,0.012984981957308683,82.75935527361062,-82.83579744590722,6.6891330376169025,1.604235447312182
1.5917402778188285,127.93811728625339,-163.99802177619551,128.17806834748455,-157.64779166543514,2.973456888244965,6.463969305889574,-0.0018579083611251262,0.012844377382338124,95.5645228429936,-83.3621609284329,7.023087743766239,1.6506153692414207
1.6057029118347832,128.35696842199198,-163.31127154913213,128.13908270190956,-157.2289126449565,0.6563030209173957,6.593569258426951,-0.001382041907218365,0.012658586546225425,59.43666936497691,-68.00300804373813,6.77209166571993,1.6966402357992365
1.6196655458507379,127.74162424830635,-162.4211454689458,128.0806137341434,-156.81003362447785,-1.046970620201352,6.620420487106335,-0.0020123896893759034,0.012520382355503568,39.38302494847726,-45.42510753355122,6.507108917672957,1.742104065330964
1.6336281798666925,127.57170033522011,-161.30630293005146,128.00267284282714,-156.39115460399924,1.8122040494849991,6.516794288369828,-0.0030834184474588305,0.012319143386565923,22.168681279037415,-6.820284185668828,6.0356388394303675,1.7867361070001353
1.6475908138826472,127.53501824252511,-160.97364100274132,127.90527522269203,-155.9722755835206,1.436187210293145,6.2657686672260295,-0.0027128391598940475,0.012010801541820104,-17.57950866495006,18.04382937497154,5.344447580348314,1.830487720961914
1.6615534478986018,127.27399703996426,-160.12371169423366,127.78843986159704,-155.55339656304196,1.1505975919703118,6.096545522633433,-0.002619425638666956,0.011739517625830587,-1.260967065200351,2.0236872178610965,5.42616552485315,1.8732649479118368
1.6755160819145565,127.1124054216445,-159.80177499110684,127.65218953682734,-155.13451754256332,1.7639732895372717,5.863672940525051,-0.0027169625496760667,0.011477575061964007,-13.799072421431873,18.74240822336338,5.003507554480668,1.914808261790009
1.6894787159305111,127.83205150491844,-159.1297218557722,127.4965508106537,-154.71563852208467,1.6533283976582482,5.709399611966431,-0.0025429788254944007,0.011205878806996417,0.06801774495231878,1.4874562472266117,5.100622693496774,1.9550530708912603
1.7034413499464658,128.52211540591475,-159.21214963628927,127.32155402515417,-154.29675950160603,-2.5115293355875106,5.533244879009807,-0.002509711665249418,0.010951580924447146,-15.168373811967788,-2.61572031921808,4.859849050498696,1.9939487076043498
1.7174039839624202,128.04250212509004,-157.58961232136616,127.12723329629884,-153.8778804811274,-5.630242533466731,5.524241697553908,-0.0037255023130357895,0.010700609757922308,21.826047617286548,-35.446856493624196,5.513630702127041,2.0314195583505006
1.7313666179783749,128.09313525875197,-157.33912115472,126.91362650729879,-153.45900146064875,-3.796424090838998,5.230851878892798,-0.005554294259483386,0.010328059526618638,-27.89260404946205,37.24696895467398,4.282091339885245,2.067450749476685
1.7453292519943295,128.70558236492957,-157.38849655050703,126.6807753012208,-153.04012244017014,-5.520959577067854,5.042776719608974,-0.005902798615765167,0.009772630100670199,-15.3492127119442,8.046120925834847,4.52505807668132,2.1021556224188522
1.7592918860102842,128.36722115995008,-157.1027782010242,126.42872507286887,-152.6212434196915,-9.10049380753139,5.012664284646351,-0.006469248515947668,0.00918235023909375,12.909606140311272,-29.399796041272566,5.283065543950829,2.1355989797043744
1.7732545200262388,126.84724603636029,-157.05657230692435,126.1575249599344,-152.20236439921285,-7.953615707459011,5.022753357727708,-0.007779607158395666,0.008535425387499185,32.252103971603574,-26.93333202833169,5.375575571540852,2.1676490112675575
1.7872171540421935,125.94594869343017,-157.16190606962513,125.86722783341679,-151.7834853787342,-2.464244593963641,5.120539460129881,-0.008154875169193939,0.0077574646716596085,61.51768978337458,-35.33332575435228,5.363383393936175,2.198354170185068
1.8011797880581482,125.27446962059477,-156.82795460306014,125.55789028731603,-151.36460635825557,-0.9590634747088089,5.329032248137082,-0.0067529617811979996,0.006941977154740098,76.88203706418261,-68.60711226200846,5.810273080501591,2.2278238213046535
1.8151424220741028,124.61281454563438,-156.23028461669983,125.22957262759965,-150.94572733777693,0.25162507318228333,5.507756628688631,-0.005541566637917784,0.006266680976620087,71.20218391574801,-63.9978820096956,5.882398604346797,2.25600582209365
1.8291050560900575,124.71451554759003,-155.1811134657419,124.88233886044594,-150.5268483172983,1.3884089128170491,5.595321369358142,-0.004530823141047661,0.005712524312828204,52.64897103036267,-45.528221148125716,5.709801132929748,2.282768517681669
1.8430676901060121,123.59897496780314,-155.13909016968842,124.51625667976582,-150.10796929681965,-1.1078959675780014,5.5033406827703395,-0.0036915622614365623,0.005259441998723524,6.099611993076155,-16.025456864725562,5.077016676882282,2.3081802583370745
1.8570303241219668,123.5162050867919,-154.0102718884019,124.13139745400575,-149.689090276341,2.88320811989789,5.526652504770989,-0.003938048796272831,0.004890285772579883,45.572692740784184,-25.129457009125236,5.475944899403293,2.3323124094191634
1.8709929581379212,124.77028179888673,-153.48687033026806,123.72783621223438,-149.27021125586236,0.4251087102308584,5.370403489320607,-0.002927004395225529,0.004496480892952626,-7.847040748502584,-1.6383303494539734,4.744782664507095,2.3552344009091364
1.8849555921538759,124.85867371251636,-152.7250755944311,123.30565162951537,-148.85133223538372,-6.829502993590275,5.2264303017015505,-0.00312196246481884,0.004203780453430284,-17.6973042669416,-15.09154685122693,4.861414913598376,2.3771072436008964
1.8989182261698305,124.3387698012449,-152.40227276048154,122.86492601156964,-148.43245321490508,-7.6525225117167235,5.03462292354013,-0.005418940141530721,0.003891584206948462,-14.192686451745896,10.616842760196747,4.733036740638933,2.397857118001495
1.9128808601857852,124.61391780346564,-151.73813514526367,122.40574527872967,-148.01357419442644,-7.172482382339078,4.9107270564841725,-0.00685314522415065,0.003349690192795407,2.1950207869090246,0.2257592763335113,4.795545736236835,2.4176555460146822
1.9268434942017398,124.21960636944266,-151.44417776580138,121.92819894918917,-147.5946951739478,-10.81911236813418,4.756379815710844,-0.007501154207946316,0.002664375670380359,-14.903790040422336,-2.2435933078619508,4.937730304513826,2.436762254845548
1.9408061282176945,122.6008140948135,-150.5695284861533,121.43238012155122,-147.17581615346916,-10.442297876616227,4.668497027530665,-0.008757712125724886,0.001914260249585631,7.679381792738353,-6.404457676584549,5.097797662772265,2.455138816016838
1.9547687622336491,121.81896106413551,-150.39500457446633,120.91838545667875,-146.75693713299052,-5.435617349105563,4.495526950013926,-0.009368343941755713,0.0010384890370129796,-0.1272280301673426,23.467773055887484,4.167303558492903,2.4727525881068217
1.9687313962496038,121.18444992514497,-148.35958313419917,120.38631515885005,-146.33805811251187,-5.4049483913587375,4.417914847071164,-0.00828441779327383,0.00010165464283762304,7.957093230891608,-7.3990380784087675,4.302474739623225,2.489708409158018
1.9826940302655585,120.7991212121722,-147.85020952918234,119.83627295622395,-145.91917909203326,-5.136898497911116,4.027032026369185,-0.007811479426890981,-0.0007267871364895484,-59.17213593741439,60.845881124263535,2.7880374869339164,2.505983605942008
1.9966566642815131,121.49503965335573,-147.71782660994398,119.26836608061771,-145.50030007155462,-6.03897716339095,3.6955055817226663,-0.007333384943893846,-0.0015079350791786794,-51.418595081931436,47.480228448451406,2.804511674396914,2.5214485534254365
2.0106192982974678,121.19359791691517,-146.84865245891842,118.68270524660196,-145.08142105107598,-11.785184115850573,3.471873759054933,-0.007098300314416592,-0.002241273573567959,-41.73789911635376,14.513278496931084,3.85484877605351,2.5362021016575174
2.0245819323134224,119.48905994936774,-146.98330685909787,118.0794046299167,-144.66254203059734,-11.901134619803013,3.196137544506815,-0.008053251978945736,-0.0029511036050098305,-41.35778454222937,39.79250307677,3.8049019216795257,2.550279441734662
2.038544566329377,117.97489596168305,-146.6356208892169,117.45858184521254,-144.2436630101187,-6.77214174260676,3.108540278990298,-0.008332641287229886,-0.003756428802904388,9.877355082215681,13.410631768251116,3.4100571477180743,2.5637385908375787
2.0525072003453317,116.96544675907228,-146.00521821538544,116.82035792312146,-143.82478398964005,-3.8707690392833003,3.056149104752395,-0.007508592194820557,-0.004589692931627365,12.096466144144348,1.523385089298863,3.038710607890863,2.5767303460481354
2.0664698343612864,117.66036737128879,-145.1733363594003,116.16485728666164,-143.4059049691614,-2.904397008260977,2.9717832230632086,-0.006534045151556532,-0.005340552151109623,0.6313942041819893,4.309402571348003,2.7198111800877713,2.5892170990066354
2.080432468377241,117.80603032599309,-145.05561326061377,115.49220772698095,-142.98702594868277,-9.51781880744222,2.8137249990493407,-0.0058396776387974305,-0.005993956666265454,-33.57521180034177,2.6260666926921274,3.079102053394296,2.601116691312324
2.0943951023931957,117.10587048602169,-145.26771045018683,114.80254037844387,-142.56814692820413,-11.879273869425164,2.748770976892808,-0.00642536923127312,-0.0065779244301453765,-4.954511544169047,-7.033536594618475,3.899800074350058,2.6124405826063395
2.1083577364091504,115.40068342570045,-145.72796232367685,114.09598969306643,-142.1492679077255,-11.33848115972952,2.8455046619578566,-0.00700320353036832,-0.0072204613532727,36.059142171028405,-34.69733729166121,4.3340588688242,2.6232417119300777
2.1223203704251046,113.19179921391648,-145.45405036628847,113.37269341430478,-141.73038888724687,-6.864882011137786,3.1307712733779636,-0.007203470408858805,-0.007920781706309388,86.49533269532482,-66.30653779981294,4.482559187113002,2.6336715052347603
2.1362830044410592,112.97185211223477,-145.5707529905448,112.63279255020151,-141.31150986676823,-1.0929727421835898,3.3814206600740304,-0.006720863654738957,-0.00864112874719547,84.20107892869325,-56.940806862148456,4.180087348398729,2.6437511815497565
2.150245638457014,112.24162630099106,-145.07567746780285,111.87643134589618,-140.8926308462896,-4.949242742614032,3.7121586883415256,-0.005386696928008028,-0.009313215112669582,80.52054298409548,-97.9211975417436,4.804661637607461,2.6534636569805947
2.1642082724729685,111.82432689171995,-144.5760135474514,111.10375725550418,-140.47375182581095,-4.2896827143129395,3.9453764727637677,-0.005509981337901531,-0.009851884805470501,71.93341115974175,-68.4877055648643,4.740513218956336,2.6627600654691097
2.178170906488923,111.27759940758482,-143.24096888634745,110.31492091337041,-140.0548728053323,-6.195679214720263,4.103688254584404,-0.005536363195559599,-0.010402882939260838,51.14609670470676,-59.722002418384186,4.766447316138766,2.671573497738839
2.192133540504878,110.79820302747238,-143.22573600054739,109.51007610470278,-139.63599378485367,-6.989682447653493,4.0054205279443025,-0.006175214437242056,-0.010956519258816577,-0.5915967638213356,-3.008591587949968,4.014970000961541,2.6800668443346902
2.2060961745208325,110.42509030331298,-142.3734499552133,108.68937973559142,-139.21711476437503,-8.393602959597308,4.0232004839304665,-0.006621792907121816,-0.011574040702540866,22.214844030823123,-28.886882095349403,4.529478986756832,2.688246528641863
2.220058808536787,110.24579078727633,-141.584807707505,107.85299180241964,-138.79823574389638,-10.250297755767521,3.9325804959306754,-0.007264330335395497,-0.012236219993253084,-2.1983327134804287,-6.882065018255564,4.404298735905655,2.696188945109979
2.234021442552742,108.33102797518107,-141.54134954349075,107.0010753606722,-138.37935672341774,-12.974859091414842,3.772239854058078,-0.008042126269857178,-0.012962653026792559,-19.968362232724008,6.394816686149692,4.561040913106222,2.703889109696064
2.2479840765686965,106.4607689475678,-141.7796271949075,106.13379649314741,-137.9604777029391,-7.452964172707179,3.7411150914139095,-0.008905767283950157,-0.013766865653778382,26.181585841500638,-1.0805843335851322,4.201246163234856,2.711380015374787
2.261946710584651,105.34717871506699,-140.6623798490673,105.25132427757893,-137.54159868246046,-4.124654497984576,3.8753343328323386,-0.008109486561007769,-0.014657442382173258,56.77387756495608,-41.09281156586624,4.407226121051494,2.7186877934263958
2.275909344600606,104.92762642030958,-140.64485097753155,104.35383075367368,-137.12271966198182,-3.9189751511995525,3.8148455626030144,-0.00708689791257193,-0.01546839103827402,8.64333571989086,-7.16412540633475,3.6764023735769484,2.7258328931704607
2.2898719786165604,104.69025497154168,-140.2091534754126,103.44149088957244,-136.70384064150318,-6.27523819314627,3.8589252200306015,-0.006388175144321828,-0.0161770808295314,24.735128849162205,-35.416677300948585,4.211907084018096,2.732660494340312
2.303834612632515,104.39835237372607,-138.93080919604168,102.51448254773943,-136.28496162102454,-8.958624439078891,3.887431405100906,-0.0065245053942013485,-0.016815898343963465,20.683776793197303,-33.345120665775674,4.487010959449939,2.739158489708366
2.3177972466484698,103.50633512424528,-138.2850847312971,101.57298645028764,-135.8660826005459,-11.378990540516204,3.7054903440680724,-0.0073219558848611555,-0.017468348883383555,-23.991037824555676,12.091976846228718,4.1683619932134315,2.745369182668579
2.3317598806644244,101.81084295763779,-138.19992423664922,100.61718614374675,-135.44720358006725,-11.119643917199978,3.51281395316214,-0.008201700030685141,-0.018200544471869584,-21.242039021358778,21.594400599955307,4.049784100420833,2.751385427345758
2.345722514680379,101.03877023172673,-137.92731049226836,99.64726796328033,-135.02832455958864,-7.792620104535809,3.443432492784909,-0.008460495529316155,-0.01902071447493814,11.404702665009788,3.536378434728136,3.8392839524759936,2.757282152742838
2.3596851486963337,100.75241532879375,-137.56407221730987,98.66342099635946,-134.60944553911,-9.553930308073799,3.421514996270543,-0.007887872905027868,-0.0198667640278698,9.394793199118594,-18.055160440921036,4.080503870523395,2.7630759070280515
2.3736477827122884,100.08106602616776,-136.9418688940273,97.66583704589972,-134.19056651863136,-12.473544701385881,3.414650362996839,-0.007886217022722252,-0.020655551318372378,9.612987523871409,-24.11259251274921,4.572472656610363,2.7687124473194213
2.387610416728243,98.09374414014256,-136.39595753681596,96.65471059286885,-133.77168749815272,-13.395013463344817,3.358664622740871,-0.00847535250500753,-0.02144417302064472,3.502154178099291,-9.040206500616419,4.667971897735272,2.774116046165968
2.4015730507441977,97.23411739458207,-136.13733935041856,95.63023875837233,-133.35280847767407,-8.701511089764024,3.2911760702516792,-0.008954299474798134,-0.02229170827114535,13.944116784642784,7.036716715653156,3.915305219541259,2.7793508041678088
2.4155356847601523,95.84607674306304,-137.30033851414424,94.59262126522414,-132.93392945719543,-10.621428611952553,3.2741190829770423,-0.00827118789643092,-0.02318713821862506,9.071620581166117,-18.692257214828512,4.152028028013868,2.784482419263509
2.429498318776107,94.72230301501955,-137.36472489716112,93.54206039901052,-132.5150504367168,-8.645089479694946,3.655918876238224,-0.008008168185606167,-0.024014257008268203,103.78128960504291,-95.23091646387304,5.311070824008134,2.7895061298474397
2.443460952792061,94.77368467748477,-137.19998239695852,92.47876096865394,-132.09617141623818,-8.881255434893282,4.073638871517969,-0.007652601843959843,-0.024815073826828904,108.64384205842556,-110.15560310332911,5.726354572950898,2.794311647698737
2.457423586808016,94.7830667808788,-137.30532477858586,91.4029302664851,-131.67729239575954,-14.119994711614423,4.457193896400399,-0.007722761275867464,-0.02558033401122506,91.823591167587,-117.06628823972733,6.470091973737074,2.798946580463568
2.4713862208239705,93.4384535541732,-136.5208363623758,90.31477802783105,-131.2584133752809,-18.03701080781786,4.887084770528879,-0.009250961477936154,-0.026352610138811627,106.65485204279815,-126.48458103567111,7.518692831871278,2.8034069717994363
2.485348854839925,91.95158783624713,-135.35292468920872,89.21451639012678,-130.83953435480225,-16.043803036403364,5.105240878888344,-0.01166544796344794,-0.02727770628660542,77.27308977064726,-69.61388255745337,7.079465916795684,2.807740410199828
2.49931148885588,89.25244593684786,-134.2466053817332,88.10235985155859,-130.4206553343236,-14.826698785205306,5.07045739610243,-0.01282432542129944,-0.028444251082950345,22.41576111664628,-18.027218833677583,6.256503581653906,2.8120974497789204
2.5132741228718345,88.15713990094989,-132.90614736591584,86.97852522924732,-130.00177631384497,-7.79192078000053,4.88641817949843,-0.013186078194197006,-0.02972668362508024,4.038168178046321,28.233397040345633,4.815525848756634,2.8165712187261196
2.527236756887789,86.6296664214088,-131.3956191722368,85.84323161697932,-129.58289729336633,-9.572356900587527,4.5358870061465595,-0.011380358834451994,-0.031045291444499856,-53.12402334919176,44.728523687600536,4.049464482043019,2.8210404195837793
2.541199390903744,85.32011742823012,-131.108781751758,84.6967003424938,-129.1640182728877,-7.300038068205163,4.058419547120812,-0.010731456853963896,-0.032183327327945044,-72.86248005663256,83.32549083643845,2.9523550660805964,2.8254293806044677
2.5551620249196985,84.09268366589998,-130.1679798274412,83.53915492433441,-128.74513925240905,-7.081506782143677,3.706619051473898,-0.009515269816187784,-0.03325647301334156,-53.27187494840204,54.269743438236276,2.959498826661531,2.8295251850640355
2.569124658935653,82.89157349163199,-128.83947955669305,82.37082102827398,-128.3262602319304,-6.786920679474333,3.336342325078015,-0.008646152673817119,-0.03420799999496049,-59.017430769347435,60.33067203522675,2.5212580215719345,2.833447146613869
2.5830872929516078,81.27247687012927,-128.9438097965823,81.1919264233205,-127.90738121145178,-6.63214345946123,2.8988160506747023,-0.007989360542283984,-0.0350726152623424,-75.87150483299159,76.48282777743508,1.9384549213281612,2.8371419809653666
2.5970499269675624,81.27901615809864,-127.89429578456469,80.00270093731302,-127.48850219097314,-4.692341108860672,2.6356379825774234,-0.007330164244316872,-0.03587155131657083,-36.65852270500923,45.679367318956345,1.931385809853433,2.8406476617859244
2.611012560983517,82.16112794189445,-127.33992093704809,78.80337641211638,-127.0696231704945,-10.686051864662817,2.2631174087739057,-0.006630100884101401,-0.03660456774100229,-80.32619347848485,51.910458092682134,2.6093825078520965,2.8439885202003
2.6249751949994717,81.16996852630946,-126.75240952621205,77.59418665842308,-126.65074415001585,-19.048972756442744,1.860028396570855,-0.006925083783957327,-0.03726757782941226,-95.20338162616993,54.32102903222646,4.6186488641657055,2.8471672552214358
2.6389378290154264,79.38564435181267,-126.31270087946831,76.37536741017152,-126.23186512953721,-18.154871981778086,1.5042727404945802,-0.007711484714627352,-0.037960086207808,-66.14403844999279,67.64101623683446,4.822775791158112,2.850182568656715
2.652900463031381,77.16516751985746,-125.62287984318124,75.14715627858907,-125.81298610905857,-15.735853643018427,1.2401491614998041,-0.007652163891549235,-0.03873123467927053,-44.8493807313409,53.67461845113001,4.267844420620839,2.853136610465853
2.6668630970473357,75.88068985007135,-125.10001735561836,73.9097927058694,-125.39410708857993,-11.654106511249246,1.0005559297142608,-0.0071658047927836005,-0.039496451068425475,-36.92896171642384,54.04324318987579,3.2634034615406713,2.856081031836829
2.6808257310632904,73.79571877270112,-125.32694558841837,72.66351791849273,-124.9752280681013,-12.382483202913264,0.7898121049835151,-0.0064300708145769376,-0.040213031547703615,-43.15552751144097,38.08903331668782,3.219591216849791,2.8589336407903563
2.694788365079245,72.0714342261323,-125.6914829750624,71.40857488019822,-124.55634904762266,-8.414688861083379,0.769650971861103,-0.005800822402558193,-0.04085603862916143,7.703364318451696,9.377743984357016,2.5084407491906666,2.861653990827012
2.7087509990951997,70.2936576310563,-125.17640821429988,70.14520824461769,-124.13747002714402,-7.291063440278308,0.9100352423945189,-0.005165387638181416,-0.04143612086941717,35.711324908671024,-31.428313789305797,2.4749349030145984,2.8642192848294163
2.7227136331111543,69.21800599299186,-125.06672541380729,68.87366430758,-123.71859100666538,-5.191271951049594,1.000705286408702,-0.004838160378884791,-0.041952659633235356,28.300523427457275,-19.132539013450646,2.0350950959580607,2.8666422002945247
2.736676267127109,68.91537689935242,-124.40537543852507,67.59419095909509,-123.29971198618674,-6.676728520330411,1.1382044290771667,-0.004542475474372748,-0.04243647567112374,30.57071529134801,-38.0430984172544,2.399814934052317,2.868924041266138
2.7506389011430636,67.63301167869315,-123.60197274925488,66.30703763502738,-122.8808329657081,-10.890933625073448,1.1997352044789018,-0.004551038453772238,-0.04289072321856091,8.435475856766804,-29.125142525822834,3.0212023217988206,2.8710974497462267
2.764601535159018,66.49787244311854,-123.46915752029412,65.01245526846782,-122.46195394522947,-9.926508575673216,1.1679862706639965,-0.00491762351294535,-0.04334582706393819,0.6771934865998596,2.49889704075221,2.8577891407003118,2.8731673043139025
2.7785641691749725,64.63394705631838,-123.96007473170522,63.71069624081372,-122.04307492475083,-10.967880018403049,1.2012032444044975,-0.0050069894015340975,-0.043837589415232525,9.75137709099474,-15.944456039402066,3.1308246121438703,2.8751656614188486
2.792526803190927,63.87878541377138,-124.64806789393388,62.40201433256689,-121.62419590427218,-8.282809656122943,1.4278990038610866,-0.005039112324669601,-0.044338288355386,60.26968338101116,-48.92473510551355,3.230766717019762,2.8771298661974782
2.806489437206882,62.329197402719075,-124.44728502679895,61.08666467385834,-121.20531688379356,-11.68155983392135,1.8809136548369196,-0.004851109870774536,-0.04484219958785296,95.98277180023581,-113.01917243581282,4.432659782125717,2.879033654618439
2.8204520712228365,60.94046341114578,-124.50517493353682,59.764903694710256,-120.78643786331492,-9.895411356364885,2.2840707298574356,-0.005341432097413278,-0.04532731057493056,99.92009598854132,-92.8133007159337,4.469608951051839,2.88087267867483
2.834414705238791,59.93250508241159,-124.62516148825098,58.436989075044465,-120.36755884283627,-10.116045127601724,2.7168604498372253,-0.005634001071343766,-0.04586145378467199,103.98970784757249,-105.9972917346275,4.836036669168461,2.8826262237396225
2.848377339254746,59.57992323713476,-124.79551993325407,57.103179694447164,-119.94867982235763,-11.680705574370863,3.189374050397878,-0.006049384132569762,-0.04642485389180617,111.79938053920175,-120.13242388958443,5.465762794195945,2.884363344813739
2.8623399732707004,58.536229097244046,-124.66312973174573,55.76373558169992,-119.52980080187899,-16.006244462943144,3.704058138020717,-0.006810419626523036,-0.0470297923050631,116.86543262074818,-138.50057355007553,6.503159708328157,2.886065416524307
2.876302607286655,56.64281390813037,-124.5893270688187,54.41891786408648,-119.11092178140035,-16.463396347832354,4.165757856744553,-0.008517443800754334,-0.047710834267715274,117.22485574034393,-121.13470249558507,6.912254691094931,2.8877458002567327
2.8902652413026098,55.7778171285997,-124.47208772369709,53.06898871648548,-118.69204276092171,-13.903556883537345,4.6064307948118035,-0.010022633191616663,-0.048562578647790566,122.42854068884792,-111.96185829259748,6.8956644863714045,2.8894400736778563
2.9042278753185644,55.04172668567129,-124.0660931156703,51.714211310259,-118.27316374044307,-16.856705298739456,5.013499694047678,-0.010634579457330871,-0.04956484196695232,104.81406424718088,-119.98471637250252,7.412121882228749,2.8912437827762894
2.918190509334519,53.98972262231824,-123.89432738921879,50.354849761946724,-117.85428471996444,-19.127048119416564,5.312624085335328,-0.012199869901114753,-0.05062829991268547,85.3018683414966,-97.67092878126617,7.78160515851991,2.893137627977561
2.9321531433504737,52.51926611340909,-123.27348487322547,48.99116908177593,-117.4354056994858,-20.114290870699133,5.597714528193926,-0.014066383697947863,-0.05184828690279675,86.78250948826461,-93.39685407452473,8.167203125413945,2.895033107587138
2.9461157773664284,50.534280258256764,-122.41185839630246,47.62343512199719,-117.01652667900716,-19.465948856671357,5.751518225882887,-0.015822303573258405,-0.05325492527259135,63.93393246568561,-62.88395311785888,7.944726989687243,2.897026319137325
2.960078411382383,48.30340719505052,-122.11877225348255,46.251914525055994,-116.59764765852852,-16.803922471547132,5.751293265416433,-0.01687016054038064,-0.05483715562991698,36.49527727089982,-25.71249759968183,7.22105967127665,2.89914809021562
2.9740410453983377,46.314095549775956,-121.34564526438166,44.87687467161022,-116.17876863804987,-13.484024673986635,5.794236075067956,-0.016573050122677246,-0.05652417168395507,47.52657331043233,-33.123101037271184,6.857460760773435,2.901388010325661
2.9880036794142923,45.51783269331379,-120.53265785936097,43.49858362840379,-115.75988961757123,-11.432487475776753,5.740490830792569,-0.015405556446918994,-0.058181476696222756,24.309891894881595,-15.312423047100586,6.255219702397618,2.903675867092433
3.001966313430247,45.06017023348028,-119.51517079838044,42.117310096006534,-115.34101059709259,-14.62470992653534,5.588300342750264,-0.014086243779826618,-0.059722032340914666,-9.37169187657971,-6.201392873322343,6.206186851087874,2.9058777039652837
3.0159289474462017,43.99684303582456,-119.50008595747128,40.73332335643041,-114.92213157661395,-18.15624328017141,5.303628550170801,-0.014325437405398355,-0.06113065671889739,-39.75126073959419,21.936653931904797,6.31011990299087,2.907906970210518
3.0298915814621563,42.55820984944363,-118.21957500330475,39.34689322063253,-114.50325255613532,-18.882461986585042,5.186623145095994,-0.015199613327653017,-0.06256320045943742,0.9520769236079494,-6.149895478612474,6.825714418616642,2.9097489199420368
3.043854215478111,41.02512484810421,-118.12883969397534,37.95828997591493,-114.08437353565668,-18.405178587823553,4.878169869027191,-0.015899484079771174,-0.06408316179220286,-38.10364994944331,38.46498284761947,6.185398452882648,2.9115597891279688
3.0578168494940656,38.987909067220436,-117.03214737348661,36.56778433323153,-113.66549451517804,-17.86583541388904,4.7308580474336,-0.015749599449489615,-0.06567311020017996,-5.114786521489065,5.7824174747946255,6.30787877583412,2.913403411458823
3.0717794835100203,37.75613757171974,-116.54274762445571,35.175647374412506,-113.2466154946994,-14.896659646867473,4.463367090055591,-0.015434593150652931,-0.06724807014512901,-25.951002995772516,38.237876829268934,5.372484603957931,2.9152626426910278
3.085742117525975,35.97824901324333,-114.72553565154735,33.78215049931636,-112.82773647422076,-16.305179291736337,4.237925738639681,-0.014211431999665214,-0.0687915294601944,-28.585597619198975,20.53708392709848,5.440025836151816,2.9170527449597685
3.099704751541929,34.47528251361434,-114.96833737619156,32.38756537291998,-112.40885745374213,-13.9297720247951,3.753250855559157,-0.013811136507358221,-0.07021267266016107,-76.65480043644676,86.28613688700958,4.273172928524162,2.9187573956578863
3.113667385557884,33.43226048491387,-114.52762871088964,30.992163872356905,-111.98997843326349,-14.047119555027885,3.530434275536847,-0.01248873103393169,-0.07159378631089686,-28.893979698402575,26.99026696739668,4.582874366813325,2.9202859211331447
3.1276300195738385,31.594146968030806,-114.7502477102685,29.59621803391454,-111.57109941278485,-15.648594712936017,3.344697780400038,-0.01156529602444732,-0.07284265941428991,-25.69273015166104,16.654952752192937,4.843169125316706,2.921720702346689
3.141592653589793,30.52913381551236,-114.13073775586561,28.20000000000001,-111.15222039230622,-13.355133287405225,3.3644788679120916,-0.011083300588077263,-0.07399918901673486,26.54274980520044,-17.398676716858887,4.946315216542053,2.9229695754500726
3.1555552876057478,28.920406265796114,-113.54802450981089,26.80378196608548,-110.73334137182758,-15.401357644788124,3.32369926160533,-0.010421587278373308,-0.07510751907554258,3.56371728108773,-14.628643174768158,5.0418794702276415,2.924072437489718
3.1695179216217024,26.55467603375223,-113.24693096479204,25.40783612764312,-110.31446235134894,-13.913289896850149,3.256034550609303,-0.010415657214181683,-0.07614967780338011,5.799538531492403,-0.44418334338429777,4.774313899198633,2.925073385273235
3.183480555637657,24.579507727726753,-112.07777284480119,24.012434627080044,-109.8955833308703,-9.777298237162729,3.248435062757136,-0.010045326044671274,-0.07719124352479811,24.74592050269119,-6.5392665190143475,4.206485746224688,2.925954352618019
3.1974431896536117,22.713899441550982,-112.9509626384699,22.617849500683622,-109.47670431039165,-7.840630716217276,3.0878139119478574,-0.009150827221094384,-0.07819577612926532,-13.001031872247488,21.511353629562972,3.2578613414971125,2.9267807760156472
3.2114058236695664,21.777832752101617,-113.21979862755272,21.22435262558747,-109.05782528991301,-6.453973610055471,3.261288957623863,-0.00802820391562076,-0.07911085885137492,56.75870831926968,-50.545451742995624,4.168365162947653,2.9275160257958843
3.225368457685521,21.070129036122275,-112.78807786787415,19.83221566676845,-108.63894626943437,-9.122349774538993,3.5616415448580505,-0.007135721961959308,-0.07991367924293691,75.56199581778017,-88.33377535262127,4.976910102625801,2.9281074475199063
3.2393310917014757,19.895296337067983,-112.75975619920139,18.44171002408505,-108.22006724895573,-11.70995408560609,3.777519754995697,-0.0073200426053430835,-0.08062725143913285,59.14340800953657,-71.94916332209957,5.270228412259776,2.928531942466077
3.2532937257174304,18.60760780703449,-112.02380844282865,17.053106779367447,-107.80118822847709,-12.238170883232387,4.039037629550624,-0.008063419727014316,-0.08135925569966718,74.84737411096758,-78.28375791906265,5.7153685622359385,2.9288121893087355
3.267256359733385,17.56430484269749,-111.54071711722472,15.66667664356957,-107.38230920799846,-12.520752547265731,4.152638174254761,-0.008860739850767237,-0.08216559767236875,45.08301841246347,-47.38447640446559,5.4947785446884385,2.929055482968728
3.2812189937493397,16.467956059294774,-111.1967412132772,14.282689903993447,-106.96343018751982,-14.045817057239253,4.215670919178927,-0.009487084894034322,-0.08305167165744543,31.857223287428976,-40.09226042326528,5.632100162707763,2.9293172930808478
3.2951816277652943,14.967984838335157,-111.26393767262506,12.901416371596182,-106.54455116704118,-15.059907479334322,4.276394196908152,-0.01025421717564126,-0.08400038014684874,32.76913729736406,-38.84085174533914,5.862002863375858,2.9296025263531877
3.309144261781249,13.329556803567385,-110.61357311253656,11.523125328389764,-106.12567214656254,-14.409181347811817,4.449579579339194,-0.01092223136117089,-0.085025801864413,61.10817527408477,-59.435490160815554,6.186180538877266,2.929893545089877
3.3231068957972036,12.063148279570845,-110.6060971452137,10.14808547494399,-105.7067931260839,-13.315825424791992,4.523490310200745,-0.011339313290228501,-0.08611802500053001,41.86332289877214,-37.922881135730286,5.847926953229247,2.9302038340989425
3.3370695298131583,10.909855188528594,-110.21471763272692,8.776564878002787,-105.28791410560525,-14.198078724290212,4.683049797818966,-0.01130752520487172,-0.08725195632955307,56.07411403247703,-61.308987586857384,6.251775851567421,2.930522832674983
3.351032163829113,10.241838105163325,-109.6895895028521,7.408830918224048,-104.86903508512661,-15.041253697266251,4.804711500363966,-0.01166359376825411,-0.08838270885004018,48.86945475987425,-54.04207824176398,6.390108985062771,2.930824742340172
3.3649947978450676,9.142206412320453,-108.89758921303132,6.04515023805325,-104.45015606464798,-18.09172081265143,4.852297337716171,-0.01223421710232908,-0.08954906822686581,28.31584532595742,-44.11193288025589,6.712961478164486,2.9310639129785283
3.3789574318610223,7.395495257075265,-108.25285719266418,4.685788689740978,-104.03127704416934,-18.531706959224728,4.783238983546563,-0.013505091995493136,-0.09077248993709874,9.429406745024686,-13.363757168193688,6.598534158654832,2.931278307637008
3.392920065876977,5.294687029544327,-106.95950658086517,3.331011283514499,-103.6123980236907,-16.564867806265053,4.681663261813172,-0.014296738026690249,-0.0921229991366479,7.662872825173982,-0.25081962300076033,6.168783613504557,2.9314884978887665
3.4068826998929316,3.642638625335982,-106.18668480269189,1.981082135913507,-103.19351900321206,-13.294570245453581,4.409430607721108,-0.01421454222447599,-0.09355267293931702,-26.345835107368092,40.29493635314745,5.016237616593898,2.9317635617691513
3.420845333908886,2.498942438146894,-105.14414327136362,0.6362644183001009,-102.77463998273343,-12.490613616778173,4.1275393719610545,-0.013101925839704305,-0.09497412716176479,-35.55530481466403,38.31308858010164,4.547563713257455,2.932054563968384
3.4348079679248404,0.5315896957056089,-104.47473731992912,-0.7031796944471473,-102.35576096225479,-13.367522956556426,3.7636951240701455,-0.01211676031588749,-0.09628431974573504,-58.66130888524451,53.50503089945804,4.246017198952411,2.9322730403264536
3.448770601940795,-1.223168271877859,-103.32464453728531,-2.036989075044435,-101.93688194177615,-10.097190386244877,3.4508805132068896,-0.011461795692476899,-0.0974959957773236,-39.97632215777163,54.291599031661576,3.6108595682977973,2.9323147988327136
3.4627332359567498,-1.5826450446271876,-102.8001640826923,-3.3649036947102324,-101.51800292129751,-8.565348697371812,3.0807809887608335,-0.010246803649078385,-0.09864217534657138,-57.893582614908695,64.46887622248944,2.8019608402035128,2.9321913620403777
3.4766958699727044,-2.457732366841004,-102.44002590093615,-4.6866646738583135,-101.09912390081887,-13.329737116674858,2.719989017193506,-0.009074683739133671,-0.09966685571147904,-72.80735382296344,49.63143586695803,3.539558667263499,2.931934452128816
3.490658503988659,-4.4177718934322066,-101.69657124110357,-6.002014332566869,-100.68024488034024,-14.282498208143666,2.431444108699682,-0.008932551514238909,-0.10057432408539224,-50.69462159958912,44.67637728953494,3.9571156026857723,2.931486690066391
3.5046211380046137,-5.054707644436759,-100.41345886287195,-7.3106962408137015,-100.2613658598616,-10.887993195371795,2.163404307679539,-0.0087575076528183,-0.10146757923681626,-37.70428819202974,52.11307924277901,3.229369252039562,2.9308509051807334
3.5185837720205684,-6.744229144490113,-100.47400310290162,-8.612455268467794,-99.84248683938296,-14.402276768302661,1.7386900714460283,-0.008114697204347909,-0.10234333000209794,-89.02123728314052,71.13450278827239,3.6032731242448985,2.9301285533119206
3.532546406036523,-7.117965837978486,-100.05296196170167,-9.907037635027411,-99.42360781890432,-11.914682794810114,1.525555389003574,-0.007721032404230902,-0.10315479972253261,-32.04799412260056,41.95048529856735,3.332669770688149,2.9293147116350005
3.5465090400524777,-8.38382653302047,-99.79318038941463,-11.194190959095113,-99.00472879842567,-16.71682305955281,1.323504162024853,-0.0071038418771427305,-0.10392690296295548,-47.98606660657768,23.6273776278779,4.208848298835902,2.928360879147638
3.5604716740684323,-9.47211406457909,-98.46090794078968,-12.47366430758002,-98.58584977794703,-15.728082431132218,1.2028273367993054,-0.006934076276435307,-0.10463728715066978,-18.317324492758633,20.561952024783878,4.264319433110157,2.9272901491632126
3.574434308084387,-10.730797782061119,-98.08786889111536,-13.745208244617718,-98.16697075746839,-16.42279341655417,0.8921235351143633,-0.00676316208497206,-0.10533069477831347,-63.743393511944525,58.13479479946895,4.283191910155188,2.9260782464299764
3.5883969421003417,-12.01506196049837,-97.5422506908487,-15.008574880198235,-97.74809173698975,-16.27976491033419,0.6621393531001796,-0.006382934595552164,-0.10600701098681053,-46.2653004949808,44.43558593644988,4.291249866392321,2.9247678845002554
3.6023595761162963,-13.842554647802695,-97.3583594425536,-16.263517918492756,-97.32921271651112,-16.104475754849734,0.45579429205551025,-0.005936629822417193,-0.10664530444636577,-42.40999597326685,40.703450962886976,4.253793977795334,2.923356808144357
3.616322210132251,-16.478712701453652,-97.64005467339254,-17.509792705869426,-96.91033369603248,-13.533346213432951,0.3684774710629172,-0.005423626601570696,-0.10723896742860761,-12.298574833481917,21.967704272535112,3.6945043028908304,2.9218218287044113
3.6302848441482056,-18.3714946056081,-97.03412271310263,-18.747156278589085,-96.49145467555384,-7.9442357554533505,0.4751381600714688,-0.004890673267482515,-0.10778133008876489,36.30755848412227,-11.832092973563276,2.542659673979603,2.92015395825591
3.6442474781641603,-19.878960184134023,-96.60108348136714,-19.97536741017154,-96.0725756550752,-6.071903375256038,0.5308566793467999,-0.004545136653231324,-0.10827039741551303,17.68553124931987,-9.8275905688032,1.870021582233588,2.9183440175691997
3.658210112180115,-20.398296588892002,-96.83838244851786,-21.19418665842311,-95.65369663459656,-5.16233034780967,0.5767055771268456,-0.004321696655512408,-0.10872491108083615,13.788473980645405,-10.149625714571583,1.6209140989283832,2.91638736629924
3.6721727461960696,-20.664343765834264,-96.35664588552191,-22.403376412116398,-95.23481761411792,-8.875747577621482,0.7372899619933159,-0.004115680181907851,-0.10915708074638752,27.80491260294958,-45.972598575598504,2.56744333445272,2.9142999576044177
3.6861353802120242,-20.887195862805395,-95.21266721409896,-23.602700937313042,-94.81593859363927,-12.326131737772968,0.8428332813508993,-0.0042293079792478415,-0.10956864876457839,17.20333339743491,-34.76553303673798,3.3177886952669398,2.9120910617167937
3.700098014227979,-21.834400049965087,-95.34778168768015,-24.791926423320515,-94.39705957316063,-15.689140960932777,0.7417260896016027,-0.0046262914772195384,-0.10999157956250327,-26.69680990715254,8.939459891312582,3.989001952140121,2.909759322365108
3.7140606482439336,-23.63274722256684,-95.1851433556433,-25.970821028274006,-93.978180552682,-16.238568215050115,0.7844035627065886,-0.004844486809960129,-0.11045420871022538,9.967478545506905,-14.990198154270308,4.357268155482553,2.9073334372985915
3.728023282259888,-25.655295782121264,-95.32795834424708,-27.13915492433443,-93.55930153220336,-13.31132746035686,0.8891077687135976,-0.00499600733353461,-0.11093865739122144,31.745528531482872,-20.325067143782228,3.865004088725079,2.9048382978701923
3.7419859162758424,-27.646232171644797,-95.93455697123709,-28.296700342493775,-93.14042251172474,-10.240994233308784,1.1099771020160263,-0.004964629590468018,-0.11143825812457475,57.910825614692364,-45.24365030283003,3.429625499981874,2.9022523933499222
3.755948550291797,-28.52417199803138,-96.00936601704582,-29.443231616979308,-92.7215434912461,-7.522300768768279,1.5360360111994946,-0.004802312077821136,-0.11193472108362146,102.72007334234996,-91.10363236290408,3.6813941148885916,2.8995652257677413
3.7699111843077517,-29.43523003615577,-95.20565531568961,-30.5785252292473,-92.30266447076745,-9.593971865831103,1.9908338658602003,-0.004698161264001252,-0.11241495229140375,100.22968428700489,-110.7874958340673,4.2379244391316995,2.896754464575938
3.7838738183237064,-29.28453735103149,-94.50424686703388,-31.702359851558573,-91.88378545028881,-9.95171943867449,2.242898279244159,-0.005173957821130963,-0.11288476841780382,63.19948037497711,-65.87585143144273,4.021777841023329,2.8938027523524186
3.797836452339661,-30.678503749330936,-93.87018530178348,-32.814516390126755,-91.46490642981017,-15.607922053752965,2.346155886824394,-0.005707310879818594,-0.113402164199917,20.035165249445193,-47.913548008617155,4.658147948465697,2.890711406206014
3.8117990863556157,-32.07410125769144,-94.12163824823395,-33.914778027831034,-91.04602740933153,-12.856574718192137,2.380422118088509,-0.006860245827973515,-0.11397289528789889,25.25518784177527,-14.168323038863704,4.2952693753919515,2.8875336708366666
3.8257617203715704,-33.420377316346766,-92.88543217199992,-35.00293026648508,-90.6271483888529,-12.372705396311224,2.574094532755071,-0.007085789206796593,-0.11465891987069643,54.504208414739544,-53.6852757886273,4.559550278269571,2.884270285978367
3.839724354387525,-34.69323801463426,-92.35024225255216,-36.078760968653924,-90.20826936837426,-10.884398697760219,2.536830479257993,-0.007411081769227964,-0.1153674987913762,8.435257557246066,-2.7022159088434305,3.7728244486022358,2.880977911499498
3.8536869884034797,-36.023987120510796,-92.03702356973858,-37.14206039901053,-89.78939034789562,-10.206969128169025,2.48709222448459,-0.007363244355531132,-0.11610860696829883,3.732758065325668,-1.5905770524419465,3.5432602991884945,2.8775582097837447
3.8676496224194343,-37.62450418069008,-92.02077249974968,-38.19262126522416,-89.37051132741698,-9.11774320817221,2.4778632735705126,-0.007187653829643972,-0.11684493140385177,13.191541091885602,-8.978108745702466,3.4370425647739147,2.874015238115458
3.881612256435389,-38.13700936900276,-91.89678212012488,-39.23023875837234,-88.95163230693834,-6.9583065010066685,2.5724841698210543,-0.006871115532367685,-0.11756369678681633,38.10250131298637,-28.60037014207656,3.4638136579634997,2.870305426251453
3.8955748904513436,-38.86984138209217,-91.24618571197827,-40.254710592868875,-88.5327532864597,-9.98446813586438,2.7040495126265904,-0.006402257304900481,-0.1182508083400533,34.471709907567416,-49.208564150752025,3.975091001133785,2.866409380078358
3.9095375244672983,-38.86820220144434,-90.96284773131966,-41.265837045899715,-88.11387426598105,-10.483217104746355,2.7454132255018977,-0.00670042686111738,-0.11889103407054336,21.609103589264784,-24.852247809570926,3.9436239952244114,2.862306000893171
3.923500158483253,-40.02280625688007,-91.53840811881568,-42.26342099635947,-87.69499524550241,-15.073416491553608,2.7842708845373765,-0.006972287533407865,-0.11956107675665528,11.520465591911016,-34.30362233784088,4.71236358257795,2.857972642341517
3.9374627924992076,-41.05748698119256,-91.87054959751495,-43.24726796328035,-87.27611622502377,-13.692842565904263,3.0655669100907676,-0.007740211910626606,-0.12025830550999617,77.58941519646729,-72.81539387730994,5.34455662182805,2.853478155219012
3.9514254265151623,-42.80232280436603,-91.54302760831979,-44.21718614374676,-86.85723720454514,-14.083075074804032,3.4762007926115435,-0.008101679819040492,-0.12103232670105868,102.8830792808978,-106.20643501549448,5.925959833423643,2.8488115898346056
3.965388060531117,-44.60561489761225,-91.50042067191126,-45.17298645028764,-86.4383581840665,-10.428152233288092,3.82735045465206,-0.008731169675060383,-0.1218424946829626,102.04706671583565,-86.10318024321667,5.628294240087376,2.8440137355798933
3.9793506945470716,-45.63499750605813,-90.5622301624805,-46.11448254773943,-86.01947916358786,-7.510128242806698,4.213540353992236,-0.008551315776223865,-0.12271561165046885,110.1627590557173,-96.96132731980092,5.684839611041165,2.8390345979850062
3.9933133285630262,-46.3213844215853,-90.84480930815033,-47.041490889572444,-85.60060014310922,-7.523014532981591,4.37282898907468,-0.008100298400871437,-0.12357074322809103,56.962917372362924,-57.065057232848176,5.157130605966446,2.833891062438756
4.007275962578981,-46.59693374352837,-89.97778023637298,-47.953830753673685,-85.18172112263058,-8.936426692220973,4.66907474206759,-0.007835701324046287,-0.1243807730681783,83.99903944938701,-90.7244374385272,5.893678717415995,2.828491671000709
4.0212385965949355,-48.087255196551524,-88.49265790822083,-48.85132427757894,-84.76284210215194,-11.31299398771607,4.7577229014778535,-0.008298007339104322,-0.1251643432005829,38.70838379433076,-50.20189722401536,5.6813604377622156,2.822798135416173
4.03520123061089,-49.276330244959944,-88.02023702309354,-49.73379649314742,-84.3439630816733,-7.455022207641544,4.584276568215325,-0.009393664524870157,-0.12599414393449315,-2.501961072352612,20.24102071664468,4.463492691292104,2.816817232903407
4.049163864626845,-49.897367182133316,-87.5493707048103,-50.60107536067221,-83.92508406119467,-6.82622536017117,4.448298996952243,-0.008883360866069704,-0.12693351038697998,-2.8333061325940507,5.884615201455873,4.304094260463245,2.8106090483419317
4.0631264986427995,-50.73420224986238,-87.04443390057295,-51.452991802419646,-83.50620504071603,-8.02046809985753,4.323808974511657,-0.008371825621654456,-0.12782184647358674,-5.404557667837605,-0.1313617428759384,4.3321076333064354,2.8042235197700265
4.077089132658754,-51.2080678659813,-86.91410029112154,-52.289379735591424,-83.08732602023738,-7.705515501055145,4.207683592405329,-0.008322645342039005,-0.12865902903575233,-0.8249209070755035,2.2150177268222673,4.251738443123282,2.797485807869009
4.091051766674709,-52.7485339902297,-86.81186052740063,-53.11007610470277,-82.66844699975874,-9.538735249476069,4.17446033553186,-0.008121862380692955,-0.12949129356995615,11.235998901494753,-20.032677202322283,4.652226048960232,2.7903806419691275
4.1050144006906635,-53.73332780186989,-85.86712102128622,-53.91492091337042,-82.2495679792801,-5.885903525220321,4.247051271044472,-0.008369014476752803,-0.13030347980802537,46.6616033749019,-29.71480689103513,4.7090308715392535,2.7829381439263967
4.118977034706618,-54.44712179558404,-85.74943903503498,-54.703757255504186,-81.83068895880146,-5.569050890104341,4.183482971999224,-0.007742924414137813,-0.1311403812557006,10.2233679849777,-8.448804329493418,4.1514475932541846,2.7751260080414237
4.132939668722573,-55.002583080984714,-84.87783675059656,-55.47643134589619,-81.41180993832282,-6.087222375218762,4.202850168959587,-0.007244371724430799,-0.13191467369711418,25.747025208093383,-27.900648396017722,4.458083033211447,2.7669707810991477
4.1469023027385274,-55.77699567534379,-83.82956410610484,-56.23279255020152,-80.99293091784418,-6.66877052771871,4.106002042782387,-0.0071548490199439384,-0.13263911086955726,0.7184838036536108,-3.2642719305386634,4.07503480568009,2.7583657175785934
4.160864936754482,-56.0628846453172,-84.48113289622265,-56.97269341430477,-80.57405189736554,-6.035891963119629,3.8956160754977462,-0.007270845521181616,-0.13335459577155184,-21.39550132639644,24.493829029984276,3.4681483278843577,2.7493028983695007
4.174827570770437,-56.11103717026349,-83.05796673234046,-57.695989693066466,-80.15517287688691,-8.79077942075195,3.959782823570242,-0.006966933384664387,-0.13408168032366996,28.365768347592343,-41.31416133542228,4.623955253446491,2.739801221711608
4.188790204786391,-58.046775821307264,-82.41563893618523,-58.402540378443874,-79.73629385640827,-10.673079575167254,3.7556697328666315,-0.007584346650673337,-0.13477837366213663,-27.062214037720153,17.770784559107557,4.0354055121889125,2.729857819484903
4.202752838802346,-59.53801779873901,-82.05455286650484,-59.09220772698099,-79.31741483592963,-4.3436599492721015,3.5925152930046975,-0.008215774663362114,-0.13553680832720394,-0.12303954053129358,29.48593331801043,3.269850217487837,2.7194057797371354
4.216715472818301,-59.783831708512736,-81.98324798992905,-59.764857286661666,-78.89853581545098,-2.043866275804434,3.5004464765292367,-0.007147676841787265,-0.1363583857935402,5.17505806107188,6.152641229369605,3.1641586211540753,2.7085107255724363
4.2306781068342545,-59.88569504157513,-81.13512025883607,-60.42035792312144,-78.47965679497237,-4.6747472243655235,3.4901469774822393,-0.006014998184745938,-0.13707315347771898,10.749082706350588,-22.46824222907567,3.560943257517886,2.6971458730261197
4.244640740850209,-60.03772796357194,-80.54394352744283,-61.05858184521253,-78.06077777449373,-6.309815395370595,3.373085120488056,-0.005949959746693098,-0.13767465329619366,-10.065686968988885,2.594135231230376,3.2904779539117066,2.6851113216388027
4.258603374866164,-60.529513852898745,-81.27390003812727,-61.679404629916675,-77.64189875401509,-8.004307865352324,3.2294269318299533,-0.006211676303011347,-0.13826964927086305,-16.746452796167887,8.661353314436134,3.3342114725673997,2.6723688198745483
4.2725660088821185,-61.55805247879363,-80.81560418797358,-62.282705246601935,-77.22301973353646,-8.789465806319622,3.374669574041075,-0.006460834277457778,-0.138890816901164,46.479585552728814,-50.58875020858925,4.413990406092499,2.6589914155598215
4.286528642898073,-61.68804844465059,-80.62073198678577,-62.868366080617704,-76.80414071305782,-6.557902394793812,3.4895243815567967,-0.006834122018617323,-0.13953690032890975,47.881060237727034,-37.752513957596825,4.220042765862496,2.6449760774860103
4.300491276914028,-61.75298560723814,-78.88347851028603,-63.436272956223945,-76.38526169257918,-9.243450231618477,3.6192979140594534,-0.006651754869052222,-0.14022031253077127,40.24657026421845,-53.062168811622314,4.5820844117030815,2.6302837985238954
4.314453910929982,-62.53466869293237,-78.69358913143569,-63.98631515885003,-75.96638267210054,-10.127533603688954,3.4024372814529795,-0.007340006879574453,-0.14088548801767642,-29.425279841513046,24.713255650829403,3.6738547896265703,2.6148871608871787
4.328416544945937,-63.5727681009395,-78.05429797727844,-64.51838545667873,-75.5475036516219,-8.897485636842465,3.2910875935291246,-0.007733295562063453,-0.14161948870563368,-3.102681208572973,8.227501466995644,3.7192722466987407,2.5986886797048943
4.342379178961892,-64.51621419080335,-77.69738411036123,-65.0323801215512,-75.12862463114325,-6.629843660795906,3.1745699739663342,-0.007667849833671917,-0.14239281826184014,-2.296371686920493,12.55516870016728,3.2695614046841235,2.581731433743977
4.356341812977846,-64.61091493176482,-76.93964534866728,-65.52819894918915,-74.70974561066461,-5.1211035062358565,3.109608689870477,-0.007135714855906959,-0.14315960324520738,6.512907386868138,0.5268348319165829,3.154377427651072,2.563939948483486
4.370304446993801,-65.39058675666872,-77.53898755010846,-66.00574527872966,-74.29086659018597,-7.0387789635248605,2.976348680567631,-0.006580771480348443,-0.14387317473079797,-16.51802758308396,7.52534117544623,2.9935899198447102,2.5452205017001326
4.384267081009756,-65.84246686553752,-78.24217958193246,-66.46492601156963,-73.87198756970733,-5.733260717039236,3.1032946973308575,-0.006406730581912946,-0.14453125187883265,46.12546679887045,-40.176465934343355,3.8211377482214535,2.52547689922463
4.39822971502571,-66.9817874745713,-77.8045439739609,-66.90565162951535,-73.45310854922869,-6.677623425063078,3.4817230912886674,-0.0059858906899936636,-0.1451719249370238,95.66634521656094,-100.14459066193858,4.905666437767349,2.504655938560549
4.412192349041665,-67.7992809947921,-77.10435730966275,-67.32783621223436,-73.03422952875005,-3.1771557281123957,3.7889195415391788,-0.006090384930701787,-0.14577051400602326,93.05800004967742,-76.4780814068827,4.782849530878591,2.482743776354928
4.42615498305762,-67.88835653185187,-76.12655609687533,-67.73139745400574,-72.6153505082714,-1.9383070492238461,3.9673369073580553,-0.005580487869395858,-0.14637955249909362,62.1114435727007,-55.56469868380243,4.489520045399887,2.4596632966559255
4.440117617073574,-68.66092182580844,-75.63731057847394,-68.11625667976581,-72.19647148779276,-3.261491501856206,3.9611906892745483,-0.005143540986350367,-0.14693760128603328,17.541893341223123,-22.906502811566572,3.9366868699411306,2.4354147511573823
4.454080251089529,-69.13125120520841,-75.41981766309321,-68.48233886044594,-71.77759246731412,-1.0456043052490682,3.9538340357233577,-0.005192456361722877,-0.1474519553846685,25.56115517247006,-14.340520978311682,3.863847276113901,2.4098854005344563
4.468042885105484,-68.73646380177415,-75.60875618988621,-68.82957262759965,-71.35871344683551,-1.1275964195279604,3.998901953534732,-0.004692142719938639,-0.14797120102084094,31.519066639685953,-30.819355703944172,4.072293876857875,2.383033241360981
4.482005519121438,-68.92120866410608,-75.10009770186916,-69.15789028731602,-70.93983442635687,-4.845804342413867,4.1556597920364595,-0.004365413722287643,-0.1484404152928347,47.145234788743245,-63.74244141212764,4.687902592489961,2.3548607965934085
4.495968153137393,-69.55331905234613,-74.7569585401604,-69.46722783341679,-70.52095540587823,-4.517534109921902,4.249281465470128,-0.005099955439332274,-0.14887695666506362,43.78445065508998,-41.78492095926385,4.611581193060346,2.325271776799486
4.509930787153348,-69.55819991013475,-73.8332877667114,-69.7575249599344,-70.10207638539958,-3.076936752115365,4.351594644634097,-0.005458654302104482,-0.14938695220899678,48.83288986870026,-41.459781590308566,4.6593591756168165,2.2942485664701078
4.523893421169302,-69.8890851366071,-73.37932226161713,-70.02872507286887,-69.68319736492094,-4.330970289985565,4.300633214550282,-0.005417255285017637,-0.14993281763920718,10.204911363739113,-15.355580379827275,4.176678617250697,2.2618706341544677
4.537856055185257,-70.16998015512954,-72.89968035017883,-70.2807753012208,-69.2643183444423,-3.6632341976140697,4.255771002091081,-0.005688442239050953,-0.15047454316770903,15.676094863777621,-11.931437437618436,4.13360356389184,2.228084176873786
4.551818689201212,-70.4955011556098,-72.13652961750874,-70.51362650729878,-68.84543932396366,-3.5644394674332065,4.20867181932139,-0.005672374699961412,-0.15104338739161394,13.631086129059442,-12.480079968825612,4.068779069205581,2.192845682442657
4.565781323217166,-70.74110145092432,-72.31574136773457,-70.72723329629883,-68.42656030348502,-2.8554787797742396,4.098937222015985,-0.005665485345709443,-0.15161062486161025,1.3630358187950415,2.6963420822145028,3.7171994963985964,2.1561979738029606
4.579743957233121,-71.21724036942311,-71.67732444369015,-70.92155402515417,-68.00768128300638,-3.1773357094710954,4.152230827156206,-0.005384839757462147,-0.15217717339618098,33.36580992284868,-34.10506489978098,4.311837754968814,2.118141270814834
4.5937065912490755,-71.89262139800437,-70.80608520050544,-71.0965508106537,-67.58880226252774,-1.584480369316159,4.152279621081301,-0.005338491705553506,-0.15271565737192727,26.772862178637986,-18.452356228807012,4.090303117796168,2.0787249528120206
4.60766922526503,-72.09777802859931,-69.17046498504286,-71.25218953682733,-67.1699232420491,0.7351270880892105,4.068273681521617,-0.004983375673212967,-0.15324950654248282,10.59295452805841,1.4779121639214077,3.6921303818981985,2.0379914068255838
4.621631859280985,-71.97861202293126,-67.6045752351232,-71.38843986159704,-66.75104422157045,1.3416343142957778,3.7684213017753336,-0.004359332477776342,-0.1537478441098039,-40.10623724084801,44.43740758451267,2.521261086418367,1.9960563708909635
4.6355944932969395,-71.19212945594997,-67.38091996550293,-71.50527522269202,-66.33216520109181,0.9172602208287931,3.3851429587596553,-0.003937593825401169,-0.1541837773575816,-62.13003440234222,61.59613353257698,1.3575989912947406,1.9530043334654756
4.649557127312894,-71.26261197657502,-67.33928527248565,-71.60267284282715,-65.91328618061317,-3.194307706200359,3.0579051942262536,-0.0037825213858185577,-0.15457753674012187,-61.0966091791013,42.853888812706785,1.5239733590382794,1.9089464292347262
4.663519761328849,-71.95490051720616,-67.72840477864337,-71.6806137341434,-65.49440716013453,-2.5455569681236563,2.829544207748052,-0.004374968481827623,-0.15495578887870387,-30.80216463457351,34.35852746871779,1.891639690523149,1.8640621499217387
4.6774823953448035,-71.8338939034649,-67.77820872108352,-71.73908270190957,-65.07552813965592,-0.32368732275794,2.801957061365166,-0.004457947988707525,-0.1553932857268867,14.779261505446213,-3.6785134233211183,2.661640808051444,1.8185561400773995
4.691445029360758,-71.8228499565215,-67.16733267883522,-71.77806834748455,-64.65664911917727,-1.89759707493673,2.873688041446018,-0.0040925423591911935,-0.15583908052575746,27.131239815808176,-33.67908574791846,3.122058750400698,1.7726962772766077
4.705407663376713,-72.16316466769368,-66.88337341623287,-71.79756307053947,-64.23777009869863,-1.553180059302537,2.8879626267592853,-0.004173663990274967,-0.15624833476167677,19.6375161887171,-17.33492244256726,2.929671711564151,1.7266354073206536
4.7193702973926674,-71.93853919436866,-65.9847758396702,-71.79756307053947,-63.81889107821999,-0.16325872897491855,2.93962984280162,-0.004143816133934245,-0.15666570116070444,30.267191291103426,-22.925329464560857,3.0862139471907315,1.6805379968017489
4.733332931408622,-71.95061027318054,-65.85710183167674,-71.77806834748455,-63.40001205774135,-1.1045869788705087,2.874998921416633,-0.00396349487645962,-0.1570800827740979,0.16815180138081456,-3.6438355559411426,2.589740276759596,1.6346580035518024
4.747295565424577,-72.70405298736233,-66.20136964503124,-71.73908270190957,-62.98113303726271,-0.8578644970690812,2.883697711419619,-0.003973896334422167,-0.15747643226174368,18.294476223924306,-16.30981069075641,2.8837372314153584,1.5891881231822502
4.761258199440531,-72.729768896828,-65.73882716146295,-71.68061373414339,-62.56225401678407,2.2885618300837636,3.0935843966949674,-0.0038274507747037946,-0.15787382189518606,68.48386214957512,-52.661198108303374,3.780289732385882,1.544306433974425
4.775220833456486,-71.69744726553009,-65.85924606858721,-71.60267284282715,-62.143374996305425,2.0526655706616075,3.250913503774177,-0.003227650095437133,-0.15825656697265655,50.663135925884255,-50.29332259295838,3.767973166953321,1.500209986129308
4.789183467472441,-70.56776230949906,-65.22736333614739,-71.50527522269202,-61.724495975826784,-2.588368189496031,3.467168236129074,-0.0028738784883990745,-0.15857933198220042,53.766250982685364,-74.35082640399544,4.139213503025776,1.4570423562139698
4.803146101488395,-71.9109971903954,-65.01364833875006,-71.38843986159704,-61.30561695534814,-6.039502785655358,3.5473337674642673,-0.003633966904145241,-0.15886671983104028,28.20112600933058,-43.92941675110147,4.006695186787926,1.414896236118337
4.81710873550435,-72.24752412316617,-64.70999040663739,-71.25218953682733,-60.8867379348695,1.4232464677522465,3.7126387230192877,-0.004725326943341543,-0.1592301165214547,72.55212274439833,-36.9935967450294,4.179164630169224,1.3739115940049942
4.831071369520305,-72.11363187562763,-63.841268284261055,-71.0965508106537,-60.46785891439086,1.8662687824539899,3.8883768143435393,-0.003821681290243769,-0.15970264921578892,59.6936121629289,-56.101119029284945,4.3954998764219875,1.334292124158024
4.845034003536259,-72.02141638995033,-63.06250615373958,-70.92155402515417,-60.04897989391222,2.25550383774836,3.918164029711543,-0.0032738445270600845,-0.1600848173448135,29.3139157424296,-25.851964588977197,3.975235947357592,1.2961407163942074
4.858996637552214,-72.31668492956727,-62.720689920739645,-70.72723329629882,-59.63010087343358,2.8866990836106057,3.863696293594734,-0.0029186364925636006,-0.16041220179751958,12.023974039770057,-7.332174324022624,3.668285142701683,1.259306331659686
4.872959271568169,-72.57241119426793,-62.03720402463664,-70.51362650729878,-59.211221852954935,5.022179638723806,3.8574678206747355,-0.002558624795824275,-0.16070406544677596,25.724563594916784,-13.775844095693014,3.9455526600102404,1.2238534961527314
4.886921905584122,-71.71785360511745,-61.82841354244717,-70.28077530122081,-58.79234283247632,6.96631375514697,3.8110172217619884,-0.001909248731976892,-0.1609599279263585,16.807145939237223,-5.376114106031128,3.9724953395428804,1.1898130370910742
4.900884539600077,-70.82041308156336,-62.063243688859295,-70.02872507286887,-58.37346381199768,3.587005306634583,3.7996978510809902,-0.0011128369792350015,-0.161150852799556,11.638069632396558,-25.17724176702671,3.8457551714051283,1.1571809717111003
4.914847173616032,-70.54614022075646,-61.04003684202538,-69.75752495993441,-57.95458479151907,1.0006971649496794,3.9189937607437995,-0.0013202208854987912,-0.16126213649747934,41.24603369931855,-51.64008268888659,4.243914359856112,1.1259121448826752
4.928809807631986,-70.29504282715848,-61.159200028504834,-69.46722783341679,-57.535705771040426,2.1134219675928425,3.8723075842412484,-0.0020807041728321814,-0.16139415858602923,14.825904890439265,-8.075487225050761,3.6666589962287928,1.0959651945147044
4.942772441647941,-69.6583526005875,-60.90363431188397,-69.15789028731602,-57.116826750561785,1.729412375928421,3.9623512082157784,-0.0021961049253712405,-0.16160222900331256,40.43558950406161,-40.609597318316496,4.199273463005023,1.067405526199531
4.956735075663896,-69.29201654955801,-60.683355008693724,-68.82957262759966,-56.69794773008314,0.2756972398600199,4.058739426697201,-0.0023325833424885072,-0.1618218394958495,39.735377448038136,-45.04513834148601,4.286569242175525,1.040247083344716
4.97069770967985,-69.62290759277694,-60.07193683788025,-68.48233886044595,-56.2790687096045,0.3743422372398829,4.180432365787198,-0.002720432931670232,-0.1620550978300983,49.28042377515819,-47.451745345233164,4.478092871367329,1.0143792944273349
4.984660343695805,-70.21851289371303,-59.8452417715053,-68.11625667976581,-55.86018968912586,3.6898982158229696,4.2558786223956755,-0.002940062118441197,-0.1623271411232654,47.68938451889899,-30.513452281430393,4.4731209483668115,0.9897549687700069
4.99862297771176,-68.81640184533185,-59.93394287913359,-67.73139745400576,-55.44131066864722,7.277775978922231,4.403301692049258,-0.002220761279015211,-0.16262114733510957,64.5318270666059,-45.43041463735094,5.057702281585095,0.9663479432951547
5.012585611727714,-68.1874263470395,-59.30105703416992,-67.32783621223437,-55.02243164816858,1.4647846933212678,4.59922725607701,-0.0008535296789822949,-0.16284322346301128,53.81757319448617,-78.7263255355784,5.132131157319963,0.9440891142431864
5.026548245743669,-68.05232273289774,-58.52720570541464,-66.90565162951536,-54.603552627689936,2.0156999925595427,4.686019209781008,-0.0015703962160546385,-0.16292857643090963,46.170688803931306,-41.83789036345921,4.869239578762066,0.9228321525589553
5.040510879759624,-67.51998765274801,-57.13331810142564,-66.46492601156963,-54.184673607211295,3.556247668621397,4.678918881335975,-0.0018760339661108814,-0.16308561605251493,28.8710378721359,-19.70860555366359,4.623571495587534,0.9024603315657931
5.054473513775578,-66.88676203438476,-56.3989303777117,-66.00574527872968,-53.76579458673265,3.592379855215856,4.451689072821728,-0.0017645793487350379,-0.1632732194491262,-21.9112389348683,24.201411370986282,3.6923088426190565,0.8831311394206622
5.068436147791533,-66.4902910022511,-56.03712523734957,-65.52819894918916,-53.34691556625401,3.1026597964690876,4.204694032526749,-0.001752246204932925,-0.16344967738399951,-28.71505471467569,28.454690417620846,3.3407316662391926,0.8647539280005905
5.082398781807488,-66.38804268521372,-56.01705264267602,-65.03238012155123,-52.92803654577537,3.6278143066080917,4.025039215882734,-0.0018786039032615308,-0.16362490200449287,-13.309992252469527,17.724569959130484,3.4339389377415617,0.847239139286561
5.096361415823442,-65.9366300756124,-56.395825289742845,-64.51838545667874,-52.50915752529673,5.099909614344568,3.9856713132460815,-0.0017864643395665424,-0.1638127623948189,18.081582125877425,-9.111252935170743,3.9750404157375003,0.8305507072378782
5.110324049839397,-65.22536154688449,-56.58642738764588,-63.98631515885005,-52.09027850481809,4.525075433214486,4.148603081109278,-0.001296414699561264,-0.1639914088287755,56.58693461341635,-57.08962282962128,4.72667551157488,0.8146585177896268
5.124286683855352,-63.7884900183632,-55.49470254792493,-63.43627295622396,-51.671399484339446,3.448841975829885,4.41999991320898,-0.0010425535542250657,-0.16412105029873159,79.61111424624414,-82.56407444447815,5.230519790184574,0.7994988018337108
5.138249317871306,-62.95091393988989,-55.27989025401865,-62.868366080617704,-51.252520463860805,0.21057701235628024,4.423979302410012,-0.0012437636551888734,-0.16422530565415405,18.505282179903496,-31.871553711553585,4.34082214507424,0.7849919375995458
5.152211951887261,-62.500389507250496,-54.49522224869373,-62.28270524660195,-50.83364144338219,-0.35235594474879894,4.46562660688918,-0.002150212799391947,-0.16434968201967282,32.67379516815926,-33.91288044025427,4.496179638745734,0.7711237926656196
5.1661745859032155,-62.387574447379286,-53.40392574564201,-61.679404629916704,-50.41476242290355,0.7491120335959336,4.417882395000705,-0.0028581326330289264,-0.16456470329961181,17.57204884796198,-10.98912200863945,4.16223119957294,0.757904167448372
5.18013721991917,-62.55876896832958,-53.112141656839064,-61.058581845212544,-49.99588340242491,3.3280555177221824,4.250756769755022,-0.0030513968181408607,-0.1648505165629146,-4.771411136149076,18.572209297158402,3.658001360001751,0.7453698696568356
5.194099853935125,-62.0276591998759,-53.932526686380264,-60.42035792312147,-49.57700438194627,6.359926500660735,4.177638795511962,-0.002495877062170553,-0.16515565624472872,15.761922787923105,0.6272489011088637,4.131585331395748,0.7334692529074673
5.2080624879510795,-61.506296603423735,-54.34250504708589,-59.76485728666164,-49.158125361467626,5.280264637929669,4.428434874019731,-0.0012939929014066994,-0.1654052439509459,75.45574703556618,-78.07904394874006,5.283481854778501,0.7221209037595235
5.222025121967034,-62.04362555665256,-54.38192693834557,-59.09220772698096,-48.739246340988984,5.569933316523525,4.843324832435579,-0.0006950204760040643,-0.1655346432410867,115.37637766406093,-111.62478845369519,6.101174741868614,0.7112217583795153
5.235987755982989,-62.42545911118619,-52.89527770376405,-58.40254037844386,-48.32036732051034,10.743990536146274,5.34082246869357,-9.74684905921823e-05,-0.16560414528868694,147.19659532878157,-120.05989923405318,7.07106825561328,0.7006806708908058
5.2499503899989435,-60.7106211064867,-51.99552764162511,-57.69598969306642,-47.9014883000317,15.37091991942323,5.479056462580327,0.0017765469110515774,-0.16561389213774635,72.10169356299188,-46.490151747226676,6.877922185206784,0.6905330113785686
5.263913024014898,-59.43309860585521,-51.849738488034475,-56.97269341430476,-47.48260927955306,10.158718984893788,5.413541523431605,0.004256525171386051,-0.16543623744664115,6.252046605662443,-26.547649339922955,5.859909178025516,0.6807555018460518
5.277875658030853,-58.740538916317036,-51.248096794155316,-56.232792550201495,-47.06373025907442,8.67332668728391,5.408899988284524,0.0040422650140599795,-0.1650105849295027,27.453390070385367,-31.003016368648755,5.757415532817412,0.6711984911929871
5.2918382920468074,-57.5290818628624,-50.959090851910695,-55.47643134589616,-46.64485123859578,9.471079746527781,5.362135597704991,0.0034375969026381385,-0.16460635842809657,23.65902009101922,-16.625000411869443,5.643072556334671,0.661780710285897
5.305800926062762,-55.93232590113696,-50.7384208721075,-54.70375725550416,-46.225972218117136,7.1764709042126285,5.340407113203022,0.003326405279078544,-0.16426259873783255,21.45724231318639,-28.99418445051622,5.512247376389035,0.6527521616614491
5.319763560078717,-55.37966347086813,-50.206596926295994,-53.914920913370395,-45.807093197638494,3.850900862247662,5.338851086388286,0.0025662933840676647,-0.16392995820992473,22.996897623879462,-35.864664983015935,5.328031110799682,0.6441336393942505
5.333726194094671,-55.28270810881928,-49.3461944733445,-53.11007610470274,-45.38821417715985,5.876840089436602,5.32026149589891,0.001114693147938949,-0.16367332887151775,31.710295319380105,-19.74006864246732,5.326146743174686,0.6358586504042956
5.347688828110626,-54.45817897481667,-49.08878230686932,-52.289379735591396,-44.96933515668121,9.084570912634108,5.2278144440850625,0.0008544865139071571,-0.1635618595567241,18.66117713634078,-0.7016343731871453,5.302538281599981,0.6279759730782377
5.361651462126581,-54.134333393684884,-49.30114303387892,-51.45299180241962,-44.5504561362026,8.269777197093617,5.197814833818547,0.0016614350591554385,-0.1634764109053335,22.259154977476808,-22.861558299485015,5.443119911640588,0.620539608739072
5.375614096142535,-54.29710394519668,-49.41078337285212,-50.60107536067217,-44.13157711572396,10.373328960275906,5.359155666687997,0.0019714711108349274,-0.16331026739941779,70.09541546050089,-56.9768154395932,6.261655061563059,0.6134161747923157
5.38957673015849,-53.093682141667095,-49.120790036508474,-49.73379649314738,-43.712698095245315,14.16895278370803,5.670151433932889,0.0029501439190145074,-0.16311312028833447,107.41296987941804,-85.81993661585945,7.300133610613448,0.6064855586412166
5.403539364174445,-51.843912036729044,-48.84958415732877,-48.8513242775789,-43.293819074766674,11.713781272857748,5.919795057590634,0.004883586858877925,-0.16281810589643309,81.56740908148736,-88.92621760126714,7.207717449787633,0.599784846105516
5.417501998190399,-49.51923215533094,-48.346199315146826,-47.95383075367366,-42.87494005428803,10.567882084486323,6.127437435414813,0.005340470768386419,-0.16232974721054516,76.97179854195768,-78.495523554112,7.129453313317741,0.5932353086979392
5.431464632206354,-49.17326908600635,-48.37404293528579,-47.041490889572415,-42.45606103380939,4.472217271288906,6.195015819166836,0.005264873780325104,-0.1617957001337067,36.23108730283436,-61.454407148780625,6.390065003841461,0.5867302974982946
5.445427266222309,-48.51272101221409,-48.85110335256311,-46.1144825477394,-42.03718201333075,8.213060008287652,6.3894018403907324,0.0031892802339198285,-0.1612692127556743,86.69033624458713,-66.23839539895853,7.0364750714320055,0.5804069448446652
5.459389900238263,-47.21535018279973,-48.66128420196068,-45.17298645028761,-41.61830299285211,7.923114645178763,6.7918704771432985,0.003533109497439859,-0.16095028473228234,123.17666153183495,-121.15666164379037,7.96663216092985,0.5743085820208575
5.473352534254218,-45.97220448454187,-48.36598517827375,-44.21718614374673,-41.19942397237347,6.269862902357331,7.135862227601717,0.003778120262282126,-0.16059697378253857,109.69323169788397,-114.11053987656473,8.04166311722681,0.5686258598597211
5.487315168270173,-44.643932894406966,-47.60622424856597,-43.247267963280294,-40.780544951894825,5.3401014342329,7.410754187035704,0.0033688675462868792,-0.16021916175631024,98.4208221442934,-99.61654838562411,8.060036133471906,0.5631080191013638
5.501277802286127,-44.04096425269674,-47.03713368439768,-42.26342099635943,-40.361665931416184,4.285930092395648,7.504964763634692,0.002745417049396219,-0.1598822750016815,60.79521736289042,-62.68548057675081,7.6256450289355895,0.5577566227929909
5.515240436302082,-43.67119361564744,-45.55506401799501,-41.26583704589969,-39.94278691093754,6.47799364895851,7.551782250584157,0.001944416759629653,-0.15960773329674183,58.750785772498084,-45.37329519961648,7.617813804236061,0.552629245299924
5.529203070318036,-43.30232694151902,-45.54132687749208,-40.25471059286889,-39.52390789045893,9.77235931336448,7.33444742005554,0.0022929741075071422,-0.15941329162077889,5.057255265416782,13.978116034293468,6.931608794475497,0.5477398920389387
5.54316570433399,-41.82119657507531,-45.81199272509598,-39.230238758372366,-39.10502886998029,11.677389227432174,7.306708122977264,0.0038866644488845716,-0.15918399421002816,41.54654631185765,-28.56579122959998,7.616287429766744,0.5430993140634088
5.557128338349945,-40.19652677263413,-45.02420852814617,-38.192621265224176,-38.686149849501646,8.627901664363153,7.451846738586902,0.005665816624363692,-0.1587953277651395,66.9977081159492,-77.23655730722612,7.996511456061315,0.5385859368074626
5.5710909723659,-40.04841478444156,-44.97277276692613,-37.142060399010575,-38.267270829023005,7.04347440521918,7.4336114116069725,0.005395633248117763,-0.158228746102703,36.030538231835884,-39.828180443673546,7.415252652299102,0.5340689897261273
5.585053606381854,-39.22069841025285,-44.75045873099787,-36.07876096865395,-37.84839180854436,11.316872156129893,7.559531530107042,0.004644059936313188,-0.157689182777891,80.664346227773,-56.89947354330949,8.155670141524226,0.5295240090020048
5.599016240397809,-37.477910720325475,-43.97565058731439,-35.00293026648511,-37.42951278806575,11.309960611082111,7.717387400965087,0.006120950978801114,-0.15722477678425983,78.43276117134975,-74.20600186281771,8.449012818898801,0.5251503297309457
5.612978874413764,-35.45940006621808,-43.25437920753409,-33.91477802783106,-37.01063376758711,8.646372747031537,7.707007252322846,0.006968984949360846,-0.15661268168637976,36.9588399011287,-45.32970260944992,7.82351416458144,0.5209907925858421
5.626941508429718,-34.425038512530634,-42.8295108552663,-32.814516390126784,-36.59175474710847,5.3322270993364835,7.57966008443853,0.0062138642511781975,-0.1559157831914435,10.020059567196936,-21.97781569919646,7.168401102108899,0.5168175352151598
5.640904142445673,-34.11417967813655,-41.93132159734048,-31.702359851558608,-36.172875726629826,6.4754221700225285,7.48635060871025,0.004311518968158956,-0.15529439676632562,26.852126455195727,-18.25267275500064,7.191923965581779,0.5126886932889194
5.654866776461628,-33.93713489879649,-41.145782523524645,-30.578525229247337,-35.753996706151185,10.336458792464796,7.325081116753435,0.0036464605277688623,-0.15486324486950975,18.186283168078464,3.5264573468579847,7.117597571741248,0.5087600827129521
5.668829410477582,-33.40176658575479,-41.307252833995314,-29.443231616979343,-35.33511768567254,14.139391113769952,7.148036884285059,0.004803580168749782,-0.1544985988167329,14.047998726942236,8.059500614640552,7.345678495835336,0.5051421625006021
5.682792044493537,-32.63096294554515,-39.94938887798692,-28.29670034249381,-34.9162386651939,15.564435225756617,7.197200130093435,0.007026497141048176,-0.15401824079985804,56.371478638359,-44.91737156344088,8.17965546058654,0.5017071632465582
5.696754678509492,-30.910236267434293,-39.33551209860748,-27.139154924334424,-34.49735964471526,17.831608553430375,6.997251017606452,0.008776295409240157,-0.15331559108575332,5.380967452585121,10.350561046254596,7.738512654398339,0.49826903665356337
5.710717312525446,-29.209686194256207,-39.5318688708559,-25.970821028274,-34.07848062423662,14.945244700468063,6.775339059418069,0.0104820752237216,-0.15243796154482947,-12.456139213414406,4.044221164088448,7.213473700470171,0.49471757107502556
5.724679946541401,-27.631210020156285,-39.34302338952201,-24.7919264233205,-33.65960160375798,12.688602923687407,6.749641479146707,0.010224470698964835,-0.15138975402245736,29.727171581750035,-35.731315760304106,7.3484776824814295,0.49109663416421645
5.7386425805573555,-25.84415558924391,-38.89535254776859,-23.602700937313028,-33.240722583279336,11.26756848927798,6.774374710967459,0.009218564133595123,-0.15036730695256084,42.1796004912326,-44.63054047929549,7.312110540768693,0.4874073610886689
5.75260521457331,-24.172639214447592,-38.012594341389175,-22.403376412116383,-32.821843562800694,8.966917459535965,6.760220335280531,0.008095275654864353,-0.14944545053920155,31.697176249775815,-38.58565566374932,6.9804349962047585,0.4838429916586282
5.766567848589265,-22.699301211266203,-37.45664662015628,-21.194186658423103,-32.40296454232205,7.776820637327852,6.611127823771451,0.006487405518983141,-0.1486359229737153,5.000513228709797,-7.0332029551932695,6.351309007682641,0.4804754166485603
5.7805304826052195,-22.798769333048803,-36.44894588670893,-19.975367410171533,-31.98408552184341,6.996851801305646,6.4549237440495295,0.005042560348062625,-0.14798718242181685,3.396282035999481,-3.733543258721982,6.112997654793708,0.47731358573620764
5.794493116621174,-21.448822547630165,-36.723783548730346,-18.747156278589085,-31.56520650136477,13.734903681719683,6.237587045240722,0.003828160511442175,-0.14748292638701077,7.092770227805157,28.142292921628325,6.345587342951804,0.47440331175356265
5.808455750637129,-19.48783978351645,-35.54128746938128,-17.50979270586942,-31.14632748088613,11.121521764602889,6.249149602182453,0.005561972879597112,-0.14710011033586667,33.333001322298315,-41.384135900733966,6.828174886674621,0.47172578281925803
5.8224183846530835,-18.041078031618476,-34.708679118436685,-16.26351791849275,-30.727448460407487,9.044641831231226,6.035922548779366,0.0055055612656972185,-0.14654391304790693,-13.772038793802325,7.793028767133618,5.7939017504258485,0.46925557420370767
5.836381018669038,-17.658325140098672,-33.90051572098091,-15.008574880198228,-30.308569439928874,8.948380189398494,5.767623365733664,0.004592791474046474,-0.1459933569213372,-22.322352656912603,25.327721423282817,5.3438787922511715,0.4666956073583921
5.850343652684993,-17.11682161468996,-33.77499412887052,-13.745208244617704,-29.889690419450233,13.306728789194182,5.498097445498718,0.0038988679448924654,-0.14553407777393268,-13.600775315245972,37.70745356778154,5.603499213625114,0.4642227643108754
5.8643062867009474,-16.711881492646246,-33.596828523722266,-12.473664307580012,-29.47081139897159,15.432689141814091,5.392829175013749,0.004815470846057978,-0.14514419097944353,15.184878766856583,-0.9590673396507635,6.331263598281837,0.46192065193862053
5.878268920716902,-14.774218858641245,-32.25090611489851,-11.194190959095106,-29.05193237849295,18.772725934351563,5.4099687323518,0.005976034574358149,-0.14466264389483774,43.99967159646216,-23.635552729491884,7.148495631596914,0.4597654629363346
5.892231554732857,-12.602681784811052,-31.689055674283733,-9.907037635027404,-28.63305335801431,15.753621587148757,5.160399688812722,0.007529743120404025,-0.14406504043740176,-27.956040906918314,18.69525575796706,6.064512481147496,0.457594323409527
5.906194188748811,-10.251289278011981,-32.178936110775076,-8.612455268467787,-28.214174337535667,12.51186568207789,4.909121975899733,0.007259060013020772,-0.14331206612536151,-30.499857163378785,19.56147020225181,5.291191544086165,0.4553811129318541
5.920156822764766,-8.665547669427859,-30.531050860452734,-7.310696240813694,-27.795295317057025,7.740329538942668,4.902836782006097,0.0061092498732402065,-0.14258616012405945,16.728184060038988,-35.60005354121819,5.278578787776883,0.4530848853602425
5.934119456780721,-7.8539737397068015,-29.733282007363304,-6.002014332566862,-27.376416296578384,8.465460057537296,4.602884579504782,0.003956943265043786,-0.14197523513673538,-33.82194685579114,40.21242823553728,4.128695807172113,0.4508865369316175
5.948082090796675,-7.635515156671923,-28.884346124114096,-4.686664673858306,-26.957537276099742,10.87466359245744,4.299291937830711,0.002782240774701737,-0.14157954081023094,-32.37542842337062,46.83503406134855,4.211484955659166,0.44887252246347575
5.96204472481263,-6.138134465039253,-29.032846494177747,-3.364903694710229,-26.5386582556211,15.701356513956995,3.9924943403647783,0.002549213438184355,-0.1413013167327608,-28.90943045253143,55.2350031111151,4.872409448664368,0.44714171531304503
5.976007358828585,-4.259485922463834,-28.855530849795645,-2.0369890750444313,-26.11977923514246,13.401616047273617,3.8876198176178205,0.003429810711600736,-0.14104639538894226,-3.819478279059496,-2.933607213842333,5.030442760387911,0.4455950571578633
5.989969992844539,-3.64582329602361,-28.797643879631792,-0.7031796944471331,-25.700900214663818,11.251533793427837,3.846597120442256,0.003364167292218944,-0.1407034143177821,9.477673672652426,-15.969244673969877,4.753841439461628,0.44413715794967024
6.003932626860494,-3.0229751380448726,-29.05310952654245,0.6362644183001045,-25.282021194185177,14.840457830601645,3.9307549786042477,0.0028951021270882914,-0.14036699758856042,49.57841957824566,-29.182618614733546,5.540386093007324,0.4426555052750718
6.017895260876449,-0.6211585390575983,-29.40972433465405,1.9810821359135566,-24.863142173706535,16.85774675119572,4.198664797579235,0.0035868714619834118,-0.14007748737585146,86.1119605747148,-72.50842322354478,6.526592956427348,0.44124364322668574
6.031857894892403,1.2263009639101217,-29.151198066301372,3.331011283514549,-24.444263153227894,11.006926361195228,4.557287059815812,0.004742443168781963,-0.139718800229653,88.66152201357643,-112.03962681439515,6.346294277032858,0.4399409015554836
6.045820528908358,2.234698931876723,-29.37404112823738,4.6857886897410275,-24.02538413274928,10.013521435611857,4.84663556173608,0.004196128890669241,-0.13924455591277463,86.92457193339763,-88.19093240664787,6.184013567786819,0.4386302496909571
6.059783162924313,2.4420436328167288,-28.578674565761244,6.045150238053303,-23.60650511227064,11.426106877332021,5.250782366094787,0.0038607590283361096,-0.13882494302370763,118.86569517944682,-108.80048942984146,6.912597981382709,0.4372644234919587
6.073745796940267,3.5244854530345426,-28.675800119040474,7.408830918224101,-23.187626091791998,16.70291506863072,5.499784847190915,0.0042401909979391155,-0.13843886712087405,97.17862629420503,-68.37562694391636,7.330237348624563,0.43601278893904905
6.087708430956222,5.8160509734931765,-28.98908805052084,8.776564878002837,-22.768747071313356,16.40747850104643,5.836971430855791,0.006319255101374871,-0.1380148480210801,104.81955711498156,-101.48405115967905,7.904278208339932,0.4348534884761377
6.101671064972177,7.381961135623064,-28.894150609883443,10.14808547494404,-22.349868050834715,11.725124258054425,6.2471380646440124,0.007771173030792033,-0.13738292251094242,112.0934442324821,-129.59382733254705,7.927532095551104,0.43371433666784487
6.115633698988131,8.773369971762683,-28.379693416276094,11.523125328389813,-21.930989030356073,11.755198674770282,6.630676555889127,0.007310135403018789,-0.13660580520786336,119.59429398611455,-115.44406068315708,8.101534425901033,0.43242472140499233
6.129596333004086,10.03374094163841,-28.457856152623805,12.901416371596236,-21.512110009877432,11.821170374274427,6.886015900172602,0.007248330649721838,-0.13587479166756156,94.33986369082713,-89.91796050559014,8.012769117041936,0.43104676338917747
6.143558967020041,10.460123123478983,-28.390391096451747,14.2826899039935,-21.09323098939879,12.030337799644457,7.216494079251544,0.0074551510675357115,-0.1351499586025895,112.30443769466874,-107.12603755490213,8.502427363965273,0.4297712179882942
6.157521601035995,10.76965049905067,-28.344824980910023,15.666676643569621,-20.67435196892015,16.14508374642534,7.597302771786923,0.00791357288248652,-0.13440444349583602,134.3473627666103,-110.47467629119204,9.308354278558955,0.42855767432278924
6.17148423505195,12.470107756370304,-28.18534834307384,17.0531067793675,-20.255472948441508,19.84184450169858,8.026599484357755,0.010243223974896291,-0.13361308620758727,146.37635496186002,-123.64087018446172,10.243019043810058,0.4273788338624884
6.185446869067904,13.646659163257818,-27.25283586089332,18.441710024085012,-19.836593927962895,17.382914493140202,8.39846477863752,0.013623518150653711,-0.13258876381009754,122.34022415048437,-128.09630036096854,10.264586398272945,0.4262091511288495
6.199409503083858,15.365100464848888,-26.720987528985965,19.832215666768413,-19.417714907484253,19.469493086976453,8.529228831113707,0.014665854334182778,-0.13122641199503216,83.44516944310614,-67.94681661173253,9.982496161415343,0.42486116773327076
6.213372137099813,16.996198311992625,-26.401394134891284,21.224352625587436,-18.99883588700561,17.66044016929265,8.578102191741444,0.016355729841089503,-0.12975982656161378,57.58860290416522,-60.20276186129609,9.693423640017969,0.4232295330939766
6.227334771115768,18.507189988496883,-25.761543533038644,22.617849500683587,-18.57995686652697,16.979257778956395,8.630100228738849,0.01649336135524537,-0.1281242535775049,61.141269924273146,-58.71304799769997,9.63212557176601,0.42154780533676917
6.241297405131722,20.060099902138163,-25.30505048916984,24.012434627080005,-18.16107784604833,16.871636861537628,8.599923547983614,0.01624487415911349,-0.12647491744198014,45.09677518997483,-40.05297826317125,9.384817376473842,0.41975104096960525
6.255260039147677,21.18114266094848,-23.511362188806572,25.407836127643083,-17.742198825569687,16.26599074337685,8.559753414586188,0.016015635730405504,-0.12485043002606888,41.568867136206556,-38.9205354865228,9.262559474745478,0.4179943225587901
6.269222673163632,22.412606335382986,-22.809893343814334,26.803781966085445,-17.323319805091046,18.855724984426253,8.163324542422489,0.0153525194545918,-0.12324886645302824,-27.668026831561658,45.39203101265933,8.360977293255306,0.4163161675800606
6.283185307179586,24.09472775295664,-22.233521182292968,28.199999999999974,-16.904440784612433,19.213225535124174,7.799173721851473,0.01582153140181656,-0.12171361450756905,-28.132405891115635,35.61777720940722,8.268512282039204,0.2229175189441901
