Time,X,Y,Ref_X,Ref_Y,u,v,r,psi,Tp,Ts,Lateral_Error,Heading_Error
0.0,179.4727907576585,-87.5330603976125,178.2,-85.4,-11.167511555872476,1.6599963652263718,-0.00239079246215434,0.0,20.703754700206915,-70.30127053023315,2.8284271247461903,1.5795237439787453
0.013962634015954637,178.32195709029455,-88.06663633687972,178.18537860139563,-83.72470167658587,-2.97959405724505,4.059541854130716,-0.004569722428975558,-0.00023907924621546783,86.29136096024065,-50.28894535401783,4.020077885826719,1.5969919793292684
0.027925268031909273,178.11422352566427,-87.71984211412611,178.14151725605313,-82.05070970041018,0.11869694003917886,7.185770304525994,-0.005324296164225581,-0.0006960514891130032,99.1006624917824,-84.60484165357902,6.018632056303561,1.6147395219495255
0.04188790204786391,178.17683820071025,-86.64841270492684,178.06842451482873,-80.37932940006108,-0.32122249053116825,9.9722081181865,-0.00506221168248739,-0.0012284811055356393,87.01921440645054,-87.530975856198,7.3406555875305735,1.6327720874814942
0.05585053606381855,178.7168746881485,-85.95346539644655,177.96611462729715,-78.71186406762048,-1.1048246780713047,11.971619835458629,-0.0051869514611960835,-0.001734702273784361,69.08651416039521,-70.75648142886074,7.939345608847206,1.650974265683442
0.06981317007977318,177.5833009455655,-84.87485371128743,177.83460753897361,-77.04961394239608,-4.5939983722963,13.849729995696258,-0.005779604251532784,-0.0022533974199041573,62.85919696386759,-76.40737113693271,8.947455841651848,1.6692715863080894
0.08377580409572782,176.90738706964615,-83.65080367570711,177.67392888742563,-75.39387519703386,2.1243586039177176,15.346882944953546,-0.008759611742227853,-0.002831357845057614,78.03271628636958,-46.0256100360326,9.481411657110113,1.6877301414531685
0.09773843811168245,176.69864267145115,-81.10685931874536,177.48410999727466,-73.74593892680168,2.255871840560174,16.509587725035114,-0.005328434383231065,-0.0037073190192802308,56.845786304695565,-53.334143105762664,9.921640742808707,1.7064243863409834
0.1117010721276371,176.9954572712362,-79.10128883864547,177.26518787408943,-72.10709014283196,2.1349952527237503,16.390324653924676,-0.0033541994508137747,-0.004240162457603169,23.01365611844102,-20.439218179745605,9.01758386078851,1.725621009943537
0.12566370614359174,176.64701664349116,-77.56688650106602,177.01720519717168,-70.47860677010871,-0.8754900028693027,16.010819480865695,-0.0024404069912635695,-0.004575582402684741,9.240210977790877,-19.61973037566265,8.622709494546822,1.7447071661552167
0.13962634015954636,176.22664645351122,-75.7308644333317,176.74021031123553,-68.86175865098005,0.6428210448347147,15.873919548644768,-0.004502619385360217,-0.004819623101810944,25.26614201518311,-15.777780712032484,8.705626683131436,1.7638571623502992
0.153588974175501,176.80710640715284,-74.38684452450799,176.4342572169829,-67.25780655497334,0.6971658183327258,15.609287894988904,-0.0043451861422854,-0.005269885040346978,18.32390770149126,-15.238565121463258,8.47560098394916,1.7832060095256832
0.16755160819145565,177.03763886000655,-72.91421016422423,176.09940556057575,-65.66800119568501,-4.467615182078004,15.662765258142798,-0.004200646314058406,-0.005704403654575696,14.965442927242202,-35.254230599414015,8.747517904000368,1.8030806305720128
0.18151424220741028,176.55931314462828,-70.8391409720781,175.73572062200788,-64.09358225551179,-5.866092945333502,15.771033146452575,-0.008355680477180327,-0.006124468285981344,24.69726826030808,-28.695954909417175,8.916191328274104,1.82328872812099
0.1954768762233649,175.90442190165587,-69.16073376412248,175.34327330237872,-62.53577741898356,-4.879205606731576,15.403099150813244,-0.011793032117104104,-0.00696003633369946,17.004107314699972,-10.473571005094163,8.391936557958308,1.8438615773750513
0.20943951023931956,175.79885103906136,-67.31449410505644,174.92214011007084,-60.99580141545199,-3.98897437266237,15.091423825389985,-0.012715001543492506,-0.008139339545409907,17.751025050778175,-11.603312601028517,8.223806769157779,1.8652593962179527
0.2234021442552742,175.94543052623155,-66.20930954143347,174.47240314583448,-59.474855071881066,-6.2907354523390975,14.649417680521925,-0.01243554708322997,-0.009410839699758977,6.575676344308094,-14.653023149294825,7.951063085143581,1.8874408865778083
0.23736477827122882,175.44201072517058,-64.84375200631912,173.99415008678193,-57.97412437647836,-8.9893576990253,14.72852998481649,-0.013920027252057609,-0.010654394408081913,19.159632705011852,-29.331216260400865,8.463200934308215,1.9101851010141822
0.25132741228718347,174.43050924066333,-64.43771849961789,173.48747416929464,-56.49477955389709,-8.059024445196744,14.86365005874183,-0.016816148110714284,-0.012046397133287812,28.76898782480016,-22.996953688927302,8.574704319074641,1.9334024916793204
0.26529004630313807,173.24674839794343,-62.91337138794235,172.9524741708467,-55.037974152730186,-5.887305286599082,15.809351492947153,-0.017633550338313188,-0.013728011944359242,54.014777848955596,-42.57126796324856,9.515239432324083,1.9572999019169455
0.2792526803190927,172.40482793710183,-61.7463121697609,172.38925439074782,-53.60484414600771,-3.3257505190414953,16.25260805127352,-0.016707142840251234,-0.015491366978190424,42.718495838048156,-29.148659143196817,9.347939633214141,1.9820486169919613
0.2932153143350474,173.07458965135723,-60.30369045980424,171.79792462981007,-52.19650704539936,-3.0013040883301043,16.693757815230622,-0.014166086348837613,-0.017162081262215523,38.52033936850826,-34.60459988544479,9.569070463617855,2.007470333813192
0.307177948351002,172.24171146849812,-58.83171780998238,171.17860016894204,-50.814061029812414,-10.402955841518274,16.85741829246573,-0.012623791480887043,-0.01857868989709921,14.387549980925652,-44.91826317126084,9.677181554357443,2.033419420259433
0.32114058236695664,170.4413314495682,-56.472016553686764,170.53140174667448,-49.45858408906486,-6.632368317281776,16.85178087575514,-0.01837766979878671,-0.019841069045187787,34.599640208558945,-15.953834897846326,9.527895627827041,2.0597620253372106
0.3351032163829113,170.17176779894712,-54.70150261931565,169.85645553562213,-48.13113318330138,-1.739541528728501,16.017840281922435,-0.018184171632337754,-0.021678836025066595,14.498581740148667,9.573545719993124,8.361364436088508,2.0866241383908157
0.3490658503988659,170.09142290599908,-52.41838651804299,169.15389311788624,-46.83274341880765,-6.028341338455322,15.164992763301166,-0.013689717771486492,-0.023497253188300427,-7.610626408666255,-8.96553214850739,7.934320400760483,2.114759570327097
0.36302848441482055,169.8079215676977,-50.25947519032839,168.42385145940216,-45.56442724086551,-7.979326458367342,13.848534236988089,-0.014663367731427297,-0.024866224965449213,-16.642961281974753,9.921557885183939,7.0539033380613185,2.1435953844990703
0.3769911184307752,169.3255213949687,-48.32554792145006,167.6664728832377,-44.32717364427868,-9.821968439476864,12.361587014037303,-0.01620296905832197,-0.02633256173859211,-23.303029187794614,16.649916665038532,6.306980585148425,2.172720367401184
0.3909537524467298,168.3608274470293,-47.840678099929335,166.88190504184695,-43.12194740218433,-10.76109467859364,10.944832020596802,-0.017597530579303182,-0.027952858644424428,-21.855191999042162,18.811085872189,5.748801548613984,2.202696715947747
0.40491638646268446,166.69489932098523,-45.828951666004365,166.07030088828515,-41.949688313751956,-9.698312667377785,10.747686015103508,-0.018057325715154525,-0.029712611702354952,13.75300848677546,-8.166458414423134,6.320622799784726,2.233592295492614
0.4188790204786391,165.23346002824096,-44.0025037670002,165.2318186463901,-40.81131047135635,-5.391023127327446,9.939939683444447,-0.01764418663583869,-0.03151834427387046,3.98936955061771,16.19263637285129,5.226598149714828,2.2653991005651104
0.4328416544945937,164.5790994571621,-42.18895322023933,164.36662177993628,-39.70770154779581,-3.600444114336581,8.920530522739206,-0.014790846758574231,-0.03328276293745436,-8.49415059069577,17.772424711111785,4.381407838903711,2.2980247049680846
0.4468042885105484,163.5650675398716,-40.663467728998754,163.47487896076706,-38.639722104111556,-5.497203999039344,7.7430568323322655,-0.01216069603639534,-0.03476184761331158,-22.568334405762247,15.39926351468319,3.7170343582415946,2.3313767384149093
0.46076692252650303,163.22572377556435,-39.235073452088926,162.55676403591193,-37.60820491854823,-4.175000363434293,6.699066621911088,-0.01129877603267358,-0.035977917216951205,-13.65792412494068,20.497033778878837,3.2173446811026265,2.365199317256959
0.47472955654245763,162.94631738907665,-39.216356444621574,161.61245599369462,-36.61395433717835,-7.982661986625532,5.752894608843911,-0.010070611677224697,-0.037107794820218754,-24.028201897636222,7.912259752683124,3.077807393351388,2.3994954977625307
0.4886921905584123,162.30314628392557,-38.506824057780435,160.64213892883905,-35.6577456466975,-10.61152098253876,5.991325912842719,-0.010262756751751204,-0.038114855987941176,9.410609059489145,-20.815127856210943,4.239451519680911,2.4344149069802956
0.5026548245743669,160.97677060798796,-37.615593759199214,159.64600200657952,-34.7403244698791,-11.657917397537538,6.278019808825675,-0.011285297749731912,-0.03914113166311628,14.508096526088197,-19.08678898366466,4.609439755143112,2.469885368673279
0.5166174585903216,159.64953772130767,-37.25656356207915,158.62423942578283,-33.862406184160136,-9.583328027319507,6.431028853306363,-0.012344382653241759,-0.04026966143808952,18.20483949667401,-8.898463780058233,4.429539472301287,2.5060047306031876
0.5305800926062761,158.94599793484315,-36.755771169292345,157.5770503810886,-33.024675363811426,-8.93007510288798,6.917496250490318,-0.012275841922961977,-0.04150409970341373,24.520426391423413,-21.32101560877038,4.7121207007042925,2.5428031227716517
0.5445427266222308,158.21951648010457,-36.33345059007839,156.504639024076,-32.22778524612712,-11.3336673647875,7.40876566264188,-0.012244143685254413,-0.04273168389571014,18.631286833453885,-28.95580777769199,5.144209351451844,2.5802226790657956
0.5585053606381855,156.6667296596981,-35.51591208691384,155.4072144234639,-31.472357222049986,-12.610521336366828,7.932775702456214,-0.013385291878663393,-0.04395609826423552,22.70300821471887,-28.176683690195727,5.615983581749071,2.6180808547318
0.5724679946541401,155.1812604343032,-35.08101240177068,154.28499052435262,-30.758980351629376,-9.736926978049926,8.144786467115846,-0.01485959007052608,-0.045294627452102,24.173307499505185,-11.14764024554855,5.3198760176335576,2.656303886635584
0.5864306286700948,154.1784504404593,-33.51033643789295,153.13818610651492,-30.088210904689973,-9.023963544496425,8.465166678867721,-0.014550235000117472,-0.046780586459154616,22.791815512978598,-19.082580819187584,5.394647300622984,2.694924791953552
0.6003932626860494,152.0097868406107,-34.043312873676385,151.96702474174427,-29.460571927069267,-10.032247188195239,7.849126266958297,-0.01430796440374926,-0.048235609959166315,-6.197524184872804,2.3370671617979437,4.614216749792349,2.733886879252733
0.614355896702004,150.6975691934737,-32.53815179396127,150.77173475026927,-28.8765528327622,-4.5420565100570425,8.47872716533928,-0.014202332612323178,-0.04966640639954134,41.477702382361954,-16.482142165868677,5.3130200732527175,2.772917327719016
0.6283185307179586,151.22652470001026,-31.90449380787151,149.55254915624212,-28.336609022290794,-5.867749501505788,8.023750217884736,-0.0121241303473979,-0.05108663966077387,-2.215326581694469,-2.570632296670176,4.354771239438211,2.811925398840854
0.6422811647339133,151.1325433909929,-31.22677361788707,148.30970564231,-27.841161527596554,-15.250611279501113,7.579389994806099,-0.011465264980236244,-0.052299052695513826,-20.71097584122394,-20.319672417456214,5.001849921307901,2.8508258904224917
0.6562437987498679,148.83968044439172,-30.286359032800817,147.0434465032786,-27.39059668373244,-18.22522134099161,7.0935188503151885,-0.01470893616147948,-0.05344557919353754,-8.735659091447925,-4.731515307250629,5.606867826804447,2.8893228860793645
0.6702064327658226,146.59740388572808,-28.963689286132478,145.75401859887594,-26.98526582761039,-11.373968893834677,6.4338514564310225,-0.01717403701083711,-0.05491647280968559,7.480060688942136,22.58701922563493,4.518686244277888,2.927461481008468
0.6841690667817772,145.84409199759446,-28.01578277579477,144.44167330562692,-26.625485024039364,-8.494566944242342,5.322322444270796,-0.015590128662402721,-0.056633876510769454,-14.512821156372375,27.465749435352404,3.18031028443039,2.9655384491805155
0.6981317007977318,144.80299071206127,-27.15631437394752,143.1066664678467,-26.31153481926752,-12.640805552451049,4.1617407481096444,-0.013288386479884909,-0.05819288937700984,-33.164006250612076,14.846892342466155,3.2245867375901156,3.0033872157267005
0.7120943348136864,143.09540938624906,-27.49646289488042,141.74925834776346,-26.043660022220706,-12.664112071237561,3.0238714337897648,-0.012450945108728505,-0.05952172802499822,-25.372155092386453,24.86270082631895,3.250120160728914,3.0405201427709727
0.7260569688296411,141.70344495891095,-26.85156969969842,140.36971357477978,-25.822069513607786,-11.009531962326985,2.8879098791492313,-0.011176699919103195,-0.06076682253587107,4.064707544291428,2.7536589411219277,3.198907759206379,3.0767896894779856
0.7400196028455958,140.34392821702457,-25.89123999449803,138.96830109388256,-25.646936083041787,-11.536664669303,2.421202957533425,-0.01018386199288408,-0.061884492527781276,-9.99840986023448,7.2221985935395265,2.98867096094262,3.1122742641180405
0.7539822368615504,139.7836034309451,-26.06602645824658,137.54529411321172,-25.518396294303713,-11.413632445334684,1.4726244205677694,-0.00949340597939157,-0.06290287872706957,-22.528365641862074,22.53183652015096,2.823360634385716,3.136314900952815
0.7679448708775051,138.86748529465945,-26.123682621648832,136.10097005079766,-25.436550378854257,-16.478038359756454,1.1215624919040088,-0.008497112229190577,-0.06385221932500862,-19.230495937312376,-4.0947305671905,3.73604453226984,3.1026303270843165
0.7819075048934596,137.28019648029513,-26.119454343365835,134.63561048047814,-25.40146215767632,-17.670720526301633,0.9760345514093267,-0.00803773372130036,-0.0647019305479275,-5.756710884234356,-0.8591458775433632,4.293060311885075,3.0698698210525635
0.7958701389094143,135.59846441461815,-27.047219329419587,133.1495010770048,-25.413158991509277,-16.653697722517173,0.887148247365575,-0.007723901933545424,-0.06550570392005772,0.4473618645357178,2.6669845242781705,4.190644060143746,3.0380983317794255
0.8098327729253689,134.0036981581664,-27.429200723367572,131.64293156035046,-25.47163175951396,-16.373916690722208,1.5661549977910896,-0.007364015351471373,-0.06627809411341223,19.788287530465308,-19.8730174595725,4.257783032475022,3.007288495652109
0.8237954069413236,131.3623032658448,-26.865007403897014,130.11619563922747,-25.576834866384793,-16.208438873317778,2.1638051279793653,-0.007745114766627958,-0.06701449564855944,18.40562787169209,-18.86644443513451,4.306266956758727,2.9774445190290426
0.8377580409572782,129.3667457890897,-26.986470574167022,128.56959095382874,-25.728686277903606,-9.909181008911343,1.955409367129091,-0.008506157065503568,-0.06778900712522207,10.960695356262363,16.117082101297797,3.0150402582826255,2.9485827721131783
0.8517206749732329,128.21342239772716,-26.66068779674308,127.00341901780207,-25.927067584907505,-9.858199479951926,1.801806522954021,-0.008086336420866619,-0.0686396228317725,-1.507031649806303,1.2965904698946924,2.5899127633062773,2.9206345625241186
0.8656833089891874,126.73118594808126,-26.15811741879973,125.41798515946964,-26.171824095620728,-12.07532569978412,1.217930209911866,-0.007813824791189234,-0.069448256473859,-18.622315731602455,8.25158276185418,2.837861355195471,2.893561618948709
0.8796459430051421,125.3086176652873,-25.023379130344328,123.81359846230346,-26.462764956278683,-11.618340713647441,0.2348829873399133,-0.007543790824387033,-0.07022963895297796,-24.646701053362236,25.903729468093672,2.933449651734153,2.867476754496897
0.8936085770210968,123.81235898736062,-25.908263577626265,122.19057170466908,-26.799663299949927,-12.332649318586965,-1.5302689340738138,-0.006840897170776225,-0.07098401803541687,-50.26943639191296,46.18819822902175,3.5885088914086642,2.8423556467652187
0.9075712110370514,122.02972098529999,-26.696934957220716,120.54922129884875,-27.182256423440215,-13.053937558096946,-2.079542087692554,-0.005241813318593551,-0.07166810775249433,-19.770271435459524,15.310780484828319,3.5030166064938593,2.8181847902987878
0.9215338450530061,121.30310209413591,-25.588732086424862,118.88986722935623,-27.61024599214052,-12.230874094298482,-2.0723718458866403,-0.003911507444843342,-0.0721922890843536,-1.9425658666490473,4.22901068941661,3.269987561936655,2.794991161478569
0.9354964790689606,119.39576165592048,-25.837208511736158,117.21283299055523,-28.083298272659384,-17.207650850449536,-3.4349261245817964,-0.003408515690165877,-0.07258343982883808,-52.42224907446545,28.864614515401964,4.790945814472479,2.772845586032986
0.9494591130849153,117.48946274754628,-26.556109195516722,115.51844552359341,-28.601044393058224,-14.02931772285698,-4.382696236995947,-0.0013431073840741306,-0.07292429139785472,-25.246041221862185,37.40968513546092,4.761551130554732,2.751700426348443
0.9634217471008699,116.80731377332522,-27.74654889622896,113.80703515266475,-29.163080630486512,-14.195135204960714,-4.755282476756259,-7.30775495851575e-05,-0.07305860213626225,-18.25310387381625,15.66485940415322,4.511825911346029,2.7314506886428487
0.9773843811168246,114.96315141031016,-28.523597009705625,112.07893552061202,-29.768968725992764,-20.198300031740715,-4.5354492195070915,0.0009670411723616025,-0.07306590989122075,-15.635270653628632,-13.130110458298354,5.142736904465655,2.7122292603637708
0.9913470151327792,112.36898310344768,-29.50081315743328,110.33448352388254,-30.418236226265634,-17.43752949827474,-4.304805482938731,0.0027872386083803062,-0.07296920577398458,4.298976808699376,5.514277653801815,5.001422214108049,2.69393251665718
1.0053096491487339,110.8267331705046,-29.859079313128312,108.57401924684949,-31.11037685203884,-13.945936917051458,-3.894844255219273,0.0029076517579808654,-0.07269048191314642,11.397225861127348,2.021147279334586,4.122189461909639,2.67651295668991
1.0192722831646885,109.40907373580636,-28.892949864004784,106.79788589551187,-31.844850892872486,-16.41611695484533,-3.99725426414422,0.0018444184501164437,-0.07239971673734846,-15.147908076648202,2.3449935434051556,4.491647707928127,2.6600239205109033
1.0332349171806432,108.02293409097634,-29.500253765869278,105.00642973058572,-32.621085628003016,-16.877667189499046,-5.513794853131279,0.001752308211988659,-0.07221527489233681,-49.77329045779313,45.66898464198349,5.7690788269452415,2.644270826838657
1.0471975511965979,106.68995421064803,-29.765725810931677,103.19999999999999,-33.43847577293369,-18.96275198569422,-6.530944202066668,0.0031752241786178106,-0.07204004407113773,-42.149442223869016,30.50271545506842,6.2265789823006585,2.629110958789109
1.0611601852125523,105.11054350797757,-30.80989603606227,101.37894887080992,-34.29638395141715,-20.66629356160077,-7.597355476979471,0.005539071222263811,-0.07172252165327597,-44.365620872351904,34.04743268522847,6.980948424514833,2.614617479390257
1.075122819228507,103.648686716287,-31.634027240395685,99.5436313605413,-35.194141192462304,-21.521001642907155,-8.065896161456095,0.00858285599094635,-0.07116861453104972,-27.82347659350941,20.95982571430362,7.086050835881059,2.600918467985318
1.0890854532444616,100.91178908431878,-32.364654513500106,97.69440526797926,-36.13104745197776,-23.334334551422195,-8.431290177867432,0.01108234819030006,-0.0703103289319551,-27.88712506417467,16.580238629379725,7.461679324993763,2.588085217924413
1.1030480872604163,98.0936798406338,-32.765761162459995,95.83163110341462,-37.10637215864516,-17.710967350646587,-8.778575368974495,0.0136293657436893,-0.06920209411292522,-11.406670750304489,33.112340001487766,6.949236744939991,2.5761636222370004
1.117010721276371,96.47904879942384,-33.852368303634286,93.95567201836162,-38.119354783596684,-14.37682577244819,-9.41559967550187,0.012801201585868246,-0.06783915753855618,-24.69410022928699,36.715326053311195,6.766392938446683,2.5650779066028964
1.1309733552923256,96.10336147108701,-35.789810227242306,92.0668937347609,-39.16920543345265,-17.21515803593372,-9.739478096241081,0.011328274571335707,-0.06655903737996915,-30.75449349830414,15.4294614855717,6.909114949083279,2.5548122748845947
1.1449359893082802,94.02493542442991,-36.845716743805454,90.16566447368126,-40.255105466256545,-25.005719150549467,-9.286320889877516,0.0122971756235525,-0.06542620992283554,-21.194982197969356,-16.631189259139976,7.429340967041727,2.5450094839426542
1.1588986233242349,89.79529248949747,-38.05982663939209,88.25235488353424,-41.376208129827425,-21.162218172250842,-9.082232451893324,0.01617798521234947,-0.0641964923604803,-1.6941339100379544,15.134245018442336,7.338122259811884,2.5355861724010906
1.1728612573401895,88.23934338266729,-38.96782040614726,86.32733796781544,-42.531639222031814,-9.815442360856068,-8.803378044842312,0.016159733969229456,-0.06257869383924541,17.721847895784936,29.72286059087198,5.658958944780372,2.526768484857901
1.1868238913561442,86.74299320364548,-39.55455185345707,84.3909890123868,-43.72049777246018,-16.1522251433449,-8.896893768909177,0.010577156087327417,-0.06096272044232265,-30.98751440651971,0.6016508180844238,6.115371902633561,2.5188304203829586
1.2007865253720988,85.53248225858171,-40.09233170864289,82.44368551231383,-44.941856744976604,-16.103863446220736,-9.488958020231708,0.010558485423628283,-0.05990500483359007,-30.956497637258334,28.426558985776868,6.892539489834917,2.511365721089431
1.2147491593880535,84.44019581839022,-40.886848985435016,80.48580709827228,-46.19476376059369,-20.08758905883352,-10.430853665315393,0.010994082222463359,-0.058849156291227445,-50.51550701614816,29.86890772111072,7.918876632601413,2.503802431317012
1.228711793404008,83.4250015350066,-42.04631251298005,78.51773546253827,-47.47824184010894,-23.350903246487853,-11.379701843408773,0.014193917315503457,-0.057749748068981255,-50.807346213808565,32.8131952237331,8.861263816820067,2.496682232768565
1.2426744274199626,80.61896942477308,-43.500377893437346,76.53985428457666,-48.79129016592394,-27.493751699221725,-12.05654131663332,0.018864420412432015,-0.05633035633743111,-46.953864386566224,24.540750425602393,9.638463373319182,2.4900366395684412
1.2566370614359172,77.81127363453557,-44.882869259673576,74.55254915624212,-50.13288486245161,-21.471368030282893,-12.286842789819469,0.024836265739724035,-0.05444391429618811,-13.204617748243166,35.718886466439685,8.988414964189518,2.484128939751582
1.270599695451872,74.51854142346058,-46.238330092846084,72.55620750660701,-51.501979794503725,-19.306362459670023,-12.356718340400302,0.024490063055533202,-0.051960287722215615,-17.389776015946886,23.271505517929967,8.451529109054853,2.4790938202289237
1.2845623294678266,72.85780756542236,-47.52241118563101,70.55121852643147,-52.89750738303562,-13.017500291691327,-12.367761100173682,0.022986607795834724,-0.04951128141666228,-6.557173024455765,31.097103096021637,7.7514058822556455,2.4750497694929363
1.2985249634837812,70.97520538710947,-47.900769030418736,68.53797309228986,-54.318379437612194,-17.405506998089354,-12.490689269052814,0.0181104783741582,-0.04721262063707865,-33.2077543394419,10.66048710600966,8.052710994267718,2.4713540490373815
1.3124875974997359,69.8901312600783,-49.57013395068937,66.51686369036858,-55.763488004946154,-16.32460895048187,-13.436409432900202,0.018395587793169528,-0.04540157279966284,-44.0549713593341,45.47284323842016,9.038758784108133,2.4678806897627656
1.3264502315156905,69.01240921217831,-50.94860584525226,64.48828433995016,-57.23170623284656,-22.13263284802087,-13.806586386077683,0.018692334656222283,-0.043562014020345874,-45.114892409018374,15.6964850034189,9.374414114130941,2.464282848374459
1.3404128655316452,66.71594151483193,-53.2790383824155,62.45263051659835,-58.72188924890436,-26.46414835673224,-14.128709199473283,0.023371534029968503,-0.04169278055472381,-41.39007897423359,17.90256296804388,10.171264985658272,2.461067719440476
1.3543754995475998,64.08416673410933,-54.71243001953985,60.41029907505947,-60.23287505322939,-23.706516937281194,-13.608495975752497,0.029517148090946816,-0.039355627151727024,-3.1001253625614558,10.819832028474835,9.387064025701303,2.458228163237646
1.3683381335635545,61.14950809454397,-56.12707239832695,58.361688171894684,-61.76348542454295,-21.57680851307388,-13.37876446815408,0.03008778262207022,-0.036403912342632516,-11.408712420415,16.707091790795012,9.08097699696622,2.4561947275208365
1.382300767579509,57.742937404108304,-58.51731910644678,56.307197187858705,-63.31252683891932,-17.55641258032831,-13.329947266041037,0.02860008898165405,-0.03339513408042549,-11.65862890571277,25.671795785413458,8.66479834934614,2.4551069433110158
1.3962634015954636,56.51519508390005,-59.48217119657043,54.247226650039565,-64.87879140045987,-11.816985690218594,-12.579825624148942,0.025000647009490035,-0.030535125182260092,11.696763009960046,10.42956348159686,7.258672290688435,2.4544007713774443
1.4102260356114182,55.601038412390245,-60.96858583428602,52.18217815377524,-66.46105778317386,-18.644965915604697,-12.692328427690962,0.018538580413394522,-0.028035060481311103,-38.62481721758912,5.263071852172514,8.214614641321987,2.453864390030046
1.424188669627373,53.93029708530536,-63.0108586439857,50.112454284361746,-68.05809218333171,-22.593244313224314,-12.859582533429581,0.01969547734037925,-0.026181202439971685,-34.320185665255565,13.08650480372441,8.965804816278656,2.453281172366643
1.4381513036433275,52.13454029288825,-63.75998780102648,48.038458538568364,-69.66864928154811,-23.501095866784546,-12.592347259026766,0.023171855119838006,-0.024211654705933672,-16.059024342852773,7.9804850925485615,8.890440800906875,2.4523599262599487
1.4521139376592822,49.957117836593994,-65.27013187545606,45.96059524597514,-71.2914732138446,-24.70076210490316,-13.165007875957148,0.025241978337978487,-0.021894469193949995,-39.32920584995131,29.89947672877981,9.738627724982354,2.451858127628433
1.4660765716752369,47.19963258500469,-66.86813332451733,43.87926949014802,-72.92529855093444,-23.80388778022504,-13.563790083355627,0.027891321449568334,-0.019370271360152014,-30.818175054841024,30.5554009677276,9.774549470525526,2.4520038014250702
1.4800392056911915,44.88513485536918,-68.89154281893529,41.79488702966702,-74.56885128496641,-20.495447511225247,-13.79664825855564,0.029195852548762953,-0.01658113921519533,-21.424300476908353,31.986231065144626,9.408099256721597,2.4526528856874803
1.4940018397071462,42.36545604694707,-70.41020947588238,39.70785421902279,-76.22084982295773,-20.630783400001246,-13.600187198442393,0.02782500777733358,-0.013661553960318873,-17.52321577202034,12.999587703376148,8.973459530565659,2.453860343108392
1.5079644737231008,39.374589311338106,-71.20093816306928,37.61857792939699,-77.88000598614175,-18.28024482211967,-13.595397079948771,0.026963944462928352,-0.01087905318258553,-16.937406263001535,23.543162900149714,8.85046392951007,2.455489202244195
1.5219271077390555,38.170297141318215,-73.18708345670744,35.527465469341976,-79.54502601445105,-14.202070454119678,-14.300511052661411,0.024766266133569206,-0.008182658736292758,-32.43598377682443,47.013429938904046,9.188262290946636,2.457269897424914
1.5358897417550101,37.044580714402976,-74.50626233128303,33.43492450537513,-81.2146115753525,-20.835923804344677,-14.412260978919925,0.021258417810699703,-0.005706032122935856,-41.048667314352954,8.040069124174684,9.320137429076665,2.4592518352364734
1.5498523757709646,35.88344829828994,-75.91232728705731,31.341362982503558,-82.88746077624802,-23.834281081536368,-14.75709501842063,0.02445960329777344,-0.003580190341865741,-39.89449687928733,22.419445397198366,10.137612138533195,2.461300234760709
1.5638150097869192,33.63395418931379,-76.79010772291299,29.24718904469424,-84.56226917965128,-28.023639478649788,-15.153760203796647,0.02885731038050246,-0.0011342300120884552,-44.642656477936875,21.480138659233514,10.902358993639254,2.4632834085982074
1.5777776438028739,30.504797394559965,-76.99453682645208,27.152810955305775,-86.23773082034872,-25.704403293884123,-16.014948421762323,0.034986360977741174,0.001751501025961666,-43.62595909122932,49.080748659422554,11.456997853317809,2.4658720368715565
1.5917402778188285,28.193577901109926,-78.16743032221869,25.05863701749646,-87.91253922375198,-20.987449854337264,-17.68584438760511,0.03750526106784923,0.005250137123735676,-61.64814993016954,77.95423163242606,12.200960585140127,2.469185994998727
1.6057029118347832,25.70465505905602,-79.96280885331741,22.965075494624855,-89.58538842464752,-21.79849058007639,-18.98581144140763,0.03675170469264662,0.009000663230520622,-66.21788073366676,58.0449250852696,12.558144952318408,2.4733990877312353
1.6196655458507379,23.048082805081187,-82.04143152417755,20.872534530658008,-91.25497398554897,-19.512481147340857,-19.57343443288982,0.0386387284703164,0.012675833699785422,-41.87619160916786,47.267889568904586,12.282604861125822,2.4781514194350396
1.6336281798666925,20.88411273027079,-83.61585935120955,18.78142207060299,-92.91999401385826,-17.428659578596285,-19.542660464954682,0.038020648055087515,0.016539706546816912,-26.152042756153214,30.79151149471599,11.685354751355478,2.4831173160233666
1.6475908138826472,18.96662674628424,-86.37899761837927,16.692145780977196,-94.5791501770423,-18.035984271472206,-19.582351330133935,0.035519738521175445,0.020341771352325733,-33.95439690967352,26.779140958134136,11.73739036735842,2.4885628635944497
1.6615534478986018,16.796365058639985,-88.25847750512658,14.605112970332968,-96.23114871503361,-18.846923343281333,-18.66841984650037,0.034922728565777515,0.023893745204443206,-8.372271398538588,0.21231061105319712,10.774399456541419,2.494240041971346
1.6755160819145565,15.076170267790584,-90.16626813410679,12.520730509851965,-97.87470144906558,-18.21657364381477,-17.96857477876172,0.03452018206307476,0.027386018061021034,-9.614611920752953,7.954157074984103,10.523916273649062,2.499963527538814
1.6894787159305111,12.553374940047886,-91.26395068351067,10.439404754024842,-99.50852678615541,-20.609825668070435,-17.34023792585045,0.03301798570497827,0.030838036267328395,-17.192045037236515,2.1823025756758905,10.429640029810459,2.5059271467609427
1.7034413499464658,10.48053086549315,-93.0418961960344,8.361541461431614,-101.1313507184519,-17.48268371679531,-17.435133237375545,0.03373437388022524,0.03413983483782612,-23.837028955203756,33.35724058744375,10.720869897634534,2.5121542691152774
1.7174039839624202,9.296441486958853,-94.85894629839679,6.28754571563827,-102.74190781666829,-18.81830704007163,-17.334581264224255,0.031377898284850436,0.03751327222584866,-28.43051282479014,18.307063897416057,10.567466579428393,2.5185393500501267
1.7313666179783749,6.94290238215397,-96.24026072815451,4.21782184622478,-104.33894221682615,-23.384821619408395,-17.053682853325267,0.031256598207290986,0.040651062054333664,-30.6485797832734,5.947941238130979,10.754659458517844,2.525309177683723
1.7453292519943295,4.456219037521214,-97.60996002618833,2.152773349960455,-105.92120859954012,-20.259273906314842,-17.066341459273968,0.03497268335461939,0.04377672187506265,-21.29662662436583,30.559187815234637,10.801207702546451,2.5321619177079815
1.7592918860102842,2.155240522648549,-98.87965775394855,0.09280281214130781,-107.48747316108069,-19.283218035045508,-17.238502375093766,0.03416322369074161,0.04727399021052481,-30.282852980023133,30.266496231994086,10.79836408378045,2.539327076547626
1.7732545200262388,0.5341686595951746,-101.10405933119992,-1.9616881718947,-109.03651457545708,-18.536144758511032,-17.558773375669933,0.0330193212845962,0.050690312579598995,-35.094956005089045,34.12826071627839,10.959509221154836,2.547194934002894
1.7872171540421935,-2.301029094635701,-102.42669585581754,-4.010299075059482,-110.56712494677063,-21.193093041425662,-17.125590359281503,0.03210561841148146,0.053992244708058745,-22.520086962760104,6.357444112914099,10.4977044079129,2.5553200460404226
1.8011797880581482,-4.887452852579009,-104.43179554165901,-6.0526305165983665,-112.07811075109566,-15.989115088225919,-17.07398337580134,0.03355207565617654,0.05720280654920673,-14.873815804705302,33.651271462757656,10.354917803153665,2.5636766658821837
1.8151424220741028,-7.28707308016632,-106.26365925060416,-8.088284339950167,-113.56829376715345,-14.885333612573332,-16.63740982605788,0.029642806104691694,0.06055801411482431,-13.102954787069452,14.09916250673885,9.68095666941081,2.5722961169490466
1.8291050560900575,-8.531817233174188,-107.81627289403242,-10.116863690368593,-115.03651199505387,-13.258332921501617,-16.111349810086924,0.02623768887268426,0.06352229472529336,-8.777361841577752,12.288973774840704,9.217953144456079,2.581423344568868
1.8430676901060121,-9.33122613560809,-110.37929313940245,-12.137973092289872,-116.48162056238783,-18.29153111766426,-15.684903974550377,0.02263064366664887,0.0661460636125617,-25.52458540722804,-0.5016099828886617,9.385766366882722,2.5905323519404453
1.8570303241219668,-11.810885980327631,-112.669994073886,-14.151218526431482,-117.90249261696441,-22.852865240047397,-14.432611397992849,0.02461591359931997,0.06840912797922671,-1.4425070050748676,-22.945026218233473,8.934811527211078,2.5996837981376766
1.8709929581379212,-14.543387508497668,-114.07006871060324,-16.156207506606993,-119.29802020549627,-18.24056043486627,-13.037791771547946,0.027942227952848737,0.07087071933915867,24.769647984211268,-8.4183383383151,7.925436869224018,2.6088684240682354
1.8849555921538759,-17.100364836081607,-114.86065899868223,-18.1525491562421,-120.6671151375484,-15.948964163742337,-12.29415211915414,0.024848964489424717,0.07366494213444374,4.23125291334825,2.4482556058618115,7.519778544533019,2.618657106976587
1.8989182261698305,-19.25291744600208,-116.1023523371759,-20.139854284576653,-122.00870983407606,-13.954088611108588,-12.373652724438378,0.02094663102557482,0.07614983858338631,-17.754911843124074,23.456511010060094,7.76744017375655,2.6291963311942306
1.9128808601857852,-19.71971268997332,-117.32437459894003,-22.117735462538246,-123.32175815989106,-13.847601856713851,-12.47930145938843,0.01763439653912708,0.07824450168594366,-22.771595878848665,20.220435192933046,7.767045944303649,2.6398572747339877
1.9268434942017398,-21.697881499991485,-119.0445279581498,-24.08580709827228,-124.60523623940634,-22.351613752411854,-12.478113927681251,0.015882545305695762,0.08000794133985645,-39.30237981472502,-1.764220047832137,8.489624644811645,2.650572943217704
1.9408061282176945,-23.136649691986705,-121.48006389414763,-26.043685512313846,-125.8581432550234,-18.89099775108336,-12.088024303118111,0.02053909480271795,0.08159619587042588,-2.353056993122168,13.884515893796918,8.081544773575603,2.6614170555620555
1.9547687622336491,-24.701858048311053,-123.90180397585179,-27.99098901238681,-127.07950222753985,-22.53948198896653,-10.832649724417681,0.020448485481091624,0.0836501053506975,6.369380869589661,-26.19181773392744,7.410689568929785,2.6725611730888073
1.9687313962496038,-26.558426261263318,-125.53796387260229,-29.92733796781545,-128.2683607779682,-22.71297420462066,-9.102050333278498,0.02127328934360895,0.08569495389880677,28.991563111320172,-33.468274109474685,6.809732644917338,2.6846624876746334
1.9826940302655585,-28.15588368595343,-126.54197314921151,-31.852354883534257,-129.42379187017258,-22.83794922550214,-7.755641834560418,0.019728558712903486,0.08782228283316762,21.325886749247793,-25.337020984933094,6.566988616131492,2.697263475221422
1.9966566642815131,-29.780023417705035,-126.79507569773935,-33.76566447368127,-130.54489453374347,-24.641780670293407,-7.090720678499866,0.017302508941685432,0.08979513870445777,0.9940262573450319,-12.32389367638957,6.891517982063432,2.7104737152563185
2.0106192982974678,-31.70193116666373,-127.73673955947629,-35.666893734760905,-131.63079456654737,-25.95940995954647,-7.387436682604684,0.015806070718130182,0.0915253895986261,-23.37535601896766,14.123866485168564,7.618360657515457,2.724075139420282
2.0245819323134224,-35.204417460444084,-129.56021134417506,-37.55567201836162,-132.68064521640332,-25.373892119911982,-7.63092750010542,0.015903615365167583,0.09310599667043906,-18.225585270749303,17.29519712626373,7.6621462465442285,2.737999340767576
2.038544566329377,-37.134821182451475,-130.03735387165312,-39.43163110341463,-133.69362784135487,-16.158851928345555,-7.217168326012286,0.016105759472628954,0.09469635820695599,18.74855714189638,18.936857979082372,5.912230300189137,2.752359829125902
2.0525072003453317,-38.81912670579673,-130.84650735354387,-41.294405267979286,-134.66895254802228,-19.5474175106945,-7.40205109028871,0.012131182089566633,0.09630693415421909,-24.705765911989353,7.072446795741049,6.2252587145853395,2.767337347845553
2.0664698343612864,-40.71597815160338,-131.73417330615032,-43.143631360541306,-135.60585880753771,-19.290334507321003,-7.588135338985158,0.011479817332447403,0.09752005236317585,-17.119856681262505,15.39244701791414,6.430611694974347,2.7829644576156136
2.080432468377241,-42.727766829360405,-133.44689033784388,-44.97894887080993,-136.50361604858287,-19.078411591294294,-7.697398241604957,0.011226032997007083,0.09866803409642078,-15.405786232906635,13.473995552330656,6.396913585953377,2.7988462860446277
2.0943951023931957,-44.320103304727326,-134.2500000596355,-46.800000000000026,-137.36152422706633,-17.65077219887494,-7.063972629654191,0.01117619280887428,0.09979063739612126,7.525489294436914,-4.015314773385248,5.648667230657728,2.8153385776724296
2.1083577364091504,-46.15063643511189,-135.3938250697329,-48.60642973058576,-138.178914371997,-19.40811399733345,-6.7107098571348605,0.009967735142742084,0.10090825667700853,-6.196089649488023,-4.287308716264996,5.814547437495996,2.832505039820166
2.1223203704251046,-48.263580154540506,-136.7666840407016,-50.39788589551185,-138.9551491071275,-18.341429033442267,-6.216141326200716,0.009627232273279027,0.10190503019128272,4.449129388575559,-2.440012087519197,5.542757154899743,2.8503904191409033
2.1362830044410592,-48.967516029802354,-138.37871863012566,-52.17401924684947,-139.68962314796116,-16.5209508667593,-5.4480858331411435,0.008619857453532507,0.10286775341861043,14.481777215823387,-8.91261769206797,4.882121149603468,2.8689034567396763
2.150245638457014,-50.1604252477537,-138.72147683808845,-53.93448352388252,-140.38176377373438,-22.559539117287855,-4.178364092069371,0.006869132353752199,0.10372973916396377,11.985780015572956,-41.25116561106097,5.355647106987489,2.8881556159186363
2.1642082724729685,-52.92021782569194,-139.6622686093261,-55.678935520612,-141.03103127400726,-23.540330241567744,-3.693325524308863,0.006098878567032684,0.10441665239933906,3.442643052326204,-10.546955797155237,5.982307023558291,2.9081047192046783
2.178170906488923,-55.551090664393065,-140.23974579297075,-57.40703515266473,-141.6369193695135,-17.246258999789664,-3.2426304736948657,0.005303610338490003,0.10502654025604219,19.477759421965537,5.917496917476916,4.902119475322065,2.92870051857662
2.192133540504878,-57.971507624810904,-139.84775515132972,-59.118445523593394,-142.19895560694178,-14.49830075717839,-3.065092964481477,0.003233347978394148,0.10555690128989115,5.100101242479889,5.180799540585736,4.069953781877699,2.950064415373379
2.2060961745208325,-58.85102160143149,-140.2347605796171,-60.812832990555194,-142.71670172734062,-12.041289425336851,-3.7824340938609047,0.0014537721163429432,0.10588023608773067,-19.70428705992631,29.003379739699653,4.037819249301109,2.972216170520947
2.220058808536787,-59.60818924248337,-140.37754296569696,-62.48986722935622,-143.1897540078595,-17.450362681087164,-4.169260877037256,0.000585918315921838,0.10602561329936488,-29.261764240331093,3.536894049464805,4.687556257243503,2.9950490444219393
2.234021442552742,-60.981016636152724,-141.56376033801365,-64.14922129884874,-143.6177435765598,-20.59999736741006,-4.5324512965187305,0.0015487040856571924,0.10608420513095718,-24.483573742874725,8.21802773330583,5.578518811976337,3.018610899017574
2.2479840765686965,-62.62673729272362,-142.0380942002947,-65.79057170466908,-144.00033670005007,-20.430169381229447,-4.042054842677733,0.0032113066896973757,0.10623907553952305,5.625021655912981,-7.439849191819726,5.391541924637698,3.0430092161017
2.261946710584651,-64.50061103720145,-142.9116166841324,-67.41359846230345,-144.33723504372134,-20.28965260181431,-3.664892930989616,0.0035262512038750386,0.10656020620849294,3.269023145760129,-5.117779593822341,5.310375549313232,3.0684403173200128
2.275909344600606,-67.11523886151139,-142.60281043018787,-69.01798515946963,-144.62817590437928,-18.49973074820082,-3.0033057699815893,0.00328872485449028,0.1069128313288803,15.376670494568812,-9.77584198327277,4.832519479231587,3.094983775857822
2.2898719786165604,-69.50479932035847,-142.78609012156443,-70.60341901780208,-144.87293241509252,-13.789656629976543,-3.1933846027517876,0.002109792345522869,0.10724170381432918,-0.3140964509835187,19.267176737008636,4.161833085202673,3.122510099090617
2.303834612632515,-70.49607066144652,-141.860634403063,-72.16959095382873,-145.07131372209642,-10.996812811183919,-3.382087946266965,0.0008759343959250541,0.10745268304888134,-4.6297951114995985,15.485700050915165,3.5104645496346336,3.1322209902227955
2.3177972466484698,-70.9486640069471,-143.0300067321533,-73.7161956392275,-145.22316513361523,-15.786165741417403,-4.321362952821273,-0.00020383963360019134,0.10754027648847364,-42.34757155425927,19.56735287708125,4.655729565431937,3.1029384245585296
2.3317598806644244,-73.08349207963415,-143.31025724841012,-75.24293156035047,-145.32836824048604,-19.307767322663345,-3.854686703043223,0.0009570648679549088,0.10751989252511374,-2.707488708498912,-15.066342301560136,4.8706467171412156,3.0728447683637636
2.345722514680379,-76.05968646627718,-144.01015380183523,-76.74950107700481,-145.38684100849073,-14.359745644999592,-3.476137317043538,0.0018968096842157714,0.10761559901190942,14.384020724582534,5.410794223203914,4.213291122321492,3.041943374276901
2.3596851486963337,-78.24251266244438,-143.92534321250272,-78.23561048047816,-145.3985378423237,-7.526284498763773,-2.8384961494802585,0.0011371511497233313,0.10780527998033085,26.594764504566434,2.225348469728851,2.5811345488872797,3.010036502356286
2.3736477827122884,-78.99364878094987,-143.79074401548385,-79.7009700507977,-145.36344962114575,-6.141359598973159,-2.599587666926009,-0.0007943854484825886,0.10791899509530323,4.847706111110685,0.441182699198227,2.0482304548615837,2.9771806337186533
2.387610416728243,-79.14495140881462,-144.8240884799126,-81.14529411321175,-145.28160370569628,-10.546529096046257,-2.4504470003358674,-0.0021144420985671677,0.10783955655045485,-10.131772000703515,-10.287391796561375,2.6176784087707636,2.9435884464868707
2.4015730507441977,-79.91440152863859,-145.89070812015942,-82.56830109388258,-145.15306391695822,-15.250644037102958,-1.2951566559468806,-0.002217819190799189,0.10762811234059821,16.791011846732616,-39.00230500037088,3.439120222445599,2.9094284049025267
2.4155356847601523,-81.42047559585657,-146.5908604550334,-83.96971357477979,-144.9779304863922,-16.244176184011373,0.4108220046654407,-0.0025415928034633528,0.10740633042151826,41.7889131599405,-47.73969784991905,4.156767830933496,2.8746991410533784
2.429498318776107,-82.4822837968094,-147.19618629476687,-85.3492583477635,-144.7563399777793,-14.6147285227451,2.0824831037224025,-0.004094126046417675,0.10715217114117204,49.37984414104419,-43.44796002499531,4.3359888483650355,2.8393470087943946
2.443460952792061,-82.64873972852712,-147.15416232153453,-86.70666646784669,-144.48846518073248,-16.350563265603377,3.7310578364582354,-0.006162103084856104,0.10674275853653015,43.95944630787692,-52.646872938733615,5.017684982414484,2.803469805229671
2.457423586808016,-84.4708850208253,-146.75329516423577,-88.04167330562692,-144.17451497596065,-22.04102269572585,4.944765505706762,-0.008895948900820093,0.10612654822804446,25.69488909025201,-52.006891677004916,6.161333530251051,2.7672731432784037
2.4713862208239705,-87.54297178474916,-145.09750503220238,-89.35401859887595,-143.81473417238962,-17.111120359564243,5.521874383600044,-0.012916200743563241,0.10523695333796246,33.56325025573253,-12.82170707300298,5.699134517089899,2.7308972851558
2.485348854839925,-89.49880729812355,-144.35434504496,-90.64344650327858,-143.40940331626757,-9.824592965972075,4.650750046086427,-0.014418529329851727,0.103945333263606,0.22591684947873872,31.672738097547924,3.5302451591330257,2.694502297423769
2.49931148885588,-90.54982646224057,-142.8622683042087,-91.90970564231,-142.95883847240347,-8.913608428977124,3.877321235693191,-0.012659482793232606,0.10250348033062062,-12.362516587371548,16.413314832161102,2.785654217603016,2.658313659177697
2.5132741228718345,-92.01099069754338,-142.29874515960128,-93.1525491562421,-142.46339097770922,-10.906328889736605,2.6470716885566854,-0.011178540583209893,0.10123753205129749,-32.55232561283911,23.6012570712537,2.6331100515295485,2.622178237429228
2.527236756887789,-92.9342512809269,-141.55499638473216,-94.37173475026927,-141.9234471672378,-8.823317637595554,1.9398063972812034,-0.010052492574020222,0.10011967799297672,-11.14257041868195,20.013129907581025,2.3903893125498867,2.585868760742267
2.541199390903744,-93.41415342436892,-141.74551907633526,-95.56702474174425,-141.33942807293073,-11.210227562388257,1.4440454093313382,-0.008821397959512523,0.09911442873557474,-16.334148193910885,5.336151255659078,2.6415839553262495,2.549510486508497
2.5551620249196985,-94.75572750375694,-141.88772743256544,-96.73818610651492,-140.71178909531005,-13.701110939078799,1.905586434325076,-0.008039204876338251,0.09823228893962366,8.796974435639504,-20.594955576813053,3.4810617555057943,2.5132333596357785
2.569124658935653,-96.52894860874268,-142.17308815284417,-97.88499052435263,-140.04101964837065,-11.238604197078072,2.8098260506703108,-0.008103026267859094,0.09742836845198966,32.633207142302524,-22.479870378208123,3.633540517494373,2.477116881896447
2.5830872929516078,-97.24374324893606,-140.80792933028306,-99.00721442346389,-139.32764277795002,-8.0077983649448,4.070985830842405,-0.00839020005736249,0.09661806582520382,45.72351435383168,-31.727702785081384,3.7733752569711814,2.4412902109103864
2.5970499269675624,-98.71247653192053,-139.82900563483935,-100.10463902407598,-138.57221475387288,-11.702240004431355,4.2774308797723535,-0.00867804438832359,0.09577904581946761,3.484273023756205,-19.91269805470921,3.630859995013081,2.4059153955083836
2.611012560983517,-99.80090663866073,-139.36971530358304,-101.17705038108862,-137.7753246361886,-8.218511971036486,4.207573110259254,-0.009768162587947734,0.09491124138063523,12.07693070602774,3.223298458761983,3.2080726148611958,2.371084553120596
2.6249751949994717,-100.99306333597607,-138.4482341549852,-102.22423942578284,-136.93759381583988,-9.108817422914408,4.4771711282518,-0.009511428336924135,0.09393442512184036,11.675027348110648,-15.56689699713761,3.4333302678715603,2.3368592713046947
2.6389378290154264,-102.7350135451731,-138.76451385439586,-103.24600200657953,-136.0596755301209,-7.863881348824647,4.572843478081167,-0.009712464883902348,0.09298328228814778,12.06245576919574,-6.461368672405091,3.283434932797366,2.303372687038248
2.652900463031381,-103.77231382037314,-138.10720855303308,-104.24213892883905,-135.14225435330252,-3.5496445628148408,5.585812040166637,-0.00949116685411269,0.09201203579975736,44.31461984679393,-24.83751685496327,3.9232882656454398,2.2705342982574166
2.6668630970473357,-102.92074242827758,-138.12178621434447,-105.21245599369463,-134.18604566282164,-4.668831350302593,6.373826476373125,-0.008541601544914549,0.09106291911434594,27.84999849238012,-32.04461384798302,4.177263205850265,2.238425433843897
2.6808257310632904,-103.32609796453373,-137.43263510978156,-106.15676403591193,-133.19179508145177,-13.748375562576726,7.759779029141246,-0.008502353747886531,0.09020875895985458,27.669836973922248,-67.46357396216267,5.897172917210164,2.207031056363105
2.694788365079245,-104.56025804602098,-137.43607187443402,-107.07487896076707,-132.16027789588844,-13.03789746159866,8.826805808424602,-0.012532259573589184,0.0893585235850658,42.528684021463896,-39.32003664014479,6.46924335209389,2.1762976017343663
2.7087509990951997,-104.58815878673795,-136.1382089787349,-107.96662177993629,-131.0922984522042,-10.896515281563719,10.260382372590794,-0.015088112883378534,0.08810529762770702,57.4739409554132,-47.631418909088445,7.200470479095297,2.1463279652777
2.7227136331111543,-105.67180910751651,-135.01988459894417,-108.83181864639015,-129.98868952864365,-16.519903325212265,10.929382528347272,-0.016336699304901215,0.08659648633936934,21.50430173590967,-45.934415395451346,7.471628903490448,2.1175341392204796
2.736676267127109,-107.83703072932065,-134.15166206642442,-109.67030088828518,-128.85031168624803,-13.087965788965882,11.287636345553661,-0.020628109303365644,0.08496281640887915,33.96727188231926,-18.419806591977977,7.351977043350215,2.0897676678697934
2.7506389011430636,-109.03480373476665,-133.39875562741526,-110.48190504184699,-127.67805259781568,-6.767511975092202,11.638392566944862,-0.021197694207990055,0.08290000547854248,40.92112071891284,-12.030643710689551,6.993066543450194,2.0628913260268416
2.764601535159018,-110.10683946521652,-132.10363764369828,-111.26647288323771,-126.47282635572134,-6.715925727739031,12.169320644707701,-0.017871267539653322,0.08078023605774343,32.74976983386489,-31.14228516861584,7.276595595795067,2.03719812583223
2.7785641691749725,-110.81774356993506,-131.48196361964168,-112.02385145940217,-125.23557275913451,-5.085298707311231,12.385846667602488,-0.016274752785801372,0.07899310930377812,28.54970861643102,-19.79144422072323,7.130585547094256,2.0123004982442874
2.792526803190927,-111.40321065630286,-130.48793644669064,-112.75389311788625,-123.96725658119237,-5.585390849799832,13.03441809317682,-0.014404009709446016,0.07736563402519803,36.0985417969717,-36.65515895954949,7.760122224923463,1.9877899600418516
2.806489437206882,-111.74222586997841,-129.91483969462746,-113.45645553562214,-122.66886681669865,-5.982799642979838,13.641044514894133,-0.013920452991992207,0.07592523305425347,36.21149941806811,-36.26344998000649,8.084161330225534,1.9638177014149116
2.8204520712228365,-112.2980688963601,-128.8083647857138,-114.13140174667448,-121.34141591093517,-7.446793902425878,14.608788888650697,-0.01409148410536054,0.07453318775505435,44.690169592953346,-49.46221953774801,8.900098692967797,1.9403321059429661
2.834414705238791,-112.61104939214759,-126.75562631783751,-114.77860016894205,-119.98593897018762,-7.370278906323326,15.340796251178352,-0.01562182971330922,0.07312403934451828,43.129761550009,-41.025288345420776,9.16450940665782,1.9174457790799417
2.848377339254746,-113.10604790148332,-124.24726241878372,-115.39792462981008,-118.60349295460065,-9.462262158415005,15.199151061559201,-0.016731304704923698,0.07156185637318746,15.460435577901139,-22.93412202512379,8.615332376774317,1.8951965657030838
2.8623399732707004,-113.97753965713133,-122.91320496332402,-115.98925439074783,-117.1951558539923,-9.733824837593884,14.218358295284377,-0.01900459816971629,0.06988872590269501,-3.852521593013605,4.267024043700978,7.618732615134302,1.8736916484104729
2.876302607286655,-115.0501167829127,-121.34783098026844,-116.55247417084671,-115.76202584726984,-7.9433137301416314,13.75029314572576,-0.01989617728432012,0.06798826608572339,13.214152938113061,-3.7606540811394806,7.600634874785928,1.85285937136854
2.8902652413026098,-116.49600283840006,-120.67349039683965,-117.08747416929465,-114.30522044610292,-5.739168446392952,13.376410344226148,-0.018837578688244934,0.06599864835729141,16.061904283630604,-4.633790401825585,7.3313837886025475,1.8327859952287007
2.9042278753185644,-116.71436358129716,-119.13565518779514,-117.59415008678194,-112.82587562352165,-1.1068069881563183,13.787831290011937,-0.016509091004370487,0.06411489048846697,42.57907359544497,-20.105626423133817,7.9240762874626345,1.813302898675106
2.918190509334519,-116.93531658726768,-116.76022090011045,-118.07240314583449,-111.32514492811895,-4.392862311761374,13.990180754720097,-0.012058609895418581,0.06246398138803011,20.080446160465424,-32.44388586122826,7.927694619203983,1.7941844693957867
2.9321531433504737,-117.95987614221546,-114.67380561967018,-118.52214011007085,-109.80419858454802,-4.791119145541092,13.404395850486036,-0.012167985527986919,0.0612581203984881,5.113416086169249,-4.890917704464211,7.134721812875682,1.7752731277010376
2.9461157773664284,-118.32368332592503,-114.74561406270188,-118.94327330237873,-108.26422258101644,-1.5093608548664061,12.607320378561067,-0.012391320585561283,0.06004132184568922,6.584460128327754,9.961467440395,6.484583618399475,1.7563262040679284
2.960078411382383,-119.01529141947205,-112.81292497359068,-119.33572062200788,-106.70641774448822,-2.398430444375129,13.520822307108935,-0.010005220608060751,0.05880218978713314,43.10098378486741,-44.969556494576075,8.102647526052376,1.7377694236859744
2.9740410453983377,-119.59779329816347,-110.37278310204445,-119.69940556057576,-105.13199880431499,-0.40171302791245833,13.703633843688497,-0.009489859222126171,0.05780166772632711,30.945944928713445,-19.86636840289161,7.711331854869315,1.719584196636741
2.9880036794142923,-119.62568667916503,-107.98109204763661,-120.03425721698291,-103.54219344502667,-0.08915539483873314,13.089371855983432,-0.007868778507807723,0.056852681804114624,5.715974144530293,-1.9217778137344812,6.844520130366301,1.701479912221286
3.001966313430247,-119.50669275033378,-106.477140159066,-120.34021031123554,-101.93824134901995,-2.041667600534492,12.118975263609643,-0.0068084011703887365,0.05606580395333394,-10.064219860461977,3.669310074025347,6.084947706148271,1.6836143218934971
3.0159289474462017,-119.37761669853961,-105.67590126323779,-120.61720519717169,-100.32139322989127,-3.504563711578229,11.704040767597052,-0.007436545943044629,0.055384963836294876,4.6299457417385765,-9.196383513548781,6.255114559352688,1.6658478869709228
3.0298915814621563,-120.22387970473245,-105.09697912983538,-120.86518787408944,-98.69290985716802,-4.823992388322413,12.178133203000325,-0.008553292888069153,0.0546413092419904,28.595121002623866,-32.742972394082564,7.139680453603718,1.6482080646596309
3.043854215478111,-121.29785039501456,-104.0081972597976,-121.08410999727467,-97.0540610731983,-0.5319964157526575,13.282491610955693,-0.010024300178949997,0.05378597995318346,59.107610361440315,-38.233353719353424,8.08879020756417,1.6308354347912744
3.0578168494940656,-121.6204718098428,-102.3766988162177,-121.27392888742564,-95.40612480296612,2.9076288174361746,14.304147295467326,-0.008103078885706778,0.052783549935288665,56.911511655984675,-39.21203436993277,8.60210571843337,1.6137509040811384
3.0717794835100203,-121.43290041846328,-101.89011351217394,-121.43460753897365,-93.7503860576039,2.479313115585449,14.869804197433254,-0.004560927742488386,0.05197324204671805,37.595640794970144,-36.66190437967829,8.628314860771415,1.596962234642601
3.085742117525975,-121.13416715594899,-100.34750484714031,-121.56611462729715,-92.0881359323795,1.1731549667674537,16.158544757835983,-0.002855880997841566,0.05151714927246909,56.40188776823088,-59.35486076007198,9.802882764790574,1.5801027939456649
3.099704751541929,-121.44346663767593,-98.97362255717887,-121.66842451482874,-90.42067059993896,-0.5535974189548543,16.974588708358148,-0.002917413762248971,0.05123156117268479,44.50134544919784,-49.27998305748416,9.941200586293734,1.5629832934308414
3.113667385557884,-122.03757002549565,-97.52378971437204,-121.74151725605314,-88.74929029958986,1.4863510750703282,17.65214582144589,-0.0044436571669810195,0.05093981979645967,50.33298442770499,-38.32952642789551,10.228675588006995,1.5457604181565836
3.1276300195738385,-122.13463825995018,-95.54175050900247,-121.78537860139564,-87.07529832341416,3.829179619056724,18.182282830329108,-0.003400034177775368,0.050495454079761526,48.13807718911102,-34.45503582054555,10.451534474004792,1.5285839241822856
3.141592653589793,-122.06734227213903,-94.36558951932004,-121.8,-85.40000000000002,3.2990364500039284,18.212662175197416,-0.0006083377656009472,0.0501554506619839,28.988518052179153,-27.818073698783643,10.147269886618465,1.5115734555312867
3.1555552876057478,-121.44714901244829,-92.9629955700437,-121.78537860139564,-83.72470167658588,3.335803230320705,18.642599218108614,0.000414813067989002,0.050094616885423715,41.2766133086141,-37.62486571823034,10.644622942747512,1.4944452235985413
3.1695179216217024,-120.69835669469074,-90.72119530637018,-121.74151725605314,-82.05070970041018,0.182140875734353,19.12149389782033,0.0010771134510534288,0.050136098192222533,36.1888024093499,-46.734988854650965,10.916255565139835,1.476997594001059
3.183480555637657,-120.71745428190852,-88.67085449969757,-121.66842451482874,-80.37932940006108,-2.553149978196906,18.935916602310254,-0.0016980779689631988,0.05024380953732788,19.494369585875663,-28.437088473611517,10.387262488247119,1.4593805194051894
3.1974431896536117,-121.41699014990884,-86.51268752182122,-121.56611462729715,-78.71186406762048,-0.9580220427568218,18.515347052204767,-0.005915265725246825,0.05007400174043175,22.24718645711137,-12.149151413431658,9.995084532310777,1.4416030594745592
3.2114058236695664,-121.82105537391742,-84.80869705974946,-121.43460753897362,-77.04961394239608,2.914644731126561,17.847466358951078,-0.00658444398412684,0.04948247516790705,19.911339666377277,0.47956676776837676,9.463089978543564,1.4239817678150564
3.225368457685521,-121.01970314941326,-82.75977648502638,-121.27392888742564,-75.39387519703386,4.560684641041407,17.424991381519447,-0.0032691649925048363,0.048824030769494264,20.801316431515463,-10.048579016050075,9.43070612938864,1.4066334343886222
3.2393310917014757,-119.47337957938299,-80.5360355527126,-121.08410999727467,-73.74593892680168,0.39471894153638853,16.888367188196472,-7.265962159970626e-05,0.048497114270243724,4.1312054078366005,-19.256506132537144,9.01406765939293,1.3891755943243727
3.2532937257174304,-119.67115430787386,-79.63060274742891,-120.86518787408944,-72.10709014283196,-5.612714972636886,16.164787199409226,-0.0021994007984965035,0.04848984830808378,-6.157502919328875,-17.73679769372868,8.543082058131105,1.3711818483952927
3.267256359733385,-121.03809839125488,-77.98331543494083,-120.61720519717169,-70.47860677010871,-0.6699715104766346,16.353771375992643,-0.008366119167755747,0.04826990822823429,41.85817326347263,-17.545650473336188,9.200763156066255,1.3526358015840962
3.2812189937493397,-121.2956739556711,-76.01480120096001,-120.34021031123554,-68.86175865098005,6.602871226420173,16.371035185765663,-0.007490605257322585,0.04743329631145876,42.843668699900604,-7.547175270461367,9.14821545085456,1.3340411654139457
3.2951816277652943,-120.55818624476694,-75.32301253756607,-120.03425721698291,-67.25780655497333,6.873520581705007,16.05869032180375,-0.0008120423130834834,0.04668423578572645,18.577680702457368,-13.799554727714158,8.847379692229906,1.3157729708544457
3.309144261781249,-119.29793485954312,-73.87929048899468,-119.69940556057573,-65.668001195685,4.740468362140414,16.644811833261656,0.002944603577965846,0.04660303155441792,37.45942442230796,-43.453865528684034,9.693128920807366,1.29709767227242
3.3231068957972036,-119.0107174665612,-72.43809793167657,-119.33572062200788,-64.09358225551176,0.585044525446242,17.10183370116301,0.003292301375380619,0.046897491912214484,30.265043786734502,-45.44638195747934,9.785781184693457,1.2774052975689587
3.3370695298131583,-118.99752111601563,-70.62928012769333,-118.94327330237873,-62.53577741898354,2.7891581437637623,17.441000985121843,-0.0001400447994712793,0.047226722049752645,41.76171844418311,-28.881603983374813,9.902550189288782,1.2569580525884918
3.351032163829113,-118.71656733386428,-68.49055631581115,-118.52214011007082,-60.99580141545198,4.170264584155845,17.388280792338033,2.2112462438171002e-05,0.047212717569805385,29.783497953762964,-20.293382174557674,9.645200837723415,1.2360665716557868
3.3649947978450676,-118.61738359204885,-66.21119919613473,-118.07240314583446,-59.47485507188105,4.430072919808919,16.84362031933045,0.0013186039131788201,0.04721492881604927,13.769651846840345,-9.152725435630618,9.038684440832238,1.2150783889876084
3.3789574318610223,-117.6500233440437,-64.90120426922111,-117.59415008678194,-57.974124376478336,6.248232376884879,15.891764460270153,0.002084838246530146,0.047346789207367124,5.240901949261626,6.288923103884897,8.300386038668213,1.1936034634593202
3.392920065876977,-117.31015480212594,-63.383439696403116,-117.08747416929465,-56.49477955389707,3.0413267091753466,15.533601535873714,0.0038313896602080325,0.04755527303202012,8.883390387197775,-19.775216558588514,8.425226291822776,1.1714977671111892
3.4068826998929316,-117.60285114194723,-61.66524744371297,-116.55247417084671,-55.03797415273016,5.337392133932454,15.28129198896441,0.0020430645457508553,0.04793841199804083,23.370106500900064,-10.05440543157497,8.379789679917288,1.1487838757741056
3.420845333908886,-117.8304066495148,-59.97884746594656,-115.98925439074783,-53.60484414600772,9.186675210881594,14.876890610350157,0.0028732824926491467,0.048142718452615973,22.366726458506427,-1.8955079188280188,8.22032820495258,1.1253336365441662
3.4348079679248404,-117.61805861984445,-58.28172427935315,-115.3979246298101,-52.19650704539938,12.245932350110136,14.396128331918614,0.006195850330867853,0.04843004670188078,18.076838261418917,-0.7860826120888392,8.15363668539806,1.1014709683021628
3.448770601940795,-116.81084725607148,-57.10487620052117,-114.77860016894205,-50.81406102981242,13.303274920886288,13.858222013700908,0.010038589388308466,0.04904963173496757,11.471036018454196,-2.8810553312778517,7.989275230140857,1.0769052678906927
3.4627332359567498,-115.74841935045063,-55.65671133376343,-114.13140174667448,-49.45858408906487,12.094049695607303,13.7181180366892,0.012542443281791403,0.050053490673798606,16.564474525882176,-18.08482456826109,8.102173244972397,1.051359686414731
3.4766958699727044,-114.47230225971805,-53.72599788656728,-113.45645553562217,-48.131133183301394,10.401991956460227,13.55519688444613,0.012909371220239666,0.05130773500197794,14.601767303112522,-18.435467099098073,7.866856082781398,1.0247560935703541
3.490658503988659,-112.50212949900246,-52.113411055895185,-112.75389311788625,-46.83274341880765,7.709417811164219,12.966481746654782,0.01176430593594563,0.05259867212400193,0.3345973050842553,-8.84844129192971,7.104216152118342,0.9972041842857848
3.5046211380046137,-111.48911419009036,-51.08411677979337,-112.02385145940217,-45.56442724086551,1.7421227524548604,12.41550566625255,0.00900325004865685,0.05377510271759656,-7.05105250446613,-16.483427160591763,6.566425122750164,0.9688958501550182
3.5185837720205684,-111.63385868796887,-49.50075483745537,-111.26647288323771,-44.32717364427869,2.6578554063403965,12.299202349108745,0.003458170985366418,0.054675427722462366,19.031356615318323,-12.50655990699408,6.760610156494459,0.9399634084364648
3.532546406036523,-112.02354576738713,-48.48035443829753,-110.48190504184696,-43.12194740218433,7.402434604872538,11.884053750776685,0.0010531141504779794,0.055021244820999016,19.182335854405963,4.546656567770435,6.481989007942131,0.9105530716581764
3.5465090400524777,-111.07729489735749,-46.72146160458866,-109.67030088828515,-41.949688313751956,12.37317991331797,11.731307720526734,0.0026859591670216716,0.05512655623604701,26.449706938946296,-1.2598498949109926,6.941711711912762,0.8809319719206048
3.5604716740684323,-110.0926540258591,-45.7339483259631,-108.83181864639012,-40.81131047135635,9.718729446356587,11.140581147954034,0.00651704688593339,0.05539515215274937,-2.5735816933971045,-5.824712116976688,6.32234529358415,0.8507796084909933
3.574434308084387,-109.0261585820266,-44.30390223356763,-107.96662177993629,-39.7077015477958,10.102813004683238,10.920098847110546,0.006656949223055608,0.056046856841342585,13.341990156126174,-8.532883503789673,6.390278815675835,0.819691140742826
3.5883969421003417,-107.09602869147253,-43.385412443839904,-107.07487896076707,-38.639722104111556,8.891030799489915,10.508666258609775,0.00682238556238748,0.0567125517636482,4.203954189465522,-6.5240964422381875,5.990862099837362,0.787451821270984
3.6023595761162963,-106.67589723136184,-42.48368605243941,-106.1567640359119,-37.608204918548225,3.7550281403495793,10.425419523655208,0.006050739911422704,0.05739479031988681,3.7148060814958583,-23.776982689177384,5.853062863447839,0.7544426321825126
3.616322210132251,-106.93133341059068,-41.12069469064153,-105.21245599369463,-36.61395433717834,8.662802610780464,10.430998015443905,0.0028012945162130326,0.0579998643110291,28.190953095706032,-3.901881353279386,6.049414076193378,0.7206802827243122
3.6302848441482056,-106.45111910641539,-40.31188922224265,-104.24213892883903,-35.65774564669749,13.536152454176424,10.039835110276146,0.0037180003684298014,0.058279993762650584,17.458040253216314,7.208270756232205,6.088971934359084,0.6862856771187014
3.6442474781641603,-105.53705775519772,-38.939553330551895,-103.24600200657953,-34.74032446987909,14.62571557612479,9.891895583713614,0.006611741675943214,0.05865179379949348,15.320910818057603,-7.111367945826502,6.427683051725576,0.6515421471418006
3.658210112180115,-105.08218275122047,-37.72987087651975,-102.22423942578284,-33.862406184160136,14.672791548809801,9.395923694174856,0.008586667476898466,0.059312967967087626,3.29803948916019,0.33958723652018696,6.062358322453498,0.6160772608502234
3.6721727461960696,-103.50836405264289,-36.98951173933506,-101.17705038108859,-33.02467536381141,17.857742786518628,8.787535357510707,0.00927226259729845,0.0601716347147776,6.464002328067414,11.13188358122577,6.11464828433022,0.5797462242891394
3.6861353802120242,-101.11143761543916,-34.94744909676102,-100.10463902407598,-32.22778524612711,13.901377424563288,8.52760405084567,0.010662884467376604,0.06109886097450756,-0.7349400430059828,-13.357799100445515,5.853151566994592,0.5427024395126336
3.700098014227979,-99.20592541222982,-34.65557684209145,-99.00721442346388,-31.47235722204998,7.724422019869296,7.387736775082729,0.00932033443819754,0.0621651494212454,-30.455936115394557,5.967368199151107,4.062513849740002,0.5051446217792059
3.7140606482439336,-98.56713938717263,-34.039754055142836,-97.88499052435262,-30.75898035162936,5.839673634402544,7.157687847421214,0.005451971335701232,0.06309718286506527,1.938359165603252,-8.066262311743953,4.1144055691548695,0.4670797157971891
3.728023282259888,-99.15418168489875,-33.681330229786404,-96.73818610651489,-30.08821090468996,9.415607330506104,7.051381597399539,0.0025965013110078082,0.06364237999863542,17.025177069492496,1.0321493039938243,4.354281039703314,0.4288653062232797
3.7419859162758424,-98.44306804802797,-33.0327820868103,-95.56702474174429,-29.46057192706928,17.981378581940167,7.12255654493352,0.0023753778424948136,0.06390203012973616,33.038343256687874,7.704218562260392,5.539178240928589,0.3908439807975794
3.755948550291797,-96.70317258000605,-32.63860067381261,-94.37173475026928,-28.876552832762208,17.441884354074446,7.081246094175241,0.005480476452625237,0.06413956791398556,10.165400019465503,-9.206073311478399,5.818074976626184,0.3530089057002077
3.7699111843077517,-94.79823024007156,-32.98061823925321,-93.15254915624212,-28.336609022290794,14.80238127846426,7.205279924828369,0.006912021858568505,0.06468761555924818,9.950169814062063,-18.45240014589531,5.577997747144091,0.3151940932344983
3.7838738183237064,-93.28057469860723,-32.09337311580972,-91.90970564231003,-27.84116152759656,12.420024811380257,7.997824163717853,0.006848453978445497,0.0653788177451049,28.94373115705014,-36.56309435162104,5.8955567712359445,0.27716578726883245
3.797836452339661,-92.43730942657197,-32.01736119963533,-90.64344650327862,-27.39059668373244,11.775381418642516,8.078108662436454,0.006375830355715996,0.06606366314294965,14.422111707445737,-14.404857266812488,5.391711350647268,0.23919000246083266
3.8117990863556157,-90.88758922795796,-31.43827553083428,-89.35401859887597,-26.985265827610398,14.64444889992494,8.367176465130482,0.005920516167538747,0.06670124617852125,28.095520769067118,-12.421522175601746,5.901581666071314,0.20151308863191808
3.8257617203715704,-89.7612538803669,-29.403273729588978,-88.04167330562694,-26.625485024039364,12.176218265208854,8.354480090873004,0.007090264499667964,0.06729329779527493,8.491218044056376,-16.33209835702682,5.5912601351817335,0.16426943104043712
3.839724354387525,-88.19659620573064,-28.50043797762646,-86.7066664678467,-26.31153481926752,13.637733401647953,6.911646313031367,0.006506511820607246,0.06800232424524166,-22.104154198807986,31.568079082214783,4.346188416339369,0.12754601657858888
3.8536869884034797,-87.25049690231879,-27.849530902111006,-85.34925834776347,-26.043660022220706,11.69691764664148,5.615721384991038,0.00580920453569739,0.0686529754273022,-27.914895179364297,22.100730518317143,3.76073008863715,0.0912630759505868
3.8676496224194343,-86.19998835300203,-27.724559124892114,-83.96971357477977,-25.822069513607786,14.682825267987981,4.5317855152072894,0.003951377192366465,0.06923389588087181,-13.265707817664598,29.077596786881156,3.8567005230027074,0.05567171670950444
3.881612256435389,-84.18615628228488,-27.653764590976614,-82.56830109388257,-25.646936083041787,15.539688934857208,3.9650617969162596,0.0030421481974444234,0.06962903360010841,-5.4283717871472135,11.877285899809788,4.183977754730302,0.020851316126752728
3.8955748904513436,-82.66992483174386,-27.599666131907888,-81.14529411321173,-25.518396294303713,11.94872396518954,3.7399008785400505,0.0023244168778039954,0.06993324841985293,-6.871608027514937,-6.562749820414066,3.7157287971185404,0.013022293709305188
3.9095375244672983,-81.77850232541468,-26.992178326308196,-79.70097005079766,-25.436550378854257,12.911938992199683,3.64457977789466,0.0010639475165986545,0.07016569010763352,6.311911137252127,0.1991885872999898,3.673385666168477,0.045992696198259964
3.923500158483253,-80.06776225523504,-26.576320735967503,-78.23561048047813,-25.40146215767632,15.525127715170067,3.084981661252771,0.0004768332417923926,0.07027208485929348,-2.8551345007029107,16.83586327605855,3.883614367321345,0.07803630331985456
3.9374627924992076,-78.43810508441753,-26.217620103425812,-76.7495010770048,-25.413158991509277,13.121215551829756,2.44083765451755,0.00019778274427141004,0.07031976818347285,-17.153622805871798,8.895791027565796,3.5162199150111575,0.10906447612173853
3.9514254265151623,-77.52582924255634,-25.851948236520283,-75.24293156035046,-25.47163175951397,13.173724960864742,1.7533752083404095,-0.000789138163521988,0.07033954645789997,-14.012560473767858,16.381733854374215,3.2811023236332533,0.13911822220109427
3.965388060531117,-75.78635018070246,-26.11436639926637,-73.71619563922745,-25.576834866384793,16.393270061097855,0.9552904985482287,-0.0017959561224866517,0.0702606326415478,-11.074867525966193,27.508653742792703,3.819554366420247,0.16820958690523824
3.9793506945470716,-74.25406237743748,-25.6822071721666,-72.16959095382872,-25.728686277903606,14.152427369544075,0.6264497931003312,-0.002688079839405403,0.07008103702929924,-11.521339178430777,3.764665097266604,3.6372649698902504,0.19625601846960317
3.9933133285630262,-72.52038315253003,-25.508121136071498,-70.60341901780205,-25.927067584907505,14.934108713714021,-0.07533178458025702,-0.0035524539476163805,0.06981222904535889,-15.65483189008514,21.1230373574227,3.6588459329381258,0.22325012096975172
4.007275962578981,-71.39213535825945,-25.933045577753763,-69.01798515946962,-26.171824095620728,13.650129883275197,-0.7931323590748768,-0.0045418208404590515,0.06945698365059716,-21.802989648928808,18.012461503416827,3.564729066886853,0.24920364085467384
4.0212385965949355,-70.49697157251889,-25.235392042885223,-67.41359846230343,-26.46276495627869,16.845169973557503,-1.0959411592372328,-0.005547322047807064,0.06900280156655114,-1.6294998653504447,17.621110940484883,4.0136465280924085,0.27412462626963485
4.03520123061089,-68.92359620634655,-26.173926109029544,-65.79057170466905,-26.799663299949934,19.29916770337387,-2.155531520258432,-0.006547724135666734,0.06844806936177061,-24.37588962954774,37.35610932371307,4.959550814516955,0.29801016943814584
4.049163864626845,-66.90106119149051,-26.043626434989285,-64.1492212988487,-27.182256423440222,18.98297677259269,-2.270303893883499,-0.008221173254673617,0.0677932969482038,-6.215504386984999,6.914373342824187,4.879691156241815,0.3208719146173613
4.0631264986427995,-64.64906838650914,-26.391708521139023,-62.48986722935619,-27.610245992140527,16.866881521000355,-2.7718532701930605,-0.009225129157157497,0.06697117962273635,-21.07453326296681,13.675911126679818,4.681124758903466,0.3427266813069316
4.077089132658754,-63.06512744783317,-26.576504341880316,-60.81283299055518,-28.08329827265939,14.420231221516797,-3.112866909006912,-0.00994156911956849,0.06604866670702059,-18.337630498687382,9.15523261031394,4.192633766574276,0.3635259580951966
4.091051766674709,-61.40827497858472,-26.22553736867382,-59.11844552359338,-28.60104439305824,15.84333806794972,-3.575478319290103,-0.010237821453300884,0.06505450979506389,-13.709104362438724,21.51393059644157,4.435657857628855,0.38335745411953415
4.1050144006906635,-59.60425860095675,-26.34429360232249,-57.407035152664704,-29.163080630486533,15.28754992596253,-4.581357393985574,-0.011058954247243303,0.06403072764973361,-33.70672018624511,32.74718721946652,4.963776844253751,0.40227218334414916
4.118977034706618,-58.01871547799177,-26.59899612024866,-55.67893552061199,-29.76896872599277,14.918948129410667,-5.521445959361293,-0.012198025609380775,0.06292483222500911,-33.130803418988116,32.795065029720455,5.209276436106394,0.4203355187394946
4.132939668722573,-56.508084531659826,-26.736604800725946,-53.93448352388249,-30.41823622626565,15.831276287946983,-6.360558318491981,-0.013448369667611445,0.0617050296640711,-29.03243624134145,34.24259986231698,5.591739053494534,0.43751905926640156
4.1469023027385274,-55.92922474391678,-27.939207324239536,-52.17401924684944,-31.110376852038854,16.71946249407387,-7.281046168591955,-0.015086274104876427,0.060360192697309856,-32.62590997620147,37.70170639060126,6.157434843329198,0.4538155207899668
4.160864936754482,-53.76870086831237,-28.117867700452912,-50.397885895511806,-31.8448508928725,23.273778906774904,-7.443367091906053,-0.01700469719729088,0.058851565286822005,-0.5945446113692372,30.968278979563053,6.7712451691751685,0.4692384438630599
4.174827570770437,-50.889379771634694,-27.89666307068084,-48.606429730585674,-32.62108562800304,18.5833237248391,-8.002592140251487,-0.02076060350059188,0.05715109556709308,-36.5514272687514,17.338947781794438,6.850402543092993,0.48377367530060633
4.188790204786391,-49.170931819978414,-28.779278459554348,-46.79999999999994,-33.43847577293371,14.074532520602897,-9.106849457932329,-0.021527722569676354,0.05507503521703372,-52.29888671940272,33.30508267197345,6.887286471717778,0.497417515475441
4.202752838802346,-48.51105693888465,-30.375048632139116,-44.978948870809845,-34.29638395141718,16.43236553246463,-9.680332249420587,-0.020822187424647358,0.05292226296006586,-24.403617207130246,35.451250481145365,6.929009601267919,0.5100101653454323
4.216715472818301,-46.508205135422465,-31.127887319498523,-43.14363136054122,-35.19414119246233,22.3953856694499,-9.45519641747019,-0.02200146434388891,0.05084004421760113,4.794642699926812,22.54651363587086,7.213384118707244,0.5218739269112684
4.2306781068342545,-43.89614610943641,-31.771055625806333,-41.2944052679793,-36.131047451977736,19.297646633970757,-9.472066054314295,-0.025410291232018736,0.048639897783212316,-21.430940776580776,8.948782978906971,7.22601690898795,0.5331788653519287
4.244640740850209,-41.79080361456262,-31.846277762657145,-39.43163110341466,-37.10637215864513,16.257444173290363,-9.71689218755142,-0.025730743689208132,0.04609886866001034,-27.797361888293825,15.23481180222331,6.956830941209968,0.5437586002040531
4.258603374866164,-40.25645131237036,-32.71507897177275,-37.55567201836166,-38.11935478359666,15.949608073963075,-10.606604429935796,-0.024655581243227892,0.0435257942910896,-39.94782071598092,39.23012624018246,7.568872765992245,0.5534115215339823
4.2725660088821185,-38.49689353870781,-33.76680219355088,-35.66689373476095,-39.169205433452625,18.098266700029054,-11.241252236296459,-0.02465166334984987,0.041060236166766906,-28.88155582292678,38.97687444655023,7.919582510558772,0.5624670154577318
4.286528642898073,-37.12057349425273,-34.35526450812777,-33.76566447368131,-40.255105466256516,18.170760719653533,-11.609262825429912,-0.026426581228495383,0.03859506983178207,-27.102125797442262,28.053963700930122,8.030106339542098,0.5710843684339362
4.300491276914028,-35.012226324745946,-35.26418618158634,-31.852354883534286,-41.3762081298274,21.12049053155375,-12.254010339278919,-0.027791440620393577,0.03595241170893271,-28.868454298923503,42.64232868020124,8.77768629363142,0.579175341097645
4.314453910929982,-33.33003100268059,-36.95227680032337,-29.92733796781548,-42.53163922203178,19.049788419009253,-12.791534048756665,-0.031021945312502,0.03317326764689321,-38.03474919361128,29.589616388770867,8.86972171477362,0.5865800880803462
4.328416544945937,-31.416305881658374,-38.46874932474012,-27.990989012386844,-43.72049777246014,21.48407729866088,-12.66204260553666,-0.03190059102308105,0.030071073115642832,-10.671958175906951,22.06711708167861,8.620567527825061,0.5933568070144877
4.342379178961892,-28.276966900663986,-39.863827842842674,-26.043685512313882,-44.94185674497658,20.93082748429383,-12.335971796858189,-0.03383863052422339,0.02688101401333487,-11.625653327739798,9.954167747410995,8.412263031254769,0.5993352851736802
4.356341812977846,-27.35891868073082,-40.72994233339549,-24.085807098272323,-46.19476376059366,14.678436137040908,-12.006034502451058,-0.03414647678431665,0.02349715096091254,-23.79591574631703,-3.3690322492338094,7.592533838176372,0.6047662314525226
4.370304446993801,-25.73696112935409,-41.67350899223747,-22.11773546253828,-47.47824184010893,22.95919446093697,-12.173810858022515,-0.030054897187942665,0.020082503282480957,-4.784208942998505,41.9621079967016,8.544562467380757,0.6095584154909188
4.384267081009756,-23.167235560560947,-42.40952142163881,-20.13985428457669,-48.79129016592393,21.90314336658928,-12.565962974451187,-0.0333018121587053,0.017077013563686627,-31.573755345467454,27.888484791005016,9.054855817092806,0.6138887692348485
4.39822971502571,-20.367014557739196,-43.981594648152765,-18.152549156242134,-50.132884862451604,19.113257975763887,-13.25761770041343,-0.03483759594682647,0.013746832347816262,-44.393784236843075,32.78512013794809,9.208551600145574,0.6182103710644644
4.412192349041665,-19.200403267337112,-43.38575086915671,-16.15620750660702,-51.50197979450371,15.85068689004935,-13.442910859735536,-0.034474433094784304,0.010263072753133429,-32.83572802329424,18.69878387260531,8.618995809914308,0.6218017514124994
4.42615498305762,-17.361415986342152,-44.793612156194754,-14.151218526431489,-52.8975073830356,21.768013470161467,-15.180077030390951,-0.032296602497571276,0.006815629443654991,-55.3685583700092,81.88915172396747,10.76883366605278,0.6248456691277728
4.440117617073574,-14.483488324972164,-46.98287014123317,-12.137973092289872,-54.31837943761218,20.709057279669544,-16.12093105832019,-0.037226345766123416,0.0035859691938977534,-51.53448075378262,47.248729176100305,10.86303582948087,0.6275429525794043
4.454080251089529,-12.957033616275568,-48.406515105586585,-10.116863690368593,-55.76348800494614,16.555638304602336,-15.999249870045777,-0.03995287501086725,-0.00013666538271461803,-30.919286405696553,12.544368478216677,9.806460154820499,0.6300853123838466
4.468042885105484,-10.608401573715078,-50.13035843490881,-8.088284339950167,-57.23170623284655,21.119016035458237,-15.950846255617966,-0.03779942816598446,-0.004131952883801304,-13.511959886932884,33.67542110738046,10.079122875944469,0.6317715670329598
4.482005519121438,-8.543258360031912,-51.74096797224218,-6.052630516598374,-58.72188924890435,17.8368086851473,-15.721177091890873,-0.0404071552231275,-0.00791189570039963,-25.720169453343456,11.31461441083175,9.724682599072173,0.6328309672451669
4.495968153137393,-6.643865049089486,-52.38668678904641,-4.010299075059482,-60.23287505322938,19.130152962477514,-15.497174512187854,-0.038840340706945906,-0.011952611222712406,-15.494213121562149,21.221952904032147,9.626017128144861,0.6337598140970253
4.509930787153348,-5.147097802226267,-53.57579004911421,-1.9616881718947035,-61.763485424542935,19.700968492595322,-16.091150165789077,-0.038911326745398496,-0.015836645293406892,-39.105767752892824,41.77897150201577,10.480798297839103,0.6340896876945172
4.523893421169302,-2.6507720595002935,-55.317624947095524,0.09280281214130426,-63.312526838919325,22.84056274112607,-16.685055279570307,-0.04002862940335151,-0.019727777967946558,-34.27811029316069,48.41207484304249,11.057151611621958,0.6342451526427348
4.537856055185257,-0.2187977088529427,-56.782387575836545,2.152773349960448,-64.87879140045987,19.426248593127433,-16.85413008852013,-0.04395072952324932,-0.023730640908281586,-38.06079097330104,23.150992823265554,10.699997778022722,0.6340689701639759
4.551818689201212,1.650667204070797,-58.85332783793975,4.217821846224776,-66.46105778317386,18.906207587038203,-17.031069832084196,-0.04323240491474673,-0.02812571386060636,-32.31527591511699,29.946802095690636,10.647077066448654,0.6334624974692118
4.565781323217166,3.2612244181234806,-60.425828009950195,6.287545715638263,-68.05809218333172,20.392603078257103,-16.712446522119514,-0.04252505206734717,-0.03244895435208095,-14.533692085136485,21.050515732372507,10.306712811815192,0.6321507068812329
4.579743957233121,4.471082237208066,-63.1833423506925,8.361541461431646,-69.66864928154813,22.639548565397366,-16.540181707803587,-0.043144152309900985,-0.03670145955881576,-16.24766922872634,26.38056326416254,10.556655673126928,0.6306025705377913
4.5937065912490755,7.1947575079150825,-63.96309074190796,10.43940475402487,-71.29147321384461,26.650952770379128,-15.460306792209956,-0.045162433687352274,-0.04101587478980573,12.997615181486566,5.307160581791219,10.067902450795911,0.6288214116966104
4.60766922526503,9.571566599981544,-65.36022886601934,12.520730509851996,-72.92529855093446,21.90218635235904,-15.585318435708684,-0.048302525352931946,-0.04553211815854086,-37.724536341972126,17.478516629398605,10.425313291673127,0.6266785081809676
4.621631859280985,11.679711125606884,-67.40942498746489,14.605112970332996,-74.56885128496643,22.351251794736203,-15.842891636805053,-0.04628631605185959,-0.05036237069383409,-30.246156152805423,32.69586816998556,10.49453743226509,0.6240373783836195
4.6355944932969395,12.56841716640894,-69.38372787313978,16.692145780977224,-76.22084982295775,22.200454634466084,-15.63466079582373,-0.04584147970717019,-0.054991002299019875,-19.167278587333804,18.940983494240136,10.137342294995168,0.6207888005723738
4.649557127312894,14.974483650708935,-70.87647408857256,18.781422070603018,-77.88000598614177,29.0874801055771,-15.179573244810015,-0.0452153701984681,-0.05957515026973681,3.672514775519442,27.587479282671726,10.525596026497327,0.6174508950862534
4.663519761328849,17.508505624515333,-72.30639805147753,20.87253453065804,-79.54502601445105,24.984875103794206,-15.071761698971468,-0.049856320476039606,-0.06409668728958362,-29.305145125325176,12.267389456406432,10.48478882353479,0.6138685527125576
4.6774823953448035,20.37919246625829,-74.05032878192533,22.965075494624884,-81.2146115753525,24.37145668914533,-15.207576280407388,-0.04894841739842073,-0.06908231933718767,-28.303665060439666,26.43461912678078,10.446550767326812,0.6100614723274478
4.691445029360758,22.715036620494438,-75.76305825119118,25.05863701749649,-82.88746077624806,20.47852584079082,-15.246326695849163,-0.04814547814383396,-0.07397716107702967,-33.2140560808665,16.58636961151036,9.999605151864516,0.6055040673689618
4.705407663376713,25.00863258343607,-78.0960130934462,27.152810955305803,-84.56226917965132,20.8139888568305,-15.228324551503636,-0.04465183948397203,-0.07879170889141296,-22.475310247786716,24.30704297160842,9.854945662470334,0.6007518935726894
4.7193702973926674,26.852158447457807,-79.70597903742666,29.247189044694274,-86.23773082034876,19.514664454847104,-14.67233124766129,-0.042991240498149105,-0.08325689283981008,-11.277600957736887,5.831458324678885,9.1789393951498,0.5957946778147365
4.733332931408622,28.283153080658632,-80.9881848466806,31.341362982503586,-87.91253922375202,21.609337647487898,-14.388015769665529,-0.04051943008946363,-0.087556016889625,-10.308482631336814,19.974684519925873,9.354174867365701,0.5909012667772169
4.747295565424577,30.133284274681344,-81.79314997519883,33.43492450537519,-89.58538842464756,24.870131284182396,-14.488444282182753,-0.04051907876615916,-0.09160795989857151,-17.656334825107024,32.81132618151385,10.02260735405384,0.5858876860926685
4.761258199440531,32.16681377207017,-83.31856413704294,35.52746546934204,-91.25497398554901,25.600169555538496,-15.216846680757653,-0.043160340490627495,-0.0956598677751872,-40.523995502187084,44.7133580702152,10.891432613006902,0.5808339374867035
4.775220833456486,34.09743695451231,-84.94743719718863,37.618577929397055,-92.9199940138583,25.941705852257115,-15.698963034593849,-0.0460844200087913,-0.09997590182425009,-35.78864195750259,38.21881777460856,11.041249390649444,0.5754913034910247
4.789183467472441,37.23109649559909,-86.12108453713482,39.70785421902285,-94.57915017704234,26.950227150172903,-15.946512249954301,-0.04855561880511255,-0.10458434382512927,-28.6463888685784,34.032405516060095,11.146599338282515,0.5695935947179094
4.803146101488395,39.62791119597095,-87.09635024752711,41.79488702966708,-96.23114871503365,21.261802256456498,-16.5438988272535,-0.05108367987329182,-0.10943990570564033,-53.58792324762152,29.1093576336793,11.092410996716712,0.5631100391456396
4.81710873550435,41.73353816033687,-89.71267331036283,43.87926949014808,-97.87470144906561,22.34751555022474,-17.418078089217605,-0.04837077739381242,-0.11454827369296972,-47.34454900677439,52.42846622031032,11.586496535587239,0.5560829655497881
4.831071369520305,43.98682067832457,-91.35809251330588,45.9605952459752,-99.50852678615546,21.495692672543846,-17.066299175935807,-0.048790812144794825,-0.11938535143235107,-19.338155088705033,15.740543654851246,10.668962317134861,0.5485032511968999
4.845034003536259,45.969997168154535,-93.35382345312951,48.038458538568435,-101.13135071845194,21.072619001957186,-16.85318749775132,-0.047851099918145935,-0.12426443264683051,-21.675867936029746,19.953801049333524,10.579808377046172,0.5408910693094899
4.858996637552214,48.176729473165636,-94.41804937069153,50.11245428436181,-102.74190781666834,21.721122508145843,-16.391207820630648,-0.046714440983869204,-0.12904954263864532,-12.12281750478262,15.175175500937868,10.261387770498624,0.5329287057306629
4.872959271568169,51.20275182384563,-96.34851917646586,52.1821781537753,-104.33894221682621,21.311518103085852,-16.572759706489904,-0.046205539140135476,-0.13372098673703237,-31.358929638268283,29.8210291907729,10.698959482000289,0.5247472054932736
4.886921905584122,52.74332472263961,-97.80007101499356,54.247226650039494,-105.92120859954008,16.13079291814075,-16.47634379692416,-0.04576281205233562,-0.13834154065104576,-34.70648746868062,11.757136542663227,10.04515852328699,0.5163608111991129
4.900884539600077,54.20987101327897,-99.13548698287639,56.30719718785864,-107.48747316108064,21.27995765726784,-16.436376287021275,-0.040950227051787094,-0.14291782185627921,-13.291929481521226,35.96451676255798,10.322158073211188,0.5077007582661857
4.914847173616032,56.44672860497348,-101.74823250386349,58.36168817189464,-109.03651457545703,22.974253365615,-16.504148673739373,-0.04279139644412394,-0.1470128445614578,-23.559896929052044,31.360027783104346,10.73629047239403,0.49875388794114395
4.928809807631986,58.423822228777695,-103.4195372156188,60.41029907505943,-110.56712494677059,20.649542406463915,-15.661345366097109,-0.04524022740087266,-0.1512919842058702,-7.594393307926307,-2.3930348957057657,9.668648033251664,0.48995007556751036
4.942772441647941,60.47136065388852,-105.5081280656813,62.45263051659832,-112.07811075109562,21.940791346930276,-15.044321059852033,-0.04363954440966851,-0.15581600694595732,-4.51885338606702,10.574020900949398,9.549983868534632,0.4806162482098042
4.956735075663896,62.908868449927915,-108.31542958681466,64.48828433995011,-113.56829376715342,21.06486877826687,-14.205041175764194,-0.04311440520642833,-0.16017996138692414,-2.187369814709218,-1.2122807851600512,9.005661943179422,0.4706833362439964
4.97069770967985,64.74612921626353,-109.38637386428567,66.51686369036854,-115.03651199505384,18.125361078228224,-12.695233835984727,-0.04115819605682193,-0.16449140190756717,12.896369944704542,-25.495871142536878,7.628274929063871,0.4605473617488207
4.984660343695805,66.00270073884708,-110.95696676464732,68.53797309228982,-116.48162056238779,20.698219930088705,-12.139481106279076,-0.03656381806607941,-0.16860722151324925,1.3126802784439355,10.634110316772984,8.044911788645484,0.4500911944670789
4.99862297771176,68.28681245459627,-111.5935060075153,70.55121852643143,-117.90249261696438,23.890329342620117,-11.59459379454207,-0.035218881131899145,-0.17226360331985724,3.4879056545843565,11.592496870264839,8.30236974779947,0.43944769755142765
5.012585611727714,70.24346197262285,-113.43733282465494,72.55620750660697,-119.29802020549626,21.977296657451735,-11.943687565107876,-0.03592058900713545,-0.175785491433047,-31.392674408780056,24.081095302753997,8.808363817249122,0.42886975418092055
5.026548245743669,73.28080722854139,-115.3382584046403,74.55254915624208,-120.66711513754836,22.602672094006913,-11.722845226977443,-0.03548951834801189,-0.17937755033376046,-10.75087918695633,14.524891120530262,8.416530440024442,0.41802077451932806
5.040510879759624,75.78571979670859,-117.1666919784012,76.53985428457663,-122.00870983407606,16.161358243665134,-11.292522666904297,-0.03537102722439884,-0.18292650216856154,-20.410292089614366,-7.314554694144608,7.424035963403837,0.40668371419623606
5.054473513775578,77.7912115419502,-118.30193778411245,78.51773546253823,-123.32175815989103,15.2818060380877,-10.70637366461084,-0.030971822502092915,-0.18646360489100156,-3.370072484131354,-0.13890538709910294,6.734148000813342,0.39495871527063553
5.068436147791533,79.35729569760622,-119.87236626800835,80.48580709827226,-124.60523623940632,15.651076570809122,-10.505546687755668,-0.02766313336914679,-0.18956078714121105,-10.209149788766346,12.268581872340029,6.855101503891876,0.3828006071670349
5.082398781807488,80.76326765669057,-122.01036244416838,82.44368551231383,-125.8581432550234,17.422242617603075,-10.068053575589522,-0.025919310061295168,-0.19232710047812596,-0.19769048382045074,8.592482467921219,6.734636458385112,0.3706227522263781
5.096361415823442,81.48017453506866,-122.96987580739201,84.3909890123868,-127.07950222753983,18.832667285620655,-8.991108025784838,-0.025509583768773075,-0.19491903148425527,17.361766928489782,-10.319704374899189,6.233501454073276,0.35830057589329467
5.110324049839397,82.8786146436852,-124.29790505544386,86.32733796781542,-128.2683607779682,25.287898706631605,-8.38449726130801,-0.025006039170337512,-0.1974699898611325,17.53965864267056,12.382870118777205,7.181151462487008,0.34566123978160057
5.124286683855352,84.20540377534188,-124.90226278486611,88.25235488353424,-129.42379187017258,25.613316618411133,-7.8186393101421405,-0.026975345268891927,-0.19997059377816617,4.048693274583039,-0.7307764716441673,7.426425775753942,0.33255414240603187
5.138249317871306,86.36263158452718,-127.13792548438609,90.16566447368126,-130.54489453374345,29.325120566297347,-7.818388615767893,-0.02745387968581924,-0.20266812830505554,-3.0012331541199293,21.591064841354786,8.207557532275212,0.3189706273884876
5.152211951887261,90.11365062773669,-128.61386083303404,92.0668937347609,-131.63079456654737,25.314147582521187,-6.915433891912023,-0.02915529433663348,-0.20541351627363724,4.70275853320856,-20.234683249885617,7.261162390969487,0.30464452456891333
5.1661745859032155,92.40891891625247,-129.12245732853884,93.95567201836161,-132.68064521640332,16.184798221261723,-6.387034052060473,-0.027249108805542394,-0.2083290457073006,-15.819936256674184,-22.903717660009523,5.594628100851363,0.28970518614719465
5.18013721991917,94.03259386745523,-129.81799843373685,95.83163110341462,-133.69362784135484,17.947938012876556,-6.569200485442871,-0.022531519635858942,-0.21105395658785486,-10.603346554050752,19.651247386597245,5.71056552132858,0.27400977542703275
5.194099853935125,95.75580749622395,-130.60383802362557,97.69440526797926,-134.66895254802225,18.968861461420122,-6.844791673210903,-0.0207836175658656,-0.21330710855144064,-14.961740173823397,20.84915995736101,6.0778794453255,0.2578977073633535
5.2080624879510795,96.66001603004437,-131.14031593487735,99.54363136054128,-135.60585880753771,19.50052142745699,-7.086129411478692,-0.020474536173698644,-0.21538547030802713,-15.478341818818093,19.244863016410488,6.274378180328386,0.24162802157695484
5.222025121967034,98.45044123162057,-132.12929622619595,101.37894887080992,-136.50361604858287,24.86464610820691,-7.332764796137656,-0.020748407722853898,-0.21743292392539715,-5.1710572928731064,30.56905681311341,7.1437605828673485,0.22488094960031457
5.235987755982989,101.48839641824588,-133.6716270482592,103.20000000000002,-137.36152422706633,22.90834650021003,-7.346438754188112,-0.02318963749002788,-0.21950776469768263,-15.248003884432949,8.46462482053875,7.0664360428282444,0.20748918608838984
5.2499503899989435,103.2026093243584,-135.52691810731767,105.00642973058574,-138.178914371997,16.098927811006035,-6.983482754503207,-0.02372634110438974,-0.22182672844668527,-15.923543659515813,-12.774457018995994,5.717709104655486,0.18937048646806787
5.263913024014898,105.55317764353767,-135.84441300966768,106.79788589551188,-138.95514910712754,17.80893425158933,-5.890033502553407,-0.02102350137578252,-0.22419936255712436,23.367404266973075,-14.664220612705952,4.967774291485321,0.17028376267921042
5.277875658030853,107.40987751378506,-136.97711156159997,108.57401924684952,-139.68962314796119,14.568077639951019,-5.736115841852676,-0.019258672219934245,-0.22630171269470267,-11.608712406184264,-1.476588334566292,4.889900305725558,0.15039486448427786
5.2918382920468074,109.30176256164725,-138.4333798024012,110.33448352388255,-140.3817637737344,14.746606418563584,-5.308664741726457,-0.017175794304583457,-0.22822757991669596,3.6319011517005317,-1.7631166807074992,4.488315608320151,0.13000307839504766
5.305800926062762,109.75160302764283,-139.6587947980097,112.07893552061205,-141.03103127400726,12.884772697950076,-4.449179536493651,-0.015749979515073478,-0.22994515934715443,11.643927098321486,-18.81776862637541,3.802694151774827,0.10899009363239776
5.319763560078717,110.10802509140731,-139.9779075289048,113.80703515266478,-141.63691936951352,19.770420511102493,-3.23282295034592,-0.01385749748782422,-0.23152015729866182,42.28473721034768,-10.415800647404957,4.512150988281228,0.08736362806535558
5.333726194094671,111.71123832798165,-140.72390384227793,115.51844552359346,-142.1989556069418,24.865137748202088,-2.5054323074615112,-0.013227347604648604,-0.2329059070474444,27.207663699587915,-2.409288124036217,5.848564252700755,0.06503462117379666
5.347688828110626,113.56848356994048,-140.93471234465528,117.21283299055524,-142.71670172734065,23.154060176115237,-1.9044596367495976,-0.012813419000587484,-0.23422864180790937,9.970311917458648,-14.938783289771212,5.851391906373106,0.042027477311279426
5.361651462126581,115.88522556576524,-141.05190810429139,118.88986722935626,-143.1897540078595,23.15686149587689,-1.8191500887614798,-0.011678425613113599,-0.23550998370796794,0.5239063971545291,2.0754228177927536,5.779475491208876,0.018195203447675112
5.375614096142535,117.6917321810454,-141.8478339163801,120.54922129884878,-143.6177435765598,19.990377028526748,-2.1468669150511484,-0.01100304074632843,-0.23667782626927947,-17.746130299459455,6.183126421465257,5.323191511581407,0.006502615836383896
5.38957673015849,119.38133510202432,-142.07285884700968,122.19057170466911,-144.00033670005007,19.75535078994915,-2.0184254922443667,-0.010647965132247523,-0.23777813034391215,0.6371478746687169,0.5110723458508691,4.98726631462827,0.03201018365023112
5.403539364174445,120.61921600907249,-142.86268443275426,123.8135984623035,-144.33723504372134,19.634008055217514,-2.047895496537895,-0.01031147073132516,-0.23884292685713682,-3.245130562180143,4.894928377978551,4.977183747372364,0.0583867185345901
5.417501998190399,121.45597662381056,-142.97672487297476,125.41798515946967,-144.6281759043793,21.021434155999252,-1.584878175035342,-0.010108956933201626,-0.23987407393026938,13.593000758461272,-5.214610205259912,5.113232392057337,0.08567384291669011
5.431464632206354,123.51125922715858,-143.13806527974174,127.00341901780212,-144.87293241509252,24.739788716012146,-1.286415333700228,-0.00965116591080269,-0.24088496962358974,15.10750571908439,3.9165673824668628,5.86256941600175,0.11387868810221269
5.445427266222309,125.5075256979545,-143.79017137993603,128.56959095382877,-145.07131372209642,20.735710604629716,-1.248258940125391,-0.009348787594191948,-0.24185008621466997,-8.617097448829023,-6.442409259677249,5.41517953505745,0.1430149291762577
5.459389900238263,128.1674796485335,-144.44119308788635,130.11619563922753,-145.22316513361523,19.137052355761135,-0.9101002462146541,-0.008851167133084094,-0.24278496497408897,4.839701014646111,-9.57430440028758,4.8263143003411075,0.17305163219705122
5.473352534254218,130.14095063838514,-144.79802609314945,131.6429315603505,-145.32836824048604,12.856870519834738,-0.5114991508134041,-0.008135396145539011,-0.24367008168739757,-3.510183418057905,-22.283567336577217,3.5868991821269187,0.2039925737116448
5.487315168270173,131.0550296406732,-145.56623743665355,133.14950107700486,-145.38684100849073,12.282726646273396,-0.14611260435889356,-0.00718626050746225,-0.24448362130195145,8.640323410835807,-9.54212839970976,3.065628605400088,0.23579946847517652
5.501277802286127,131.65082864902138,-146.25937829021316,134.6356104804782,-145.3985378423237,14.5795433561153,0.7791119810303953,-0.0063813835244696014,-0.2452022473526978,30.98659240924216,-19.05762890689952,3.5845058661295197,0.26842417352354975
5.515240436302082,133.28662672677396,-145.69128809769808,136.1009700507977,-145.36344962114575,17.438650360235137,2.0436907519537186,-0.0052303943556991014,-0.24584038570514455,43.16957356112941,-28.335670007031375,4.539432417809605,0.30180898724351035
5.529203070318036,134.73385295120912,-146.32031456828378,137.54529411321167,-145.28160370569628,15.974776065515375,2.2997030781771586,-0.0034210746838810448,-0.2463634251407143,8.018289251437185,-12.013993548427456,4.278327852018596,0.3359255977127624
5.54316570433399,137.15372568278264,-146.4209469260925,138.96830109388253,-145.15306391695822,15.359584316647656,3.0443047539198287,-0.00235649123988365,-0.24670553260910255,23.67514774261657,-23.998702083047426,4.392382628598091,0.3706881172775045
5.557128338349945,139.43003841393468,-146.31756623647465,140.36971357477975,-144.97793048639224,9.6891679080429,3.4642734227981204,-0.0012864822108105615,-0.24694118173309088,4.633451030089065,-27.5181285752001,3.5248935539555384,0.40597093280494256
5.5710909723659,140.00356779540533,-147.27985268459395,141.74925834776343,-144.7563399777793,6.796850403573972,3.606131824512527,-0.0014277133354151073,-0.24706982995417182,3.5911654639192845,-14.603683933247575,2.7957482955925195,0.4417804961069667
5.585053606381854,139.7736879970464,-146.98746036560468,143.10666646784665,-144.48846518073248,10.454237553381748,4.830559538259245,-0.0018878360322294651,-0.24721260128771316,48.01085926783983,-30.024856007919297,4.173855000790164,0.4780405071731151
5.599016240397809,141.56704094512344,-146.76555373582005,144.44167330562692,-144.17451497596065,17.52483858905581,5.827701120993968,-0.0007846824189180898,-0.247401384890936,51.55453057544277,-17.72103537599789,5.450022807864486,0.5147893530625756
5.612978874413764,143.50723877276477,-146.24358136159825,145.75401859887594,-143.81473417238962,12.065377017670984,6.380857351795598,0.002477482332699706,-0.24747985313282772,13.34443709950687,-34.62811943262255,5.122315684233704,0.5519702050968851
5.626941508429718,144.19011822724545,-146.53184991976755,147.04344650327857,-143.40940331626757,10.755806799056222,6.454109198051431,0.002864113424897307,-0.24723210489955783,10.084296549602415,-13.32028563780135,4.53181313670147,0.5893332559608866
5.640904142445673,146.18829803412706,-146.46618350415946,148.30970564231,-142.95883847240347,13.406004369648393,7.204062640380177,0.0027299262688958194,-0.24694569355706797,37.55871638062209,-23.217386025017984,5.453201928532727,0.6265657660480515
5.654866776461628,148.43870304315723,-145.7802704340795,149.5525491562421,-142.46339097770922,7.734965893796097,7.801937314173999,0.0040723202586963395,-0.24667270093017857,16.119177468903416,-38.58912358735541,5.228817612276999,0.6638566293870163
5.668829410477582,149.58112756507683,-146.01878723775553,150.77173475026925,-141.9234471672378,4.488385384942402,7.799342910085897,0.0028436187861830943,-0.2462654689043089,5.729880741624584,-17.878769736249478,4.5075628290731,0.7011590617264032
5.682792044493537,149.43456982533115,-144.93655798475402,151.96702474174424,-141.33942807293073,4.885426145617312,8.468016780440095,0.0009152119045173785,-0.24598110702569054,32.10205790880871,-28.306225562802155,5.2525144008426485,0.7382279579926232
5.696754678509492,150.67971306704325,-144.08303891187347,153.13818610651492,-140.71178909531005,12.502793132321457,8.731237594467906,0.00018911457744683155,-0.245889585835239,38.18534845721075,-1.954607479603106,5.618313423747654,0.7752259722441357
5.710717312525446,152.09009175040455,-144.16574022959347,154.28499052435262,-140.04101964837065,9.352862997770451,8.707381526209678,0.003331613448246101,-0.24587067437749432,7.0553058517128315,-18.111140438901014,5.416266728172738,0.8121330685889672
5.724679946541401,152.81030481970112,-143.16795834638322,155.40721442346387,-139.32764277795002,7.899675187618289,9.273996733116501,0.0036044661122395954,-0.2455375130326698,26.88388164451905,-30.699344036252064,5.866045497583787,0.8487447486048882
5.7386425805573555,153.70393546578896,-142.62033151034532,156.50463902407597,-138.5722147538729,10.832702199733497,9.461351169049415,0.0032929606969441414,-0.24517706642144566,27.114781015319398,-11.385494323955086,5.896521379738522,0.8845967052889057
5.75260521457331,154.9318229183603,-141.7432752428257,157.57705038108858,-137.7753246361886,10.370062379671877,9.798122658970417,0.0046715368446639685,-0.24484777035175131,24.075696320154943,-23.18663498785906,6.202830866446571,0.9199061210711621
5.766567848589265,156.4449749103354,-140.4646798451606,158.62423942578283,-136.93759381583988,9.631818180276548,9.911462298854188,0.005344077242719952,-0.24438061666728483,17.859085821967152,-18.202376511869097,6.060405402443211,0.9546699112561985
5.7805304826052195,158.1916221461718,-139.70879151614048,159.64600200657952,-136.05967553012093,7.80279080290269,9.551885646423719,0.0053427790004306214,-0.24384620894301268,2.592958697334808,-7.876930183957683,5.44523989245719,0.9886661580970051
5.794493116621174,159.4386630912124,-139.24785449409563,160.64213892883905,-135.14225435330252,4.216209348052126,9.336116570194651,0.004255339851456711,-0.24331193104296966,1.9363860436514806,-15.331663690505849,5.182498833739765,1.0219212819872263
5.808455750637129,160.07604393990678,-138.0014908838698,161.61245599369462,-134.18604566282167,3.411042276423045,9.560970838343787,0.0018674271581706346,-0.2428863970578239,19.69476442915506,-21.069869375864382,5.508836921460394,1.054467114989123
5.8224183846530835,161.252896760188,-135.7905015434016,162.55676403591193,-133.19179508145177,5.7258811373441265,9.541883777497732,0.00022020557857854207,-0.2426996543420068,20.261777905767712,-7.735802152915273,5.411759963867696,1.086385075170166
5.836381018669038,161.90634396057652,-135.81339869460285,163.47487896076706,-132.16027789588844,5.035486976139811,8.533797157157357,0.0004135550005023095,-0.24267763378414875,-13.523641085713903,12.858318616944123,4.256257585092082,1.1177859472375786
5.850343652684993,162.93447372678887,-135.21471625831086,164.36662177993628,-131.0922984522042,5.1251545945818995,8.911010402355133,1.5000829405159176e-05,-0.2426362782840985,24.58844552038988,-21.994419576160652,5.32369744136631,1.1485837985111766
5.8643062867009474,163.66581527168879,-134.87611433333652,165.23181864639014,-129.98868952864365,3.5303496471941416,9.487853913528616,-3.81562743736148e-05,-0.24263477820115797,26.902482125724205,-31.77362855520272,5.708690660634359,1.178589495025693
5.878268920716902,165.3299797440272,-134.96294375304112,166.07030088828517,-128.85031168624806,3.6392434411647336,10.462941382103084,-0.0006690725145234212,-0.24263859382859554,42.47489279327183,-39.81130312703088,6.487823103482179,1.2078632775818168
5.892231554732857,166.08664155455102,-134.59167945030208,166.88190504184695,-127.67805259781568,-2.7180770454936276,11.829725490001062,-0.000729020640783322,-0.24270550108004807,40.320960077443544,-66.41248178784258,7.4483629928659285,1.2363771049826617
5.906194188748811,165.88180606561104,-133.14627891004142,167.6664728832377,-126.47282635572131,-1.2910179392671537,13.243269083837168,-0.004431047709079335,-0.24277840314412646,60.84912766219241,-52.60799035348171,8.271133090362147,1.2642000233590638
5.920156822764766,165.74361997134358,-132.1778937701487,168.42385145940216,-125.2355727591345,3.6552500017591854,14.03505517034742,-0.0056626209530347615,-0.2432215079150346,53.943074859007154,-29.59410426494986,8.30910744846227,1.2912903224318937
5.934119456780721,165.44954102759544,-130.79253811295393,169.15389311788624,-123.96725658119234,6.0710973272673385,14.878678491647491,-0.0027279412932353017,-0.2437877700103379,51.225319877258585,-37.53340710364983,8.890698846699461,1.3180310921591856
5.948082090796675,166.21426891059795,-129.67731131460283,169.85645553562216,-122.66886681669861,10.665466010167552,15.465600500982584,0.0008661332316830168,-0.24406056413966137,50.56976577734349,-26.7458660654496,9.242019844744924,1.3441970881600387
5.96204472481263,166.96865479047779,-128.41598540403618,170.53140174667448,-121.34141591093513,8.158907728578974,15.93459521384722,0.006687285678080341,-0.2439739508164931,32.6888867681884,-40.03615320770622,9.387480391735501,1.3693958787322353
5.976007358828585,168.54163088785222,-126.53148162514664,171.17860016894204,-119.98593897018758,8.422773754099724,16.240177324587545,0.007951994091769353,-0.24330522224868512,35.0880691767015,-30.250385977534854,9.422808655942031,1.3935876375712697
5.989969992844539,170.27090072034568,-125.34971180323193,171.7979246298101,-118.60349295460063,3.868743023961734,15.811019035095509,0.00892308461401753,-0.2425100228395083,4.67233509184353,-21.305975647603773,8.570674027999198,1.416577270790894
6.003932626860494,169.7509218146557,-124.0613610932606,172.38925439074782,-117.19515585399228,-0.85534697578285,15.53201306545266,0.005489356561604747,-0.24161771437810664,7.495138347819692,-25.443635797430066,8.42521246035885,1.4388491716456269
6.017895260876449,170.93247708524203,-123.32041963757234,172.95247417084673,-115.7620258472698,6.639892476306477,15.712915303003863,-0.0002080705121556975,-0.24106877872194632,46.69267208438976,-10.546323486994556,8.895442822860343,1.4604622706966612
6.031857894892403,171.4902551243297,-122.2829026221647,173.48747416929467,-114.3052204461029,-0.6437639850896684,16.25753811639172,0.0029450583349632936,-0.24108958577316209,24.246737361929924,-53.35291387532163,9.370262886461026,1.4818871709973331
6.045820528908358,172.42525237145335,-121.42879618333696,173.99415008678193,-112.82587562352163,1.248690226492618,16.895312455880315,-0.0013773432621027445,-0.24079507993966587,47.83884997781132,-36.614091335965895,9.782885547529299,1.50338069233056
6.059783162924313,172.85001654231627,-119.81158664338928,174.47240314583448,-111.3251449281189,-2.8054449900708764,17.66857415356123,-0.002016294937521031,-0.24093281426587598,39.324420287771254,-54.390166361819944,10.30895702678591,1.5240883736452053
6.073745796940267,172.77019384129906,-118.02020828762679,174.92214011007084,-109.80419858454798,-1.0214735968295328,18.014683552575395,-0.006091803698852861,-0.2411344437596279,41.66449749634207,-30.943378536637415,10.219663000328504,1.5447883587665823
6.087708430956222,172.8416937730064,-116.88619446668393,175.34327330237875,-108.26422258101641,1.332184251512634,18.101334089303293,-0.0066535979253478945,-0.241743624129513,36.413905544711135,-22.899441780607255,10.08959835774527,1.5651427728830214
6.101671064972177,172.8938251661718,-115.38813397456737,175.73572062200788,-106.70641774448819,1.5816847182660276,18.552295000136912,-0.004695218320970446,-0.24240898392204802,41.96508012812228,-37.59089206888755,10.58315857938922,1.5855255321876447
6.115633698988131,173.29198105931468,-112.89643534343904,176.09940556057575,-105.13199880431495,3.0446562726251702,18.91978485714447,-0.0033807906752047123,-0.24287850575414494,43.147897579921896,-33.251325148243374,10.745420154441407,1.6056152510879507
6.129596333004086,173.88894995778784,-109.65663398649241,176.43425721698293,-103.54219344502663,3.3419996514690835,18.383074131907872,-0.0012711799043599974,-0.2432165848216652,16.413623386211913,-11.514940087888588,9.867914721209571,1.6251895793963422
6.143558967020041,174.21134264237674,-108.50182176276073,176.74021031123553,-101.9382413490199,3.844686383229231,16.7231004637707,-3.937773248678493e-05,-0.24334370281210127,-14.764288718934969,20.5305697382556,8.228199712533257,1.6443422347138448
6.157521601035995,174.35420526372187,-107.75509851281845,177.01720519717168,-100.32139322989124,2.780382477679971,16.185921413688195,0.0008527080508602147,-0.24334764058535008,9.932924831674622,-11.37430713288884,8.648252751728847,1.6630226654776212
6.17148423505195,175.3266161719121,-106.49924794286846,177.26518787408946,-98.69290985716799,2.565207741004678,16.622807706858012,0.0003956584072713911,-0.24326236978026383,37.656363142829036,-35.49805707821873,9.518249996110757,1.6813472656792268
6.185446869067904,175.52439919942697,-104.72817637712159,177.48410999727466,-97.05406107319837,-1.9528900963195577,17.01463865236906,2.623655007218367e-05,-0.24322280393953655,27.47937042042991,-44.51962715153513,9.688463996396228,1.699378279336793
6.199409503083858,176.2835373055515,-103.54939493786082,177.67392888742563,-95.40612480296619,-0.12533610603679413,17.126278351889734,-0.00416772445552564,-0.24322018028452952,34.35645701246091,-23.44775058709834,9.566667310552862,1.7172785734950242
6.213372137099813,175.62378651304897,-101.436546039551,177.83460753897361,-93.75038605760398,-4.718521114656138,17.448826168220425,-0.004759567478612985,-0.2436369527300819,26.00885800314786,-43.59860956338209,9.921007706093203,1.7350670492964166
6.227334771115768,176.06841042404014,-99.86761675232007,177.96611462729715,-92.08813593237957,1.8876917965161617,17.422307358475475,-0.0093044574318339,-0.24411290947794306,41.72973858591257,-9.686227889775374,9.637389300358391,1.7531535703274939
6.241297405131722,176.78654302965242,-98.76123535866624,178.06842451482873,-90.42067059993897,-2.636449174709144,17.41794173562639,-0.005690859116520381,-0.24504335522112664,17.707137063542998,-34.72322053404753,9.656337192193583,1.7712051203644261
6.255260039147677,177.4533244081584,-96.18321042264232,178.14151725605313,-88.74929029958987,-5.229610530606962,17.736039175311568,-0.007865327134995981,-0.2456124411327787,30.668042847752673,-39.542241178986096,10.103217260861706,1.7896440294816518
6.269222673163632,177.89805002909057,-93.96854863689393,178.18537860139563,-87.07529832341417,-6.4458899808623675,17.057008899347444,-0.011560448811376968,-0.2463989738462784,6.722646078893679,-9.674041640736371,9.137284396860077,1.8076813507438274
6.283185307179586,177.54756659826364,-91.85427122543244,178.2,-85.40000000000003,-7.639576266926998,16.169333211393745,-0.014453875694656764,-0.2475550187274161,-0.1539619257112142,-2.9355010355049367,8.573867244583882,1.817195300641175
