Time,X,Y,Ref_X,Ref_Y,u,v,r,psi,Tp,Ts,Lateral_Error,Heading_Error
0.0,30.748904296903913,-27.12199336467106,28.2,-25.400000000000006,-9.472776796199776,0.34300501419951823,-0.0007337765269661272,0.0,65.8858100258301,-108.86338630778724,2.8284271247461903,0.0027925649129776353
0.013962634015954637,30.364983398088242,-27.22529371951376,30.29432705087179,-25.40584855944175,0.18941375123312554,0.5312319870140839,-0.0014045535911016392,-7.337765269666008e-05,72.2503251810819,-28.71426801847874,1.775329114594162,0.008378609495834688
0.027925268031909273,31.37041605542653,-26.49308624276081,32.38824580853533,-25.423393097578746,9.602669459127467,0.742907074405924,-0.0016071495548208542,-0.00021383301180666336,80.02866256605343,-36.19961755550171,2.709324017694812,0.013894021781293286
0.04188790204786391,32.76252567540158,-25.47652445551657,34.48134805937995,-25.452630194068504,12.443500902152815,0.7954629059802797,-0.001584279252895772,-0.00037454796728875195,26.55959617397599,-11.435673102868549,3.2803119855407075,0.019346935570303536
0.05585053606381855,34.30618393463602,-26.147330532206833,36.57322574897457,-25.49355414908114,15.04993827708129,0.6376084916220832,-0.0016650247380372266,-0.0005329758925785022,-27.4715235746357,41.94180223348002,3.8107381255069384,0.024786008262579262
0.06981317007977318,35.80462809838988,-27.166734885910223,38.66347106161879,-25.54615698441055,17.025581352404263,0.6308238881758269,-0.001578732734156531,-0.000699478366382067,8.720037375282908,3.151325560657275,4.398563486132692,0.030235633400065964
0.08377580409572782,36.61720506098953,-26.136086879547324,40.75167649984732,-25.61042844502974,19.3602506234598,0.8328693930622629,-0.001281668468114086,-0.00085735163979761,63.39154431941261,-49.602670426480536,5.186075358523894,0.035687306152665244
0.09773843811168245,38.678947722714575,-25.95587552107478,42.83743496387242,-25.686356001090132,24.820078156473265,0.7483279426723959,-0.0011771769391782818,-0.000985518486609216,-1.207954949103867,29.734350620278057,6.236466780778712,0.04115959908015965
0.1117010721276371,41.09351637889127,-25.486365807447086,44.92033983094882,-25.773924850364224,23.57849186644139,0.6215804276981405,-0.001066058190592881,-0.0011032361805272117,-27.802045836667116,26.344861483470073,6.244043681405562,0.046675472537642815
0.12566370614359174,43.13402994011765,-26.231692237309428,46.99998503464563,-25.873117921131332,22.280325506412606,0.39656752205793855,-0.0012628840373137872,-0.001209841999586292,-54.45443850253655,52.50663401545962,5.9191172634817715,0.05221756898556107
0.13962634015954636,45.75569816593389,-26.04657198755753,49.075965144009814,-25.983915875505787,22.782998082918066,0.3656543490806691,-0.001421385879002423,-0.0013361304033177035,-2.5062184323594754,8.526164038065295,5.947099048504377,0.057788469809255005
0.153588974175501,48.24361387197021,-25.31058619461482,51.14787544260571,-26.106297113206836,20.03885152375224,0.2748359886366566,-0.001587805808092131,-0.0014782689912178348,-25.62847143909571,16.8274721813752,5.3925080318614,0.06335932050775028
0.16755160819145565,50.270064976120224,-24.556632380551015,53.21531200741534,-26.240237775769707,18.68813148569969,0.018701999386577683,-0.0019566503175774434,-0.0016370495720270384,-66.02813678064939,63.187731295866726,5.057868564161426,0.06893591714843916
0.18151424220741028,51.44242009153834,-24.875052531796534,55.277871787584,-26.38571175119685,19.15227356692693,-0.3823904830627396,-0.0025152495542027234,-0.0018327146037848685,-101.64236295264276,106.81249556425752,5.331384473573926,0.07451945776373714
0.1954768762233649,53.15533329034448,-26.431106029599214,57.3351526829958,-26.542690679048512,23.251676129452523,-0.6734406599046157,-0.003033691519644571,-0.0020842395592053364,-68.6411373545029,90.35005495259446,6.124158259270816,0.08009171843536977
0.20943951023931956,55.124975009757094,-27.279685329797868,59.3867536226639,-26.711143955971664,23.94757706716047,-0.5805013154159239,-0.003285048341249768,-0.0023876087111696087,20.01759087900171,-13.46411010065718,6.237709563473671,0.08563577351752816
0.2234021442552742,57.50841202874956,-26.862902701900193,61.43227464292009,-26.891038741666208,24.166932524501245,-0.3536874674524484,-0.0032177172071633296,-0.0027161135452944407,54.25787996996931,-49.74789777067879,6.319262206378563,0.09115772251008902
0.23736477827122882,61.25769365964118,-26.958909955449457,63.471316965388496,-27.082339965287225,22.43166170337394,-0.31910403320746733,-0.0031467134527198245,-0.003037885266010676,2.366745550671962,-6.678621097273848,5.966941259636781,0.09668639438120108
0.25132741228718347,63.28636182993583,-27.08499331053258,65.50348307472822,-27.28501033228214,14.686398057054795,-0.3160749082403348,-0.0030819423019917387,-0.003352556611282864,-19.326750663981755,-12.749813027647837,4.2582941670386765,0.10225581787912663
0.26529004630313807,64.91092773543342,-27.21841379496172,67.5283767961297,-27.499010331661324,16.566456763423663,-0.3310603784936685,-0.0029632128304713807,-0.0036607508414818746,-2.4194441560764584,13.366781328295536,4.26217093359677,0.1078685626249749
0.2792526803190927,66.89430768815845,-27.194691833253035,69.54560337254988,-27.724298243700872,17.970182640498955,-0.36248187658233255,-0.0029487643884431804,-0.003957072124529226,-7.734924975600322,16.755148407251042,4.6622030561481305,0.1135262531276453
0.2932153143350474,68.70457448207473,-26.617464132420935,71.55476954167074,-27.96083014807597,17.740970772582465,-0.4417575038081842,-0.003030025948378659,-0.004251948563373631,-23.981546726197276,25.70109381959625,4.7230152027579715,0.11923658150601435
0.307177948351002,69.8990844967677,-26.36300324757479,73.55548361256666,-28.208559932423185,18.671297570985804,-0.6836638607905581,-0.0032892192807232393,-0.004554951158211473,-63.93731199587739,70.90173748200561,5.105184153101115,0.12499146767994151
0.32114058236695664,71.90856655943145,-26.9428949401595,75.54735554206536,-28.467439301330216,22.208716853741578,-1.0009047495145253,-0.003710135647637819,-0.0048838730862836854,-79.51254912148343,98.44225539458306,6.027571393645507,0.13078374374523882
0.3351032163829113,74.61467495377237,-26.160985815110266,77.52999701078748,-28.73741778575115,21.2444407383408,-1.1742927199769653,-0.0041893332462575525,-0.005254886651047563,-55.46050282602749,54.11235768030758,5.900914553082703,0.13659807815803848
0.3490658503988659,76.3664206078135,-26.241883538651965,79.5030214988503,-29.018442752845502,17.93237742078319,-1.5437217583566236,-0.004757548554175566,-0.0056738199756734,-112.99716775888284,100.67790878866123,5.662242673692698,0.14242082238512044
0.36302848441482055,78.3059207336064,-26.478878583075534,81.46604436122055,-29.31045941623914,19.750658364862783,-1.8834659353155307,-0.005160789220919984,-0.006149574831090909,-97.23668167588207,107.79389315101108,5.951665341971388,0.1482487379540074
0.3769911184307752,79.80699941020173,-26.91609093819138,83.41868290270169,-29.613410846704923,19.38182318185698,-2.1619397727157854,-0.005714017433612486,-0.006665653753183065,-89.46511927808558,90.09979225331699,5.997135108488515,0.15407558252189224
0.3909537524467298,81.97743089272115,-26.815186357327267,85.3605564525411,-29.927237983261215,21.600951711672494,-2.3522623031484007,-0.006127710725923361,-0.007237055496544187,-63.445684142244396,75.76020229873079,6.317357228268011,0.15992058681819188
0.40491638646268446,84.1691194970883,-27.246407252350313,87.29128643864266,-30.251879644685943,19.890715859468408,-2.5970684556110766,-0.006770480921008183,-0.007849826569136464,-88.0858675125533,82.61935169433164,6.32834271466843,0.16577156342331678
0.4188790204786391,85.90030759282439,-27.368367135730345,89.21049646137003,-30.58727254144395,19.0594835397716,-2.7599323258262203,-0.007083366735021283,-0.008526874661237471,-67.37787790990141,65.58865318436004,6.047880833470608,0.17164535964974892
0.4328416544945937,87.69717893934218,-27.573225308842108,91.11781236692656,-30.933351288025484,20.100095971391443,-2.93928300287623,-0.007313676900832823,-0.009235211334739812,-68.89921970730659,75.49648284961248,6.319135073243363,0.17752204872260435
0.4468042885105484,89.94656009277901,-27.644882709938557,93.01286232029734,-31.290048415693178,20.320060400795906,-3.1136333375111613,-0.007700259699459469,-0.009966579024823119,-71.06746331762672,73.9681637869101,6.486236490769125,0.18343769190501114
0.46076692252650303,92.61767275586759,-28.620616171507045,94.89527687773914,-31.657294385635232,18.51753378716372,-3.314898529449398,-0.00811147399803694,-0.010736604994769028,-84.23353436524575,77.81847854547829,6.370968943026884,0.1894037165277611
0.47472955654245763,94.75511022241356,-27.781683309181766,96.76468905880412,-32.03501760252215,15.263909649143258,-3.326696964280378,-0.008081746941838169,-0.011547752394572619,-40.77019920223495,27.362306370139844,5.371767060189732,0.1954077672944874
0.4886921905584123,96.29059911241973,-26.804368807047467,98.62073441788363,-32.42314442846438,14.612678942795117,-3.6191319671997975,-0.007915193515672273,-0.012355927088756324,-107.39037438854284,105.44617738550525,6.040381754691984,0.20145076072428258
0.5026548245743669,98.23173958897237,-27.428665674331608,100.4630511152573,-32.821599197368194,16.096697195310703,-4.194824471245157,-0.008195686502319282,-0.013147446440323396,-178.10281129653734,185.71731918638838,7.322323216451361,0.20758028407892715
0.5166174585903216,99.56741981139842,-27.937655246782874,102.29127998763465,-33.230304229686865,15.30463901888203,-4.576694889270677,-0.008765479613248667,-0.013967015090555535,-138.5581989677091,135.68790498398818,7.0808811722380804,0.21381363260134645
0.5305800926062761,100.99330695294127,-28.22143893324649,104.10506461817457,-33.649179847564554,17.845580238882253,-4.847879713677137,-0.009082190397842508,-0.014843563051880615,-105.99864179894253,118.11525167516933,7.294637321882208,0.22010984003875578
0.5445427266222308,103.18979329214864,-28.293972114923154,105.90405140596953,-34.0781443903696,19.014673479396514,-5.092279366370943,-0.009898371879665743,-0.015751782091665056,-104.55691237871633,110.61942067394975,7.643062860819833,0.22644384714740085
0.5585053606381855,105.5612773801586,-27.790073110477202,107.68788963498073,-34.517114230614446,16.75954743373721,-5.36826956465929,-0.010796663259980206,-0.016741619279631692,-122.74947122858346,113.1746865137701,7.678565523682805,0.23284497221492328
0.5724679946541401,107.55243266646602,-29.47144986368845,109.45623154241098,-34.96600379025895,14.361310225998242,-5.821503839724226,-0.011194695547314545,-0.0178212856056299,-171.45811688548858,160.78640276261248,8.164842254880377,0.23926742474200058
0.5864306286700948,108.52123268252734,-30.02700189763181,111.20873238650162,-35.42472555739404,14.152789446530692,-5.85209177760296,-0.010758461700604455,-0.018940755160361533,-61.94457360527064,60.763206260951605,6.9864167588255315,0.24570730439072053
0.6003932626860494,109.51455117426795,-29.694429302509196,112.9450505137407,-35.893190103302295,17.901251883242566,-5.852726905788268,-0.010460723750282706,-0.020016601330421935,-45.41562710899071,62.32181176202647,7.347266720904363,0.25221910972138506
0.614355896702004,112.19666672671374,-30.063636528995385,114.66484742546898,-36.371306099892294,20.30701064732802,-6.057645291096911,-0.011378166204681605,-0.02106267370545023,-100.79863370537016,112.07689346019829,8.432451318719139,0.25889091028036804
0.6283185307179586,114.70971725685573,-30.835743072640486,116.36778784387097,-36.858980337503155,15.106051205967468,-6.240501614519344,-0.012595783639919197,-0.02220049032591831,-114.32607425429995,90.99412801197636,7.973390047515538,0.26571367835500137
0.6422811647339133,116.65407767243941,-32.01213370348737,118.05353977733787,-37.356117743076,12.59713435648493,-6.308315182948948,-0.012001470174898525,-0.02346006868991024,-80.68365115346438,68.87553353797173,7.3277851286279265,0.27257090577974274
0.6562437987498679,119.01527005176216,-32.392187509483385,119.72177458519015,-37.86262139868856,12.056037249906733,-6.197119174127265,-0.010910591466947606,-0.02466021570740029,-30.819491101982756,27.64483751352197,6.605979913699473,0.2794377823878622
0.6702064327658226,120.02241917559891,-32.85193436338485,121.37216704174656,-38.37839256044962,8.814471978391367,-6.1459815210203255,-0.010179462477365923,-0.02575127485409512,-51.389513406577834,35.81541266610035,6.433476069249905,0.2865009159306964
0.6841690667817772,121.43070946544533,-33.225971270111856,123.00439539972764,-38.90333067774923,12.608010633042381,-6.11938586602489,-0.008979009197711585,-0.026769221101831775,-41.28056680849678,57.510698120218336,6.746227060718595,0.29381559522229006
0.6981317007977318,122.75178052312465,-32.92025734694143,124.6181414529809,-39.43733341286133,12.657178425414019,-6.137008304529956,-0.009287526507643968,-0.027667122021603152,-60.61619384582712,60.23185436468729,6.981457035859077,0.30135170593958005
0.7120943348136864,123.95907412522456,-33.754565339120106,126.2130905985158,-39.98029666089462,13.88613106045877,-6.362526086278973,-0.009680937826634598,-0.02859587467236757,-111.62377566085036,116.6443379232709,7.862876226456128,0.30916228068724116
0.7260569688296411,125.12343713034853,-34.79778260496598,127.78893189783625,-40.5321145700881,15.422118673670445,-6.459924707944344,-0.010205945022110544,-0.029563968455030842,-79.93259927275903,86.42913299099375,7.784791849280814,0.31710277371565043
0.7400196028455958,127.99170107139669,-34.58118607114996,129.34535813755852,-41.092679562446975,17.00155205201903,-6.410732041660196,-0.010804527209576805,-0.03058456295724188,-42.92029739881369,49.78685189293914,7.57960056311838,0.32517131011063105
0.7539822368615504,129.51680845396461,-35.21778126516337,130.8820658893033,-41.66188235471531,10.214767749711143,-6.574162012272173,-0.011713263089024989,-0.03166501567819946,-116.33152707475269,85.10786575359636,7.647906160557184,0.33336162042245876
0.7679448708775051,129.9631476548643,-36.20870632735423,132.3987555688496,-42.239611979680944,11.944158700880672,-6.681984185774916,-0.010482693030430975,-0.032836341987101836,-84.5516963591442,91.3247950959521,7.590238847120443,0.341673525832384
0.7819075048934596,131.59997066542033,-37.02888390424328,133.89513149453919,-42.82575580780875,16.599661024833424,-6.657216101781268,-0.010192370818137581,-0.03388461129014475,-44.4445854301488,64.81738420435286,7.697131981605095,0.3500834914836277
0.7958701389094143,132.7175844342192,-38.24759846740899,135.3709019449205,-43.42019956919808,14.727681236357162,-6.582784924339295,-0.011215407852473602,-0.03490384837195837,-46.03381694867785,37.16033985155679,7.4208381362086975,0.35881324397390335
0.8098327729253689,134.0846573640391,-38.76574528146422,136.82577921562012,-44.02282737585982,16.863076957005593,-6.373143399577344,-0.011095422411546194,-0.036025389157205545,-1.601532678739132,10.862959817187651,7.087350231711139,0.3677768840062967
0.8237954069413236,135.02220548913158,-39.99670436710336,138.25947967543144,-44.633521744309014,16.633463547294028,-6.2335352372404005,-0.01151331847937292,-0.037134931398360216,-22.988888916908675,21.80871140041709,7.201384724455062,0.3768515449029626
0.8377580409572782,136.66375092387003,-40.455123987555126,139.67172382160913,-45.252163618468515,18.998800010966107,-5.9751600791399,-0.011468772919213515,-0.03828626324629747,14.74032345643638,-3.9981028307698385,7.016970333897987,0.38616035641274093
0.8517206749732329,139.0294806867477,-40.67635156766849,141.06223633435866,-45.878632392879176,17.183542324181044,-5.818543362918176,-0.01192974280473134,-0.03943314053821867,-18.524144165591586,10.560275318584628,6.982916104959444,0.395658730776161
0.8656833089891874,141.67577834993057,-41.3452988660843,142.4307461305105,-46.51280593621215,12.861876925457246,-5.803283169225941,-0.011771563763221268,-0.04062611481869194,-59.41322180484738,39.78267989526761,6.755205860299702,0.40540250011488155
0.8796459430051421,142.7780866214542,-41.86383133098067,143.77698641636837,-47.15456061507862,7.790874247043521,-5.7923864424525915,-0.010672752340730417,-0.04180327119501426,-62.402053059310866,38.7392179419073,6.177588316389486,0.4153511030087276
0.8936085770210968,143.91760529700483,-42.388739011906715,145.10069473972112,-47.80377131813238,10.137437559570248,-5.812959308240059,-0.008919839709718866,-0.0428705464290875,-53.65638613076319,63.2751626691575,6.377883310472461,0.42557686101204295
0.9075712110370514,144.70544569588404,-43.73868691932227,146.4016130410083,-48.46031148046051,10.363451133617385,-5.8594451780683805,-0.008542365019131646,-0.04376253040005951,-65.03227213129973,65.25271799737169,6.560052340733999,0.43618467453019427
0.9215338450530061,145.73210915989014,-44.245340701261526,147.67948770362943,-49.12405310825751,12.658129396687336,-5.728979214121428,-0.008236745366982883,-0.04461676690197258,-15.10362385467793,24.812932483182212,6.151999256563769,0.44725123471011097
0.9354964790689606,146.6864901375288,-44.28949223745114,148.93406960338712,-49.79486680377792,13.180473799697237,-5.6640813587800904,-0.008602616178872369,-0.04544044143867065,-34.671410641907464,36.640368539501154,6.407011053855779,0.45865073512857757
0.9494591130849153,148.21967011661212,-44.34888047034743,150.16511415705415,-50.47262179056264,14.379586695186811,-5.764798125041621,-0.009047892132180137,-0.04630070305655787,-75.17098760477747,80.34403198755922,7.09449900555208,0.47038819531839904
0.9634217471008699,149.49724361442915,-45.8633060264104,151.3723813700556,-51.157185938934106,12.565914282870608,-5.999948156768153,-0.009756300384152452,-0.047205492269775995,-117.55701675452266,109.04737233325551,7.502840235615864,0.4824091487415716
0.9773843811168246,150.4244237922706,-46.37854416539336,152.55563588325626,-51.8484257917552,12.635565555701122,-5.974847595021037,-0.009595535575497216,-0.04818112230819116,-48.56865560902253,48.32755976154244,6.721266389270878,0.4947188227456274
0.9913470151327792,152.02838707765122,-47.24701096173708,153.71464701884426,-52.54620659044699,13.745209251339222,-5.997263412083979,-0.009557456685231976,-0.04914067586574067,-58.17080708129775,62.71614081055539,6.990395458777941,0.5073045627957264
1.0053096491487339,152.77871778133658,-47.73389080254331,154.84918882530226,-53.25039230126021,11.269719533701165,-5.977856106823685,-0.009774721317970938,-0.05009642153426386,-55.73859393127292,44.00167385847908,6.6330618877925245,0.5202674382534087
1.0192722831646885,153.65413006075957,-48.75056320115168,155.95904012145715,-53.96084564179526,13.620019964432991,-6.013222254082383,-0.009342160618831476,-0.051073893666060854,-58.80336608237567,68.84099762050366,6.992096735397278,0.5336098248807701
1.0332349171806432,155.65960140962804,-49.20176482195331,157.04398453959965,-54.67742810776572,14.06099188618299,-5.965047190762371,-0.009608190562101953,-0.052008109727943896,-41.78233635046316,43.38381578015398,6.827799133612912,0.5473213195977529
1.0471975511965979,157.61815042515673,-50.46268256258297,158.1038105676658,-55.40000000000001,9.484521361677334,-6.00147648193971,-0.009913739839707097,-0.052968928784153935,-74.61837135609812,53.31362559939195,6.662753014378609,0.5614825125995355
1.0611601852125523,158.56642696308333,-50.582900886682694,159.13831159047143,-56.12842045167604,6.236598970442329,-5.912145810384315,-0.008877900914035673,-0.0539603027681248,-39.878424736488434,24.003968553750234,5.86612954139574,0.5760396122546991
1.075122819228507,159.1225610746822,-50.76544504064759,160.14728592999245,-56.862547455783485,7.396401521331272,-5.987401361318239,-0.007666466611300601,-0.0548480928595283,-71.46732800631804,75.3750797297417,6.475575349424659,0.5910051700650123
1.0890854532444616,160.0429534034685,-50.716053156389094,161.1305368846822,-57.6022378928083,9.22010772781416,-6.179229758045491,-0.007418991186931348,-0.05561473952065832,-100.43751623783405,107.51463361520835,7.125566879687593,0.6065302321855901
1.1030480872604163,159.9629279240252,-51.19925158548153,162.08787276781882,-58.347347558634155,9.037528007489572,-6.529505065667494,-0.00795412976722181,-0.05635663863935125,-147.41253986494291,145.4638670811678,7.900528429189517,0.6226496276379683
1.117010721276371,160.79672322545898,-51.490815364143074,163.01910694487503,-59.09773119265536,13.949825391877035,-6.855192391444449,-0.00831566781030163,-0.05715205161607351,-132.65026694022916,153.861041893777,8.469132795772161,0.6392845393252418
1.1309733552923256,162.02849789361207,-51.98903512524249,163.92405786990292,-59.85324250609565,13.120741499051228,-7.222700396036623,-0.010033267273777662,-0.057983618397103864,-159.21467354259394,154.65650105727613,8.9280686423663,0.6563745284426186
1.1449359893082802,163.6578376972888,-53.56261495867613,164.80254912092656,-60.6137342105275,11.731520084229425,-7.571213517045481,-0.010930120145641565,-0.05898694512448177,-159.16800682056873,151.7603746176215,9.059845171054585,0.6739549415947539
1.1588986233242349,164.87543956111713,-54.6553051578138,165.65440943433595,-61.37905804658631,8.489506979210159,-7.629663398158572,-0.010909232152775231,-0.06007995713904579,-92.08033701125031,75.8296611804066,8.067408583164376,0.6919082271657713
1.1728612573401895,165.66126425347613,-55.22804143845251,166.47947273827506,-62.14906481287383,7.47785366727328,-7.596710247787312,-0.009845973950016886,-0.06117088035432339,-64.19312441267279,57.68118644997983,7.663508087111856,0.7103344683503989
1.1868238913561442,166.67058301445317,-56.3820976405267,167.27757818501811,-62.92360439504529,7.841252936842811,-7.622001072942245,-0.00900201323200708,-0.06215547774932517,-75.70344361382905,75.36497129394489,7.863469968415961,0.7293432679455112
1.2007865253720988,167.42041738381604,-57.20926071183499,168.04857018232684,-63.70252579507447,6.633950577520478,-7.550455691698141,-0.008566055124528755,-0.06305567907252607,-54.49018890483338,46.99355930735121,7.448994361705489,0.7490563562958408
1.2147491593880535,168.03490456837122,-58.28482430701937,168.79229842378373,-64.4856771606911,6.923060188258788,-7.484842483877519,-0.00794342966425492,-0.06391228458497888,-51.98151658593102,51.20514195641097,7.404613016559778,0.7694687825466664
1.228711793404008,169.28101965782568,-59.278554481474906,169.5086179180945,-65.2729058149847,7.324605260716047,-7.362620927481513,-0.007615270222599534,-0.06470662755140433,-36.472615164475755,36.28165796304822,7.141786485125382,0.7905560068148443
1.2426744274199626,169.721813790163,-61.10305671011434,170.19738901735445,-66.06405828616934,4.561093338613311,-7.228351959501479,-0.007504859362742458,-0.06546815457366417,-39.45366330420545,24.8721974324291,6.8471011885765085,0.8123520073234087
1.2566370614359172,169.50690697838954,-61.41743688304993,170.858477444273,-66.85898033750316,6.14173324410658,-6.885494009754959,-0.006395551361048378,-0.06621864050993853,25.235346652110998,-20.236746799801942,5.867082841319659,0.8348414426148958
1.270599695451872,171.34518134894034,-62.29082204971792,171.49175431835152,-67.6575169973572,9.835465198919332,-6.716695597883228,-0.0063224704068360164,-0.06685819564604323,-11.406908480108786,26.46546136851503,6.548146210640633,0.8580151519324875
1.2845623294678266,171.46647585169234,-62.919090269916076,172.09709618100862,-68.45951258942742,3.0497663291324475,-6.588272916230395,-0.007269705566955985,-0.06749044268672666,-44.01537458870325,11.650139611261613,6.214347824943964,0.881983836745309
1.2985249634837812,171.58169665222502,-62.90423971447394,172.67438501964872,-69.26481076308406,6.925121039615702,-6.523277344777209,-0.006001187189627581,-0.06821741324342234,-35.3259070579398,50.920638449619844,6.459660450476107,0.9066525475112419
1.3124875974997359,172.36987075422445,-63.41326088997137,173.2235082906689,-70.07325452385257,8.165336296717879,-6.669661545603872,-0.0065190903585060495,-0.06881753196238494,-94.79618151981632,98.88774562513979,7.354612076324615,0.931925428895771
1.3264502315156905,173.5301051479679,-63.67548887485546,173.74435894139947,-70.88468626401995,6.662802094063029,-6.861471656655791,-0.007223521966345039,-0.06946944099823549,-114.06673090345122,105.69744110655739,7.596802939175177,0.9580273596456914
1.3404128655316452,175.27055222749308,-64.30877398032987,174.23683543097403,-71.69894779336066,3.9961198139668848,-7.159843360473445,-0.007368155060509456,-0.07019179319487012,-146.08233224205355,132.0812478985848,8.054524238579118,0.9847797403958083
1.3543754995475998,174.90871507831812,-65.76780770446506,174.70084175012516,-72.51588036997622,-1.274061130651988,-7.455606798167963,-0.006768662158192863,-0.0709286087009211,-154.28024407316155,127.84025792800782,8.226856344862027,1.012160308825428
1.3683381335635545,174.13413037512532,-66.54779628748324,175.1362874399016,-73.33532473124214,3.7895029839135277,-7.500597033671361,-0.00467775423230067,-0.07160547491674052,-69.03120856024587,89.06864018255447,7.570938061450359,1.040217397091748
1.382300767579509,174.36708034948865,-67.56926638779714,175.54308760930329,-74.15712112485652,8.169455513855896,-7.526512221080681,-0.005039851559287719,-0.07207325033997058,-65.52997931299288,83.12198977710663,7.738668165027383,1.0690133631625898
1.3962634015954636,175.05025127981233,-69.1966592815341,175.92116295183118,-74.98110933998419,7.746602730711162,-7.494212726971125,-0.006507305302891911,-0.07257723549589956,-61.51104087710771,57.696476839470286,7.573017145285523,1.0986805487214837
1.4102260356114182,175.5210904956391,-69.7450932340208,176.27043976094816,-75.80712873848991,6.143221487126937,-7.280519605652453,-0.006992196662471246,-0.07322796602618897,-17.399450881188425,8.132034174282703,6.722140014224803,1.1289518151228481
1.424188669627373,175.9907356178816,-69.88706139696501,176.59084994444825,-76.6350182862553,5.863694155597806,-7.185291439743682,-0.006831139985723099,-0.07392718569243595,-43.09003929152922,39.762451836289884,6.972478218232387,1.159689517932423
1.4381513036433275,176.31966493732045,-70.20580937620826,176.88233103773123,-77.46461658457265,5.217690769951774,-7.285841862854258,-0.006827557324550174,-0.0746102996910083,-93.47393754212086,88.47158378458636,7.629828635948278,1.1909593781913623
1.4521139376592822,177.04380338214924,-71.56941232695692,177.14482621598054,-78.29576190160995,5.189890444879699,-7.494776522992229,-0.006769916168264317,-0.07529305542346343,-120.91744024844822,118.61136752726118,8.131926155533696,1.222787965349222
1.4660765716752369,177.89076480319022,-72.11793704747302,177.37828430524098,-79.1282922039408,2.833435276872744,-7.525728770590891,-0.006606698134954938,-0.07597004704028976,-82.31973481632903,69.24405980392677,7.566276659135863,1.2551160585237655
1.4800392056911915,177.91639173363004,-72.37120175681824,177.58265979239553,-79.9620451881332,0.4662044670312975,-7.633269587017161,-0.005888870018729266,-0.07663071685378542,-102.49121233102906,89.02247231520353,7.850156764042877,1.2879003009715428
1.4940018397071462,177.19698223704458,-72.57414806718288,177.75791283403802,-80.7968583123909,1.9386390418001602,-7.862695576732295,-0.004907478766262416,-0.07721960385565829,-126.1419111017144,129.88653152898607,8.427146845408616,1.3210974821900607
1.5079644737231008,177.8650526007939,-72.52082789412444,177.90400926424073,-81.6325688282412,5.843541419837239,-8.18743891670242,-0.004941221219849977,-0.07771035173228436,-146.98617985099787,161.97717423128668,9.085971269025585,1.3547047002782193
1.5219271077390555,179.1598386430102,-73.81902261897702,178.0209206012151,-82.46901381226321,2.453515803907521,-8.683615694235769,-0.006445546809698775,-0.07820447385426954,-210.50848196552775,192.47055347874448,9.949406911741521,1.3886858895956309
1.5358897417550101,178.88748726276083,-75.03158309982436,178.10862405286434,-83.30603019784995,-2.390251407406074,-8.952586241521487,-0.005996957260150384,-0.07884902853523945,-160.22826836226383,134.82864303183337,9.54507018916718,1.4228737077980629
1.5498523757709646,178.02707878497085,-75.64170991801919,178.1671025212268,-84.14345480699858,0.39628992845438704,-9.046794430243486,-0.0038776797679312635,-0.07944872426125471,-100.48456439950309,109.24723796749282,9.140304162544975,1.4570526145802856
1.5638150097869192,178.23206258472175,-75.86914732001425,178.1963446058092,-84.9811243821223,4.003081883543888,-9.160027916567657,-0.0037443885693939625,-0.0798364922380479,-103.94917622207619,116.81660511963999,9.340948209384448,1.4913476025336418
1.5777776438028739,178.6785004749384,-76.44088744568162,178.1963446058092,-85.8188756178777,2.2708752299940054,-9.412731087723285,-0.005138506753948787,-0.08021093109498745,-152.84875368512726,141.70436203066245,9.949792408654675,1.5258545182362204
1.5917402778188285,177.98671523937168,-76.21706727684004,178.1671025212268,-86.65654519300142,0.5552161695813465,-9.682908901706613,-0.005311885405086019,-0.08072478177038223,-159.8607552295925,148.43480398439445,10.228450081876304,1.5603035408424721
1.6057029118347832,178.12889440791687,-77.60360541089696,178.10862405286434,-87.49396980215006,4.250443311154502,-10.163658900974433,-0.004980048634007846,-0.08125597031089082,-204.2622782539618,217.26594339763304,11.277561452909522,1.5944716304914957
1.6196655458507379,177.75573988242056,-78.18035995673735,178.0209206012151,-88.3309861877368,2.20023511147307,-10.372040112150636,-0.006065308468869792,-0.0817539751742915,-151.367838045588,138.34173065571926,10.727924154944727,1.628412379145025
1.6336281798666925,177.8676217608195,-80.0422117798573,177.90400926424073,-89.1674311717588,4.029192903759953,-10.591816183393426,-0.005858698043136196,-0.08236050602117828,-147.5547993382997,151.92157637928537,10.988071609410746,1.6621104793716526
1.6475908138826472,177.8258811177992,-81.08751419638595,177.75791283403802,-90.00314168760913,2.215749421959006,-10.483580166238973,-0.006228590319292462,-0.0829463758254918,-73.29479321683007,61.126845365624604,9.961534052331523,1.6953617995567822
1.6615534478986018,177.53442517244324,-81.85253693124628,177.58265979239553,-90.83795481186682,2.007048263946761,-10.350021840456566,-0.005622266682522252,-0.08356923485742085,-62.28210496767109,57.26332626332164,9.753473679113,1.7282371638170726
1.6755160819145565,176.80910539416732,-83.18294492798599,177.37828430524098,-91.67170779605922,2.499268026651036,-10.266593003672655,-0.005237345217871966,-0.08413146152567297,-72.32564260309954,70.55042331499357,9.820412233852615,1.7606251536921467
1.6894787159305111,177.30034388648264,-84.24232462456254,177.14482621598054,-92.50423809839006,4.613410970806942,-10.063799237511862,-0.00510356395504173,-0.08465519604746019,-37.049781349594554,42.81324245927547,9.32733696393674,1.792574628180322
1.7034413499464658,178.08434190244387,-85.01948738570246,176.88233103773123,-93.33538341542736,0.45321650141949643,-9.869262308154251,-0.005864659034002033,-0.0851655524429642,-51.55145963682774,28.953726137805212,9.102661858810595,1.8240199735837266
1.7174039839624202,176.9043721623499,-85.10351038126372,176.59084994444825,-94.1649817137447,-3.5949787725202205,-9.760150441308337,-0.0046747730589281776,-0.08575201834636426,-71.89222841322729,49.31549029752535,9.266638264918418,1.854898050528081
1.7313666179783749,176.15983624304562,-85.8441339633986,176.27043976094816,-94.99287126151009,1.7184070317946603,-9.855619544238177,-0.0026353162808440164,-0.08621949565225728,-102.28891534980197,122.09193319002013,9.909658364913204,1.8850868361819686
1.7453292519943295,176.62701286150062,-87.33932199217458,175.92116295183118,-95.81889066001582,2.3022867828066804,-9.941410641805156,-0.00360184149536494,-0.08648302728034185,-110.9215918096861,109.75205490297408,9.977611743130177,1.9147543198582122
1.7592918860102842,177.58787776722008,-87.77300495816311,175.54308760930329,-96.64287887514348,-2.0025495850446946,-9.846851058589758,-0.0041945882241083135,-0.0868432114298785,-76.52376136332076,52.99617163598213,9.366486247627183,1.9439636205167683
1.7732545200262388,177.231462854543,-88.93955295916506,175.1362874399016,-97.46467526875789,-7.265752532287007,-9.910463165962897,-0.0029612096659159125,-0.08726267025228918,-118.94459463973607,90.46783826412188,9.99693795830832,1.972397340139624
1.7872171540421935,177.64537289219052,-89.90705192374676,174.70084175012516,-98.2841196300238,-6.382637416651725,-9.867919610584465,-8.942515884697829e-05,-0.08755879121888066,-78.35265826051268,77.27504891196324,9.68116570668269,2.00008080194346
1.8011797880581482,177.4084500444432,-90.6441045956942,174.23683543097403,-99.10105220663935,-10.779016833464583,-9.818266867466873,0.0011248372727648346,-0.08756773373476534,-87.88119052372002,62.75647981547697,9.805496867897373,2.0271889707628286
1.8151424220741028,175.67324336400804,-91.98329571566478,173.74435894139947,-99.91531373598008,-10.833969597647286,-9.808056323076734,0.00346899193168486,-0.08745525000748877,-87.82331721983388,82.00190731528205,9.968996064515458,2.053882077715843
1.8291050560900575,175.0331263146209,-93.96944471955177,173.2235082906689,-100.72674547614744,-5.306381931388122,-9.634503022581328,0.004926026096693832,-0.08710835081432045,-32.65506911036044,52.41178588650143,9.080149538616219,2.0799944133843598
1.8430676901060121,173.45325843620904,-93.30856394081607,172.6743850196487,-101.53518923691595,-6.750598965664089,-9.208919720468458,0.0037628758272775864,-0.08661574820465123,18.362477589788075,-29.701654484663088,7.924906977285805,2.1056422703840973
1.8570303241219668,172.51254633573026,-94.05175483044758,172.09709618100862,-102.34048741057259,-1.0898213066797124,-9.2348157671103,0.003143255157235913,-0.08623946062192367,-77.95587074825478,99.1656822534843,9.133171279789346,2.1307431129426933
1.8709929581379212,172.89237351666617,-94.30142863555733,171.49175431835155,-103.1424830026428,-0.9383185981987846,-9.26188095265785,0.0007137199319265509,-0.08592513510620003,-90.78188624034449,87.52381961252084,9.147860681246083,2.1550435957793184
1.8849555921538759,172.82061338048035,-95.59869464589127,170.85847744427303,-103.94101966249684,-5.614584478591372,-9.450940011002665,-0.0008270559540454502,-0.08585376311300719,-144.0275485312166,118.65690266889828,9.85182462287819,2.1786088836087925
1.8989182261698305,172.37721508321525,-97.15992533995934,170.19738901735445,-104.73594171383067,-7.381432891400224,-9.471933611692576,0.00026923817431204504,-0.08593646870841187,-96.28730663667821,83.50899676080576,9.506344725490678,2.201270599076972
1.9128808601857852,170.52356947128257,-97.51896140933235,169.5086179180945,-105.5270941850153,-8.371771820777253,-9.293851677228936,0.001737586963971674,-0.0859095448909808,-43.45853053607413,33.982714736518595,8.845245286447055,2.22313172326218
1.9268434942017398,169.2618792369131,-98.20065713626335,168.79229842378373,-106.31432283930891,-2.583221846754155,-9.244810047203362,0.002735274115275861,-0.08573578619458377,-59.456929994632524,80.98664598786388,8.964133093826037,2.244471274653661
1.9408061282176945,168.36639704699644,-98.76123613360451,168.0485701823268,-107.09747420492555,-1.5606388966043439,-9.22293899354036,0.0010926058563044585,-0.08546225878305602,-76.42302036160564,76.94375075226846,8.97916882652176,2.265342719095361
1.9547687622336491,167.9071279509629,-99.38259733440854,167.27757818501811,-107.87639560495472,-1.1828164456462358,-9.260357253971858,-0.00024186532502308957,-0.08535299819742548,-93.06040120948936,90.77904106767826,9.17995962422195,2.2857159693172924
1.9687313962496038,167.20671917754723,-100.55222791179268,166.47947273827506,-108.65093518712618,-2.8448751006164796,-9.336101987611283,-0.0011470727395054034,-0.08537718472992761,-108.0481779374539,96.45537341987556,9.377648210422125,2.305344483102132
1.9826940302655585,167.38763952432046,-101.58329512093957,165.65440943433592,-109.4209419534137,-3.139892057219332,-9.290791734508337,-0.0008995127570231929,-0.08549189200387808,-74.64363358777959,69.04813310229564,9.003541208375434,2.3242769088680078
1.9966566642815131,167.2260645072121,-102.4940489622449,164.80254912092653,-110.18626578947251,-8.034707555264166,-9.21149595477606,-0.0006248557208724853,-0.0855818432795803,-76.01729153164577,49.324865847711294,8.98297259916547,2.3425741815272185
2.0106192982974678,166.98526387600367,-103.36158933654632,163.9240578699029,-110.94675749390437,-10.24804336680983,-9.129660835565929,0.001328294873550527,-0.0856443288516675,-68.81525658234031,53.76332108778387,9.07477434176866,2.360369632345609
2.0245819323134224,166.07900286937587,-104.51378063286163,163.01910694487503,-111.70226880734465,-12.864772283509598,-9.055164964488341,0.003174033866534841,-0.08551149936431246,-70.8445838929384,53.67432141463872,9.23565562572233,2.377683957579514
2.038544566329377,164.54601401992167,-105.89128446009823,162.0878727678188,-112.45265244136586,-12.501155060990266,-8.896684419090723,0.0051858518888813435,-0.08519409597765915,-41.715183396904244,37.872030064044615,8.88565164067432,2.3947028291803436
2.0525072003453317,162.89667080350333,-106.54208805011595,161.1305368846822,-113.19776210719172,-10.161610536245153,-8.606865368650755,0.006206448076503099,-0.08467551078877111,-1.7101496084818342,7.045537171995748,8.065364199391153,2.4114330847790013
2.0664698343612864,161.99503924991612,-107.03468580913797,160.14728592999245,-113.93745254421653,-7.556849292301649,-8.395554910754308,0.0057437746030232885,-0.08405486598112066,-18.42289270199998,25.43225150254367,7.8899007080757295,2.4279086017621645
2.080432468377241,159.10069661916995,-107.86181146128132,159.13831159047143,-114.67157954832398,-8.627261575206502,-8.297461033761827,0.004424499756105309,-0.08348048852081824,-53.94159982961865,44.569747378446046,8.153713197301874,2.4440471652811837
2.0943951023931957,158.85793207612812,-108.74946515696287,158.1038105676658,-115.40000000000002,0.37145113130621077,-8.15894029366237,0.00407357262222561,-0.08303803854520764,-19.783525100123335,56.444400759131995,7.603819319588909,2.459716951805166
2.1083577364091504,159.14853816349432,-109.8848395461727,157.04398453959965,-116.1225718922343,-5.813018418613837,-8.029546204251638,0.000885657567530155,-0.08263068128298512,-55.07241753464175,23.478489945376694,7.592964414178609,2.474848368629561
2.1223203704251046,159.0584848521056,-110.81574576983432,155.95904012145715,-116.83915435820475,-10.96536360602206,-7.856002111525689,0.0011861216795382853,-0.08254211552623225,-40.92036912974805,13.25316914863537,7.650842585297867,2.489553858187663
2.1362830044410592,156.98322592396696,-111.31217095229051,154.84918882530226,-117.54960769873979,-14.606208949119203,-7.691203487844048,0.0029300836190965223,-0.08242350335827853,-38.46511515449942,17.085345965025535,7.941225945584529,2.5035648529596433
2.150245638457014,155.77620283161602,-111.77310507978679,153.71464701884426,-118.25379340955301,-9.16399804423726,-7.597744246152272,0.00486829839305259,-0.08213049499636904,-34.606163943759505,54.41523409414381,7.672661233117497,2.517244835216111
2.1642082724729685,154.66654134032024,-112.65081734125998,152.55563588325626,-118.9515742082448,-10.1961925395598,-7.584958597310353,0.0041377791965217054,-0.08164366515706378,-68.78759403967778,59.73212764699652,7.867812306930824,2.53075230679528
2.178170906488923,153.46901098199513,-112.99842012684462,151.37238137005562,-119.6428140610659,-10.38283142326407,-7.529822402460807,0.004090096049052991,-0.08122988723741154,-55.976783984517155,50.65751327806271,7.729133718565787,2.54412035167567
2.192133540504878,152.60395334794427,-113.69889865844537,150.16511415705415,-120.32737820943737,-10.258938781392537,-7.572671355839795,0.004003866477371969,-0.08082087763250634,-80.01012255657531,76.11296663812696,8.039238820078468,2.557095264321832
2.2060961745208325,151.57667839600464,-114.99596270360334,148.93406960338712,-121.00513319622209,-12.043846187474003,-7.607451633136803,0.003943467229427319,-0.080420490984769,-82.69429833747284,70.04846984824587,8.17613049183819,2.569758010847107
2.220058808536787,149.9734289927943,-114.93896332515763,147.67948770362946,-121.6759468917425,-12.946640498291025,-7.481575970811065,0.004625310573679398,-0.0800261442618262,-39.757413535101044,30.889119219804044,7.733710884596403,2.582116941645756
2.234021442552742,148.51524808261763,-115.38468840243846,146.4016130410083,-122.3396885195395,-10.889082363085828,-7.559976005052201,0.005011966584088799,-0.07956361320445815,-84.41991087619063,89.04866652724354,8.217578876785518,2.5941863771209053
2.2479840765686965,146.9225212144996,-116.63643967844983,145.10069473972112,-122.99622868186763,-10.593670043833857,-7.66940029171468,0.004607004635869088,-0.07906241654604917,-96.97259923967094,93.77771820919195,8.342344991479228,2.606051822557916
2.261946710584651,146.42593255878168,-117.07071860164244,143.77698641636837,-123.64543938492139,-9.662727422502874,-7.593412279507318,0.004520581834808469,-0.07860171608246214,-48.79346400304794,48.501356820121565,7.682477858840389,2.6176945963906397
2.275909344600606,145.35339077069395,-118.71937886638153,142.4307461305105,-124.28719406378787,-13.843090778894855,-7.606012148875297,0.00407353767526587,-0.07814965789898132,-82.56625881565911,59.01808206217892,8.248577616315995,2.6290459434848725
2.2898719786165604,143.79178366780837,-119.26141124929795,141.06223633435866,-124.92136760712084,-14.641323584282528,-7.369571289793168,0.005352609982510988,-0.07774230413145489,-11.151500210793131,2.5126845367650983,7.541794928048443,2.640147707879715
2.303834612632515,142.1393572168059,-119.43755475041435,139.67172382160913,-125.5478363815315,-13.600803499809658,-7.206875972840435,0.006091296613704817,-0.0772070431332037,-23.70863250731981,23.493409852487712,7.5162513315775215,2.650973415398166
2.3177972466484698,141.2768611581131,-120.58367395872679,138.25947967543144,-126.166478255691,-12.542724393134156,-7.18708953318204,0.005963973342517236,-0.07659791347183331,-58.83949434979985,58.92454588999988,7.7673587065312395,2.6617048780783388
2.3317598806644244,139.4234234519417,-120.08683446953938,136.82577921562012,-126.77717262414019,-15.752340392251611,-7.0508794988868475,0.005693298444317947,-0.07600151613758177,-38.40329148552627,19.089567164143297,7.627028004227113,2.6722968848539077
2.345722514680379,138.0610534028189,-121.24845285172817,135.3709019449205,-127.37980043080194,-12.618787658646568,-7.215314714791933,0.006094958006545965,-0.07543218629314996,-100.2892256393437,109.65611854655141,8.34327771783989,2.6826713039814862
2.3596851486963337,136.1646251492301,-121.75891775223789,133.89513149453919,-127.97424419219126,-14.20067006402136,-7.19728994972671,0.005684437132065535,-0.07482269049249535,-65.34910857742928,53.47036561150367,7.911458430740396,2.6928219257860664
2.3736477827122884,135.285765171904,-122.5969466660363,132.39875556884957,-128.56038802031907,-11.905638565523605,-7.1935127215462655,0.005894425719077511,-0.07425424677928882,-60.12317439975925,65.79665084761619,7.7744306224975475,2.7028237797176016
2.387610416728243,133.1489150155724,-122.16384221446218,130.88206588930328,-129.1381176452847,-15.617270595062099,-7.138440487927184,0.00539519434631602,-0.07366480420738108,-60.46355411469567,38.93515264597056,7.885396955850694,2.71260312824483
2.4015730507441977,131.33596275986412,-123.4377670985573,129.3453581375585,-129.70732043755305,-11.467034788689144,-7.338486272091584,0.005911089063486787,-0.07312528477274949,-107.9422160473952,121.94602601132075,8.448142318079949,2.722229200994397
2.4155356847601523,130.67048835331423,-124.29606001135205,127.7889318978362,-130.26788542991193,-11.602988095004454,-7.302035943381482,0.005321350173430986,-0.07253417586640065,-58.34734223082847,53.1975546890251,7.696229229725747,2.731637966108202
2.429498318776107,129.61985829070943,-124.70574705988344,126.21309059851579,-130.8197033391054,-16.01600959984079,-7.215634059809298,0.005072547700977024,-0.07200204084905737,-55.02475424607108,30.27453417489917,7.90103265480043,2.7409375506819766
2.443460952792061,128.32604951719253,-125.94294743625244,124.61814145298092,-131.36266658713868,-17.45174616194871,-7.194175360548319,0.006112782528584049,-0.07149478607895965,-64.47264703729338,52.790065454107584,8.32656885620776,2.7500237426643532
2.457423586808016,126.34502596729287,-126.59950870810684,123.00439539972766,-131.89666932225077,-18.91957033448554,-7.0079665646291485,0.0072429615510665995,-0.07088350782610142,-21.93088897220591,9.91250674715371,7.985412127232157,2.7589367358727293
2.4713862208239705,124.01204906826189,-126.90920000588314,121.37216704174658,-132.4216074395504,-16.967797816038107,-6.827971875157436,0.008142279891688869,-0.07015921167099481,-13.996649130259314,17.529554638634213,7.656772135310161,2.7678112946859232
2.485348854839925,122.45581562397433,-127.41905372215854,119.72177458519016,-132.93737860131145,-14.13894961504005,-6.728565611159823,0.007889467737925187,-0.06934498368182584,-30.87738849349017,38.78367997925395,7.399012928659907,2.7766620458131372
2.49931148885588,120.74891259383774,-128.0665123427771,118.05353977733789,-133.443882256924,-15.390284416630278,-6.65325078277763,0.006900319238836148,-0.06855603690803314,-45.355927986131995,35.00481229692612,7.4618088626822185,2.7854713178475237
2.5132741228718345,119.88202662625177,-128.44267224079866,116.36778784387099,-133.94101966249684,-15.06192301603069,-6.557888358312761,0.006673626197502669,-0.06786600498414952,-36.07992252867549,32.82677796644047,7.328307466544527,2.79412910507097
2.527236756887789,118.38705852217582,-128.42059948737554,114.66484742546899,-134.4286939001077,-19.070352678805023,-6.527869647466524,0.006343943874894,-0.06719864236439932,-61.97456385465906,38.93905578124416,7.940492057725231,2.8025667837238877
2.541199390903744,117.35472486898567,-129.54367879534126,112.9450505137407,-134.90680989669772,-18.950550745151347,-6.635743676629229,0.007061218165247626,-0.06656424797690974,-88.05752950207234,83.39402055980806,8.466780771808816,2.8108654212290394
2.5551620249196985,115.27672521882131,-130.53796228093265,111.20873238650162,-135.37527444260598,-22.60541126938391,-6.564070263282654,0.007675432703111815,-0.06585812616038478,-51.37691398335198,29.385765233884282,8.4723509953228,2.8190193615912587
2.569124658935653,112.57797099270465,-131.43628748402276,109.45623154241098,-135.83399620974106,-20.405841009953644,-6.370300112126768,0.00904015587844541,-0.06509058289007363,-6.072293492628384,10.432237326217212,7.869315218760943,2.827137773122824
2.5830872929516078,110.55572707984902,-131.2831145856759,107.68788963498073,-136.28288576938556,-16.733214735308877,-6.101507221044982,0.009127541351419773,-0.06418656730222905,18.664211796683016,-7.158607070183339,6.884940858485323,2.8352146605004345
2.5970499269675624,108.3928324448392,-132.1206729576435,105.90405140596953,-136.7218556096304,-16.267270288052956,-6.032108966299008,0.007870665835254385,-0.06327381316708713,-37.317694670837035,34.76319404457907,7.156674542034738,2.8433292311582457
2.611012560983517,105.86468566448062,-132.46812401152067,104.10506461817457,-137.15082015243547,-14.83768942991012,-5.874753152233589,0.0071136366055464416,-0.0624867465835619,-11.93090160198701,13.887058923449977,6.609639455874567,2.851357761381038
2.6249751949994717,104.27022837041014,-132.77465449189614,102.29127998763464,-137.56969577031316,-11.790150135601532,-5.758653842330367,0.006225865385601646,-0.06177538292300744,-17.39705335093895,27.03675809181689,6.228584312781209,2.8591696958385517
2.6389378290154264,103.90463394863654,-133.09002021898527,100.46305111525729,-137.97840080263182,-13.630336394007706,-5.695931508193062,0.004920079938147223,-0.06115279638444715,-41.16290752880508,28.882784762370523,6.447757309223759,2.866818757547934
2.652900463031381,101.44552117531777,-133.30986093789178,98.62073441788361,-138.37685557153563,-20.159225993931944,-5.693110825911482,0.004541401896171008,-0.06066078839063227,-67.01824317829507,33.02597137336152,7.474638606385415,2.874295484916086
2.6668630970473357,100.08748347533937,-134.20052205007184,96.76468905880411,-138.76498239747787,-15.639192351612769,-5.720410110941053,0.005794269560055104,-0.06020664820101507,-49.92618494035913,65.6533756960916,7.188083154904532,2.8815615696465784
2.6808257310632904,98.49292243311992,-134.39566297801514,94.89527687773911,-139.1427056143648,-19.37096738179821,-5.625301578368451,0.005582281366889639,-0.05962722124500974,-37.123314403645345,15.657780284725254,7.1682764829023595,2.8887131021490293
2.694788365079245,96.44842956903459,-134.3278620854117,93.01286232029733,-139.50995158430683,-19.760216602996685,-5.59878863351049,0.006184787275378631,-0.05906899310832081,-46.54472629715235,39.91922462804972,7.495799276167561,2.8959165089609384
2.7087509990951997,95.2704198303602,-134.98537556057724,91.11781236692654,-139.86664871197453,-18.813370461871397,-5.680371207750399,0.006475633218703248,-0.05845051438078297,-71.03906242918534,70.49436964402251,7.687238584173214,2.903028474262592
2.7227136331111543,92.17504842431032,-136.27780777080542,89.21049646137,-140.21272745855606,-22.63389122982764,-5.677391501671007,0.006563368352788606,-0.057802951058912644,-60.83442686376133,38.53998468783457,8.002991884497716,2.9101335202891483
2.736676267127109,89.94170643879802,-136.3200149183512,87.29128643864264,-140.54812035531407,-16.484957067528075,-5.427795047417172,0.007720179070590153,-0.05714661422363365,25.268536028175085,-2.4119234800298153,6.487426354269124,2.9172034619594953
2.7506389011430636,88.16016341408348,-136.74624773633602,85.36055645254109,-140.87276201673882,-16.45827907820735,-5.296800900224122,0.006679153857069157,-0.05637459631657471,-16.48620515333441,12.260441299527976,6.458671793678536,2.9242208820131905
2.764601535159018,87.23600562276394,-138.21676201780912,83.41868290270172,-141.18658915329507,-17.273353760404053,-5.170992759230552,0.006017914558848784,-0.05570668093086795,-18.666250671426738,10.646150267443874,6.496019499583962,2.931295499343538
2.7785641691749725,85.59910868888919,-138.48351359379623,81.46604436122058,-141.48954058376086,-22.351496990582756,-4.8136352754332155,0.0059736729157290145,-0.05510488947498304,32.196546270361495,-59.8066953782761,6.633515847683198,2.9382102636227576
2.792526803190927,83.6965662778031,-139.20875232543625,79.50302149885033,-141.7815572471545,-22.636745635320715,-4.546722309623222,0.006605721424250363,-0.05450752218340993,22.772681163014187,-28.964013973533778,6.931044002746814,2.945005812870481
2.806489437206882,81.29536738953931,-139.4293458588361,77.52999701078751,-142.06258221424886,-23.047286268054478,-4.238379766810434,0.006813025938634282,-0.05384695004098505,35.61466669783299,-42.29668412746542,6.7949188044583275,2.951746436502933
2.8204520712228365,78.35211250675687,-139.4622724623453,75.54735554206539,-142.3325606986698,-20.929389891581167,-4.009383863385244,0.006648799745631894,-0.0531656474471216,23.765880860507906,-18.778051327780567,6.439588232560464,2.958502287305493
2.834414705238791,76.80551620474137,-139.57509605056134,73.55548361256669,-142.59144006757683,-16.854967841284953,-3.8740087512641503,0.005923097608160958,-0.05250076747255861,6.3509805216386255,8.000771930778193,5.727070686678349,2.9652333525121217
2.848377339254746,74.61066336476345,-139.5997717406796,71.55476954167075,-142.83916985192405,-19.973654894790187,-3.804150462285695,0.004720810696124405,-0.05190845771174235,-25.5596880789058,7.579742856634906,6.182598021907103,2.9719048821481153
2.8623399732707004,72.15296416453226,-140.02507480866046,69.54560337254988,-143.07570175629914,-18.271530586439486,-3.795494064863286,0.004435472162252209,-0.051436376642129744,-29.97719272912393,33.6833752586842,6.1430385151167135,2.978463076641799
2.876302607286655,70.69388679775048,-140.25715262888832,67.52837679612972,-143.30098966833867,-16.667538584453062,-3.7362163173696628,0.004063523039730549,-0.05099282942590433,-17.001414607686755,20.49839316096192,5.667312105032585,2.984862573802513
2.8902652413026098,69.55252243282865,-140.84624236270557,65.50348307472822,-143.51498966771788,-19.758278737493352,-3.693368588536767,0.0035626434007662014,-0.05058647712193132,-31.376034814483187,13.611389141740071,6.128114961350928,2.991197316237396
2.9042278753185644,67.2710462833243,-141.90717357698048,63.47131696538851,-143.7176600347128,-23.339886338504606,-3.581338401502703,0.0037874438802957644,-0.0502302127818548,-14.566867838915863,-5.858064664751928,6.725035270118609,2.9974608452466005
2.918190509334519,65.0792193562537,-141.784116982071,61.43227464292009,-143.90896125833382,-21.56258385604997,-3.292823056576431,0.004512181912080408,-0.04985146839382537,43.93592947768151,-40.25291757153738,6.172390800168632,3.0036424277312124
2.9321531433504737,62.7738356458,-142.6521347508301,59.386753622663896,-144.08885604402835,-21.208860202149214,-3.137349896609411,0.004282637960120759,-0.04940025020261718,9.233802923382498,-11.693313545892265,6.141334404818401,3.009816752156817
2.9461157773664284,60.318589669730095,-142.63932869828602,57.33515268299578,-144.2573093209515,-20.28320710638805,-2.858788255915596,0.004104034369761616,-0.04897198640660516,43.64383444124207,-43.36263404119015,5.670613526811824,3.0160358960514086
2.960078411382383,58.00360731160015,-142.49235251325837,55.27787178758398,-144.41428824880316,-18.5649523190355,-2.677126131706679,0.0035780598937141883,-0.04856158296962887,23.083134913938885,-18.914073729199725,5.344091894172441,3.0222064810435345
2.9740410453983377,56.82511692341043,-143.31589062369721,53.21531200741532,-144.5597622242303,-17.709966455337817,-2.5958907631855044,0.0028665589685827153,-0.04820377698025746,-3.037364063655115,3.572551455100867,5.215549331863281,3.0283356197090927
2.9880036794142923,54.59567119255746,-143.3646479238667,51.147875442605695,-144.69370288679318,-22.315615343462767,-2.3865087224195998,0.0024567651751655067,-0.047917121083399294,18.167573687458265,-42.49793495547123,5.842040522258255,3.0343905648006877
3.001966313430247,52.91255603295682,-143.4621772068613,49.0759651440098,-144.81608412449424,-20.417146660460922,-2.2391172672408217,0.002471496130408024,-0.04767144456588257,18.64421492023655,-13.718266493053417,5.7073480625300705,3.040354727340309
3.0159289474462017,51.149825764747675,-143.38479222668224,46.99998503464561,-144.9268820788687,-22.744373016636736,-2.13041354873948,0.0021442808342311435,-0.04742429495284162,0.47200806699751646,-14.576584888480845,6.091293472830955,3.0462602179996554
3.0298915814621563,48.292232453814535,-142.567303440133,44.92033983094879,-145.0260751496358,-23.63542203220872,-2.0899786131582125,0.0020123266968654157,-0.047209866869418526,-13.023856462147808,5.225158270669289,6.442073007392663,3.052151407917001
3.043854215478111,46.296250861439376,-143.17841172107526,42.83743496387239,-145.11364399890988,-19.524222322022926,-2.2552601669652526,0.0017781906520861201,-0.04700863419973178,-54.23495140731693,69.25108906256816,6.019855969834433,3.057996002201334
3.0578168494940656,44.01010350249005,-143.25951996311517,40.75167649984729,-145.18957155497026,-21.092041962897472,-2.2618441368385875,0.0015849345248297707,-0.04683081513452336,-27.623641940153153,17.114842048155907,5.89805635177359,3.063815410097407
3.0717794835100203,42.030812228522166,-143.7515122088482,38.663471061618765,-145.25384301558947,-19.773017482470028,-2.2601528932090464,0.00163466543376225,-0.04667232168204016,-19.067741313130433,21.56498025997124,5.7064702658830715,3.069601282225409
3.085742117525975,38.90830948376855,-144.73833725240115,36.57322574897454,-145.30644585091886,-20.72750259860245,-2.161755238219981,0.0016355042520214416,-0.046508855138664096,0.7331965516804139,-8.468730280632737,5.674774780815907,3.075359563325632
3.099704751541929,36.79139339784007,-144.32645155292803,34.48134805937997,-145.34736980593152,-15.815514874196506,-1.882240359332271,0.0018211774001346784,-0.0463453047134621,61.62792975103072,-42.57083493927109,4.468658423317258,3.0811163990171493
3.113667385557884,35.43498429522523,-144.7866344260203,32.38824580853536,-145.37660690242126,-16.80368413985457,-1.7503757841259302,0.0011843982896066875,-0.04616318697344868,12.991188433190217,-20.156551078058964,4.526647208615788,3.086868739380493
3.1276300195738385,34.83443461712045,-144.31618247289975,30.29432705087181,-145.39415144055826,-20.16101061610152,-1.5546467647535005,0.0008894130736165136,-0.04604474714448781,25.067157011588563,-43.16608458707096,5.176430606786532,3.092636901703367
3.141592653589793,33.24209745966952,-144.00993024465666,28.200000000000017,-145.4,-26.32971251757609,-1.519734985853633,0.0006550295761689326,-0.04595580583712611,-21.26687186125027,-10.092514334909106,6.722379275293507,3.0983404713582825
3.1555552876057478,31.198327041268204,-143.72335601518722,26.105672949128223,-145.39415144055826,-27.133875590045097,-1.5708827039070852,0.0007917603935566886,-0.045890302879509015,-31.270082728924137,23.64731343439928,7.269430728319645,3.1040154572485044
3.1695179216217024,27.60530579087225,-143.36754411467126,24.01175419146468,-145.37660690242126,-27.1140635732018,-1.6755818616099774,0.0009169543876840417,-0.04581112684015354,-43.674967797051956,39.6924394213224,7.374284224361934,3.1096697501442634
3.183480555637657,25.529347698906307,-143.20012379052292,21.918651940620066,-145.34736980593152,-19.924252158991862,-1.8063416225078275,0.001068877490933238,-0.045719431401385346,-34.89231658718276,63.71821460182551,6.021440174938397,3.11534229533176
3.1974431896536117,23.80952120313246,-142.35629276528857,19.826774251025434,-145.30644585091886,-21.740830109927494,-1.936912059175833,0.000768992459205227,-0.04561254365229184,-56.14604067014328,44.646344694058705,6.079139458063661,3.121033778418269
3.2114058236695664,20.342587968557417,-142.36879491693327,17.736528938381205,-145.25384301558947,-22.880759055255226,-2.2324984367509924,0.0006848767268694921,-0.04553564440637148,-98.41982232631241,89.70726783214508,6.7288210334907355,3.1267487192301555
3.225368457685521,18.32460723311435,-142.1385494907339,15.648323500152676,-145.18957155497026,-16.070096305516316,-2.4103247872782676,0.001103987998907811,-0.04546715673368462,-52.653490556684,80.07674385132745,5.476577374695122,3.1324437937024623
3.2393310917014757,16.800610565717378,-142.9141375166434,13.562565036127577,-145.11364399890988,-18.035166255856247,-2.585732246767685,0.0008340625460206443,-0.0453567579337939,-73.23063158191319,61.31111484021788,5.61500073183089,3.138142447576059
3.2532937257174304,14.903676308766526,-142.12211083703704,11.479660169051172,-145.0260751496358,-20.393820510767103,-2.536127433659699,0.0012177439551254454,-0.04527335167919189,-17.95588367421952,3.878518691387871,5.724752718627402,3.139288420499332
3.267256359733385,12.426137852784349,-142.00178989214763,9.400014965354355,-144.9268820788687,-20.526189725916396,-2.658886139305794,0.001464233463414315,-0.045151577283679245,-56.906952853842924,52.7250559914737,6.177137678729145,3.133545200102887
3.2812189937493397,11.487122956942988,-142.342164038889,7.3240348559901705,-144.8160841244942,-18.58587074665532,-2.748602278718982,0.0017415042464634593,-0.04500515393733773,-44.7480923699694,49.98904945164145,5.826809334113772,3.1277459190646386
3.2951816277652943,9.237282130903209,-142.67268386257334,5.252124557394275,-144.69370288679318,-24.54900599412288,-2.7277452601371692,0.001858018651648733,-0.044831003512691314,-35.037482298235886,4.293881711581215,6.663703174330136,3.1219023566160597
3.309144261781249,6.488734152714486,-141.77201105778613,3.184687992584646,-144.5597622242303,-22.32994364982366,-2.6015216149831413,0.002662125783608295,-0.04464520164752628,10.620639502580197,-4.693855414656967,6.339949569692345,3.1160094709628314
3.3231068957972036,3.445542308402282,-142.47221018786695,1.122128212415987,-144.41428824880316,-19.437939529596385,-2.6688603462106437,0.002560212162130314,-0.044378989069165264,-36.291099388548055,45.669339800209755,5.98181310913472,3.110081347901552
3.3370695298131583,1.7111746437916955,-141.91026643777425,-0.9351526829958203,-144.2573093209515,-15.669455481405343,-2.522340842231156,0.002462330102980089,-0.04412296785295222,20.35628825908237,-6.590208507118648,4.730440520987407,3.1040472096198073
3.351032163829113,0.417362796663417,-141.4839311848159,-2.986753622663926,-144.08885604402835,-18.01407416307499,-2.493071978244412,0.0018037316041945393,-0.04387673484265431,-22.255397589260742,8.602612958161092,5.1784923162288345,3.0979956083660056
3.3649947978450676,-1.9630256960309196,-141.97949855940408,-5.032274642920125,-143.9089612583338,-20.956886795601747,-2.5352603085494834,0.0015912781444460016,-0.04369636168223501,-41.98743312791838,25.279848684406037,5.964840239300365,3.0919240572111857
3.3789574318610223,-4.532363748886004,-141.72008665070933,-7.071316965388537,-143.71766003471276,-18.76658119260714,-2.4104966299460835,0.0019668685163077926,-0.043537233867790626,12.14627152547554,-5.763104080447471,5.395910025829056,3.085886507345549
3.392920065876977,-6.895335714692758,-142.87072070171922,-9.103483074728256,-143.51498966771788,-16.740292670194368,-2.320983200364369,0.0018250425685747006,-0.043340547016159636,4.016342070276457,1.977976570592171,4.9108867561322285,3.0798361843124322
3.4068826998929316,-8.050750668467913,-143.3187580251006,-11.12837679612974,-143.30098966833867,-15.9222111796427,-1.9724404512160165,0.0017480854654710956,-0.04315804275930235,68.87415609876426,-68.09284242812863,4.254852310100662,3.073712081369699
3.420845333908886,-9.328792120685721,-144.17732081362138,-13.145603372549854,-143.07570175629914,-20.355209570408572,-1.5429850381130967,0.0014982534387684061,-0.042983234212755406,80.882535823303,-103.88855185404792,5.100647059549872,3.0675636923799754
3.4348079679248404,-10.9554628141933,-144.69198876482258,-15.15476954167072,-142.83916985192405,-22.96745699243513,-0.9490427709795916,0.0015372909397341021,-0.04283340886887865,130.95909020802097,-146.04354164917555,5.977680227824043,3.0613822341719983
3.448770601940795,-13.71247854099593,-145.88650836636504,-17.155483612566652,-142.59144006757683,-24.243764862532327,-0.3026600416491033,0.0012444521280026268,-0.04267967977490539,152.72477174419416,-161.77982800206365,6.5461868847263265,3.055182646215357
3.4627332359567498,-16.900482523299143,-145.9864326037094,-19.147355542065352,-142.3325606986698,-20.55083411733236,0.5389017360694933,0.0007174075773982387,-0.04255523456210497,220.09758791544647,-206.26560141696197,6.493722510353348,3.048933638461248
3.4766958699727044,-18.700685530314505,-145.83741547524008,-21.129997010787466,-142.06258221424886,-15.765446085522461,1.2572267042743508,-0.00040096989822573103,-0.042483493804365224,198.70249807157109,-178.96563820066856,5.769349588882896,3.042665936907584
3.490658503988659,-20.646694043508308,-145.08718332240633,-23.1030214988503,-141.78155724715452,-17.758891146910038,1.8506804517123179,-0.0014602630868161678,-0.04252359079418788,157.75300737772577,-168.08248907200664,5.985862339395493,3.036400438357976
3.5046211380046137,-21.546282329576563,-145.26752351813408,-25.066044361220552,-141.48954058376086,-17.268465080050433,2.200119379561299,-0.002780461080652449,-0.04266961710286932,105.75269727488515,-104.70834192563635,5.698569163008538,3.0301936864543144
3.5185837720205684,-23.199949318822696,-144.68423384138242,-27.018682902701688,-141.1865891532951,-22.44779181795512,2.593855138511442,-0.0036516796517385487,-0.04294766321093446,107.23460995721292,-131.94242509088204,6.826506670535372,3.024037113339669
3.532546406036523,-25.431063155467886,-144.07888610319716,-28.96055645254111,-140.8727620167388,-22.51403448142793,2.8298679128513187,-0.005079741093698397,-0.04331283117610818,81.46068047885142,-83.28389611774173,6.907380981175117,3.0179540762293566
3.5465090400524777,-27.297750953064895,-143.72368610426176,-30.891286438642663,-140.54812035531407,-21.053981940389225,2.9436297456430482,-0.006190974260508612,-0.04382080528547805,55.472907167697805,-50.205712240815245,6.502333817065102,3.0118968658460403
3.5604716740684323,-28.42128148396844,-143.5100931852713,-32.810496461370036,-140.21272745855606,-21.673607948678615,3.0257068300604777,-0.006755145234083372,-0.044439902711528756,43.5712855953308,-47.57866056513169,6.535839169624212,3.005918272656391
3.574434308084387,-30.324163039098167,-143.7550411259773,-34.71781236692658,-139.86664871197453,-25.270360440163124,3.1156582742900008,-0.00719714600652553,-0.04511541723493728,39.42117024070207,-57.11971747808564,7.274681353161964,2.999983632917475
3.5883969421003417,-31.9395516078849,-143.23638277377304,-36.61286232029735,-139.50995158430683,-24.410140031264564,3.3314401382980514,-0.007839863897535722,-0.04583513183558985,82.54651634516745,-80.28534898845449,7.5873924286381245,2.9940351675849817
3.6023595761162963,-33.75944203191186,-142.20652110500694,-38.49527687773913,-139.1427056143648,-25.910550952595447,3.4555044444709972,-0.008376957980222014,-0.04661911822534348,55.47557051103782,-63.812835729077364,7.728889085713817,2.9880574898728005
3.616322210132251,-35.46972492588472,-141.52276119031836,-40.36468905880413,-138.76498239747787,-25.75813521200025,3.3883509080893246,-0.00918241532865125,-0.047456814023365546,10.997389478405461,-11.915246704514235,7.448051890373086,2.9820673995258744
3.6302848441482056,-37.56389262463567,-140.99415656026758,-42.22073441788362,-138.37685557153563,-26.473882314260607,3.2627203574352373,-0.00959110069474503,-0.048375055556230784,-6.7262321760686445,1.819709138342087,7.448009890121523,2.9760509544943083
3.6442474781641603,-39.993556063174054,-140.55667736285167,-44.06305111525731,-137.97840080263182,-25.087159058347446,3.1377214822908344,-0.00978168437639617,-0.04933416562570514,-2.9767349026344623,7.545500042515316,7.1647640488666875,2.9700314979783293
3.658210112180115,-42.039769494389496,-140.33605214384258,-45.89127998763466,-137.56969577031313,-22.560199475753745,3.041680397584946,-0.00955441040403269,-0.0503123340633449,6.035921343672363,3.8940979426926785,6.610991341948581,2.9639657401738297
3.6721727461960696,-43.87394937888187,-140.40232764151676,-47.70506461817459,-137.15082015243544,-22.096124437466816,3.0152935496809183,-0.008960585619229928,-0.051267775103748026,18.57214178376678,-17.78424551892722,6.499328555986889,2.9578281325238214
3.6861353802120242,-46.049659372620454,-140.07170642434997,-49.50405140596956,-136.72185560963038,-22.107995526999307,3.110885399095145,-0.0084379797468332,-0.0521638336656709,48.739080581406064,-50.07830703142714,6.726360324344425,2.951573018494271
3.700098014227979,-48.38135375947713,-139.3576151082122,-51.28788963498077,-136.28288576938556,-20.28400203539612,3.211216398410738,-0.008231021271831583,-0.05300763164035427,55.08353396740681,-47.96790305821862,6.464844796048269,2.9451597329488797
3.7140606482439336,-50.395257323048085,-139.2090735888942,-53.05623154241101,-135.83399620974106,-18.05042099068952,3.2297984054828004,-0.008048721862479426,-0.05383073376753744,36.03308835584032,-26.73928463274566,5.854090230516762,2.9385912412085062
3.728023282259888,-51.83134756265899,-139.05284043019952,-54.808732386501646,-135.37527444260596,-17.418194130787956,3.3162088575608735,-0.007608053933904319,-0.05463560595378558,50.17007188089798,-47.892554616968376,5.8460908331813375,2.9318947973609832
3.7419859162758424,-53.57066295046011,-138.40318093547197,-56.54505051374066,-134.90680989669772,-19.06828383082588,3.4536180893620685,-0.007293169057967731,-0.05539641134717588,58.942830088631794,-66.9945503473365,6.277624128264234,2.925068394661838
3.755948550291797,-54.35584840013035,-138.5214222609408,-58.26484742546896,-134.42869390010773,-18.570965206984432,3.5185966272101465,-0.007512017064947332,-0.056125728252972795,46.37669719023921,-44.756389833667285,6.150765406003749,2.9180815533261635
3.7699111843077517,-56.35142613502009,-138.67388339385852,-59.96778784387095,-133.94101966249684,-23.15376029987553,3.7074989529891145,-0.007487584843379083,-0.05687692995946758,67.24401954873093,-88.80206148995411,7.24389068691982,2.9109420297823227
3.7838738183237064,-58.6893676223,-138.07422378427216,-61.653539777337855,-133.443882256924,-20.666452067687384,4.013938751935324,-0.00817491938860339,-0.057625688443805334,115.09598332037775,-104.81284695278582,7.447504344972774,2.9036981874435996
3.797836452339661,-60.62364906630538,-137.2003856492939,-63.32177458519013,-132.93737860131145,-18.138286139280062,4.226650741444167,-0.00851571497209043,-0.058443180382665716,93.94023474957514,-82.98256655985845,6.917107249677398,2.89632049095583
3.8117990863556157,-62.186272189436025,-136.20242608797508,-64.97216704174654,-132.4216074395504,-17.40635458812458,4.304051262337921,-0.008574780488294546,-0.05929475187987476,57.05850637053259,-53.88057512767582,6.461139973770439,2.8888747023343546
3.8257617203715704,-63.49531986750024,-135.41881828148257,-66.60439539972762,-131.89666932225077,-17.873378432969204,4.2511755525329376,-0.008661850073313241,-0.06015222992870406,21.518225070311075,-23.696190428573853,6.169226371831237,2.881320535393286
3.839724354387525,-65.43571571532583,-134.72942292767834,-68.21814145298089,-131.36266658713868,-19.179241111631885,4.14803628672128,-0.008803038220581625,-0.06101841493603555,6.135279921126154,-12.246513716981585,6.225544979823916,2.87362395647709
3.8536869884034797,-67.97516432634185,-134.8196832168489,-69.8130905985158,-130.8197033391054,-17.197556633036747,4.038965105675971,-0.009032668963807017,-0.06189871875809372,11.099698989171046,-2.377312470907456,5.869183770274492,2.865781665816993
3.8676496224194343,-69.74470419845385,-134.5159245177385,-71.38893189783624,-130.26788542991193,-13.220786629463149,4.110083526484449,-0.008580559420677885,-0.06280198565447437,61.18799162689614,-43.09683735457972,5.6896987728131,2.857792723959869
3.881612256435389,-71.68424114989122,-134.44791577895978,-72.94535813755851,-129.70732043755305,-13.269053182341791,4.225814335643579,-0.007681333507388705,-0.06366004159654226,64.42053202652077,-64.18282023197011,5.776405356091494,2.8496593606785936
3.8955748904513436,-72.77978052180866,-133.19768532863029,-74.4820658893033,-129.1381176452847,-11.480192410967145,4.436871008051685,-0.007162830287141308,-0.06442817494728104,94.30757574576072,-85.60507032104242,6.001814683314182,2.841306511806639
3.9095375244672983,-74.04921958579177,-132.12598200638527,-75.99875556884959,-128.56038802031907,-13.821574152857982,4.438543937368533,-0.006871566228456209,-0.065144457975995,33.02850169015323,-42.903811219790605,5.645026720852845,2.832682287026497
3.923500158483253,-75.76878323200923,-131.99730167710334,-77.49513149453921,-127.97424419219126,-14.235875212161224,4.327917963429892,-0.007239874000426565,-0.06583161459884046,8.412654125844913,-9.784386016614725,5.395482903379068,2.8238172780950546
3.9374627924992076,-76.61529733493484,-130.999142129014,-78.97090194492051,-127.37980043080192,-13.077424070848673,4.348393063328995,-0.0073269774808701815,-0.06655560199888333,44.6996490229248,-38.97383072868646,5.619153140035583,2.814726412924582
3.9514254265151623,-77.55578714396974,-131.11101617318084,-80.42577921562014,-126.77717262414018,-16.184612332627264,4.266864900654648,-0.007283321322158569,-0.06728829974697037,8.923604742370973,-22.57189765438594,5.687248778022235,2.80546752321043
3.965388060531117,-80.29074260457088,-130.8613244207961,-81.85947967543147,-126.16647825569099,-17.91427848589658,4.3652328323815235,-0.007575119308078681,-0.06801663187918638,57.44274689075259,-65.25099697237523,6.555167779916424,2.7960040192765963
3.9793506945470716,-82.92942702547083,-130.4437256559646,-83.27172382160916,-125.5478363815315,-11.31205849150632,4.541109419347158,-0.00802189565191673,-0.06877414380999447,97.22711133156596,-67.05532436068833,6.092569585958218,2.786313997657871
3.9933133285630262,-84.42380482182196,-130.79283451571038,-84.66223633435867,-124.92136760712083,-7.11567336724686,4.738983857266736,-0.007162458629586792,-0.0695763333751862,99.38903401753326,-79.23724337399572,5.787837810495218,2.776421803377337
4.007275962578981,-84.28627779283778,-131.71944266938,-86.03074613051054,-124.28719406378785,-7.8535995446844025,5.137254903347303,-0.005782897986665797,-0.0702925792381448,141.85039103784936,-143.6298798700899,6.70116542545105,2.766333346311871
4.0212385965949355,-85.12872475938231,-131.75132557720087,-87.3769864163684,-123.64543938492137,-15.139725201983682,5.841326327616533,-0.004982905279705719,-0.07087086903681117,209.27407094059262,-240.97802369234324,8.645346079424176,2.7559080150005144
4.03520123061089,-87.3536543701215,-131.08933173178903,-88.70069473972113,-122.99622868186762,-15.780372785382657,6.551918508761221,-0.006444587252178663,-0.07136915956478163,232.1295442487439,-234.07876361453305,9.455722668686708,2.7450833904195555
4.049163864626845,-89.39371685974986,-130.81682487097862,-90.00161304100831,-122.3396885195395,-11.294229811728425,7.093272277621223,-0.007983969886267107,-0.0720136182899993,206.55073831312717,-184.77428299534495,9.141550276861635,2.733906592195293
4.0631264986427995,-89.6980211032201,-130.90292415718213,-91.27948770362947,-121.67594689174248,-8.979729656151523,7.616447864781313,-0.007890468709820547,-0.07281201527862624,201.95908031840355,-189.2592699711244,9.33336926875341,2.722592506769626
4.077089132658754,-90.61879642898423,-130.6920900847363,-92.53406960338714,-121.00513319622209,-14.308186039715606,8.200654511225824,-0.007292209699658891,-0.07360106214960815,205.07359227706533,-226.83092556381706,10.296088432126151,2.7111371668378563
4.091051766674709,-92.71049030800589,-130.80835283142213,-93.76511415705416,-120.32737820943736,-14.58110355825485,8.75897260194822,-0.00893394324164475,-0.07433028311957424,214.97247373135536,-214.04244428829583,10.831738895668135,2.699365078982342
4.1050144006906635,-94.12361656378953,-130.1419744268906,-94.97238137005563,-119.64281406106589,-10.563616126123591,9.411745629738805,-0.010135227604740197,-0.0752236774437387,253.99388225029318,-233.18897741621262,11.392339847849902,2.687213084911237
4.118977034706618,-94.49260004704526,-129.56722118685508,-96.15563588325628,-118.9515742082448,-10.63255263472264,9.904270780084405,-0.009791315131840499,-0.07623720020421265,209.45043473061966,-206.50943330151034,11.373397010926604,2.6748920160181147
4.132939668722573,-95.68223072779676,-129.42661240600538,-97.31464701884427,-118.253793409553,-14.470585079459417,10.286539324142165,-0.009930919400721782,-0.07721633171739661,176.9223304271562,-191.03550901280278,11.660085642192783,2.662344168690094
4.1469023027385274,-97.30563804496838,-128.00100236361584,-98.44918882530229,-117.54960769873978,-13.40745843091369,10.726701080705926,-0.01168379852992072,-0.07820942365746886,206.23699675083728,-198.2552350285718,12.19505219053041,2.64940087118803
4.160864936754482,-98.33102156522737,-126.68683368194472,-99.55904012145716,-116.83915435820472,-11.219184494732025,10.860951327402592,-0.012723332371338443,-0.07937780351046086,133.94271060716457,-120.456523559966,11.387039642252242,2.6360958308322493
4.174827570770437,-99.23800870765784,-125.54394546940796,-100.64398453959969,-116.12257189223428,-12.018369971036162,10.795513489427394,-0.012600806306033795,-0.08065013674759491,76.95287378317391,-76.78803291767089,10.814500676515458,2.622575243836436
4.188790204786391,-100.40176059297558,-125.25124542424403,-101.70381056766583,-115.39999999999998,-12.512359678879823,10.630398229059992,-0.012950159201072627,-0.08191021737819826,51.353194253342146,-49.9318330029737,10.439339466610976,2.608752168009909
4.202752838802346,-101.83462142313356,-124.40064280180522,-102.73831159047147,-114.67157954832395,-11.89353583634429,10.626282247768673,-0.01311990837532018,-0.08320523329830554,93.78636366057763,-87.41112909502544,10.83461123483473,2.594494329929134
4.216715472818301,-102.45591496322956,-124.40423112591317,-103.74728592999249,-113.9374525442165,-10.083314114312103,10.6000565830792,-0.012968589517776952,-0.0845172241358374,90.81262479694627,-78.89357648436577,10.636570682428498,2.579832414054957
4.2306781068342545,-103.54654738654438,-122.76811605790081,-104.73053688468217,-113.19776210719172,-12.484853870713644,10.77393018645649,-0.011909137388564167,-0.08581408308761507,132.58409424479555,-139.72169693932955,11.434983723342873,2.5647315526805023
4.244640740850209,-104.8942882295169,-122.00015891836586,-105.68787276781877,-112.45265244136587,-11.139650860963389,10.662733986432258,-0.012711682061490795,-0.08700499682647145,69.29006762211668,-59.51615394080568,10.535372039588639,2.5491423695187967
4.258603374866164,-105.79501374418645,-121.22869123053279,-106.61910694487501,-111.70226880734467,-9.540589972149236,10.584256788092224,-0.012490673502439341,-0.08827616503262048,77.30089832602363,-66.22672999858416,10.441338053119322,2.5329564724516764
4.2725660088821185,-106.63531791469589,-119.59703998741554,-107.5240578699029,-110.94675749390439,-10.013016688814576,10.52061002718617,-0.011644405407846805,-0.08952523238286458,75.79646180755822,-74.02560797656471,10.426301115596647,2.516342238563717
4.286528642898073,-107.31489678279374,-119.09445143887886,-108.40254912092654,-110.18626578947253,-9.896792116822777,10.242901458029925,-0.011568935532100257,-0.09068967292364949,21.509729168029583,-17.13647972618287,9.575269037522935,2.4991793259807995
4.300491276914028,-108.78251003373563,-118.14532740893301,-109.25440943433593,-109.42094195341372,-10.82965345263063,10.098825578375662,-0.01124707698137899,-0.09184656647685951,51.00969962189557,-51.55423520859391,9.866027320602571,2.4813871542232064
4.314453910929982,-110.65728100568327,-116.65633428286343,-110.07947273827507,-108.6509351871262,-7.5362135966696915,9.959159307916945,-0.011392490065982901,-0.09297127417499729,60.4891415369984,-41.86495628497106,9.582567292665994,2.4630247945771995
4.328416544945937,-111.05075241006367,-117.13124210333712,-110.8775781850181,-107.87639560495475,-3.0658570547580606,9.697060766667292,-0.010220409637316838,-0.09411052318159552,30.615350958672654,-6.201058052983209,8.782701978039539,2.444049779464933
4.342379178961892,-111.38867977246368,-116.07416322482209,-111.6485701823268,-107.09747420492556,-6.447341379670593,9.817580827344166,-0.007397521304719993,-0.09513256414532734,109.18913799499742,-120.24591312282594,10.05156128807997,2.4244913427262373
4.356341812977846,-111.62524866111372,-114.90482154555563,-112.39229842378371,-106.31432283930893,-7.480914292873447,9.823364201221946,-0.007310748276396079,-0.09587231627579929,86.16887591348649,-86.88461304231329,9.811306475081242,2.404200756115939
4.370304446993801,-111.88737495578579,-114.65931466589703,-113.10861791809451,-105.52709418501532,-9.383442867325703,9.715062867895492,-0.007783432875106408,-0.09660339110343896,54.79546776465266,-59.63468632598086,9.49432224022243,2.3829966784657586
4.384267081009756,-112.50331671721815,-114.38351712795892,-113.79738901735443,-104.73594171383068,-11.12855780541003,9.76726941880403,-0.008596768132544525,-0.09738173439094977,95.31726796467817,-99.75114533032252,10.105517525648644,2.361137409818431
4.39822971502571,-113.34583867033851,-113.57738641703487,-114.45847744427302,-103.94101966249686,-11.100550139522122,9.944500361083351,-0.009619855802328273,-0.09824141120420427,131.83638366170965,-128.3664744840736,10.623954385481868,2.3386647907921922
4.412192349041665,-113.67612249891563,-111.00565044168451,-115.09175431835153,-103.14248300264282,-10.167756977803789,10.078716983172999,-0.010282421038672787,-0.09920339678443701,124.33975490244438,-116.6396994628168,10.579954192607248,2.3156002723515634
4.42615498305762,-115.02623968448006,-110.74342831388513,-115.69709618100863,-102.34048741057259,-11.191066868104585,9.709290326904297,-0.01081509019418306,-0.10023163888830444,-8.591715823532269,7.520407703700279,8.897717964706523,2.291954017982855
4.440117617073574,-116.2976563826885,-108.99951384353896,-116.2743850196487,-101.53518923691595,-7.4480079507116805,9.589926258331085,-0.011121428348833437,-0.10131314790772272,63.23460163218199,-42.77890554269437,9.29244497838569,2.2676813022801525
4.454080251089529,-117.09919028230928,-107.95577846661403,-116.8235082906689,-100.72674547614744,-4.6590804838681965,9.282157436036274,-0.009984005404228813,-0.1024252907426062,11.692867902392038,4.860452973463786,8.289464197982905,2.2427629593583305
4.468042885105484,-117.72108700184873,-106.94330762063603,-117.34435894139948,-99.91531373598008,-3.9397753844332497,8.999066683457857,-0.008219266309523632,-0.1034236912830293,10.825845346488089,-3.5055348682686147,8.044201685435832,2.2171730527243154
4.482005519121438,-117.33342926976295,-107.194641341877,-117.83683543097403,-99.10105220663935,-3.437934343131255,8.73888509716488,-0.006930512551882486,-0.10424561791398146,13.888566109672006,-7.593147729943051,7.843109566823943,2.190767163478778
4.495968153137393,-116.47599605231075,-106.2762648597589,-118.30084175012517,-98.2841196300238,-8.06704102343747,8.789211186026549,-0.005714964709762941,-0.10493866916916961,79.88188719545695,-97.14542383806183,8.962883692460144,2.163486169483484
4.509930787153348,-117.02660785381178,-105.05489610771173,-118.7362874399016,-97.46467526875789,-13.002397444749388,8.767048190520105,-0.006759071954981068,-0.10551016564014581,60.772695204824544,-80.06315748303574,9.096869146967803,2.13538531696628
4.523893421169302,-118.78223514749037,-104.56966514972274,-119.1430876093033,-96.64287887514348,-10.949202245529591,8.6514421547023,-0.00914911614543432,-0.10618607283564385,52.0752806288743,-40.044504360142064,8.67418702106604,2.1064839811506157
4.537856055185257,-119.84388757746461,-103.58965670447205,-119.52116295183119,-95.81889066001582,-5.083549130867748,8.68784419256839,-0.009536447898717014,-0.10710098445018712,98.79939931826391,-69.06714317201094,8.781917129518659,2.0770249273639765
4.551818689201212,-120.03742654631492,-102.74993678105427,-119.87043976094817,-94.99287126151009,-3.173263291964969,8.694512878453008,-0.007748253511687626,-0.10805462924005882,82.78391496873297,-70.3378357894128,8.596826447635802,2.047164587421232
4.565781323217166,-120.5383615949451,-101.83799660511853,-120.19084994444826,-94.1649817137447,-4.297764403721448,8.692297122505169,-0.00611587244761811,-0.10882945459122739,73.91804130224776,-75.1067169069688,8.586325887527167,2.01672979887124
4.579743957233121,-119.85749212653889,-100.60389228991839,-120.48233103773124,-93.33538341542734,-3.0294809437132804,8.674803715402511,-0.005631440838758123,-0.10944104183598924,75.5324433723386,-65.91511431617096,8.50279780289125,1.9855355442972273
4.5937065912490755,-118.95755281475091,-100.2096919781927,-120.74482621598055,-92.50423809839006,-7.636972658210736,8.533516493648213,-0.005044484331201483,-0.11000418591986527,30.178649221433837,-47.3151247800235,8.148113880440535,1.9536354303855834
4.60766922526503,-119.60942864387773,-99.51632244076524,-120.97828430524102,-91.67170779605921,-12.052511879946142,8.506690949365652,-0.006176314747575108,-0.11050863435298552,58.543905714306966,-75.50917288689858,8.7738548911536,1.9211877255623975
4.621631859280985,-120.33160151036074,-97.57773462465558,-121.18265979239554,-90.83795481186681,-8.899977436720047,8.534769016032334,-0.008239381703649443,-0.11112626582774299,89.35186211571256,-72.2697913872559,8.81981411079501,1.8882309399309456
4.6355944932969395,-120.64354514322801,-96.78682439321071,-121.35791283403803,-90.00314168760912,-6.657596053538455,8.29442344617063,-0.008561919896271211,-0.11195020399810796,18.42675388433558,-5.0626439905934095,7.643806191620923,1.8549907203736868
4.649557127312894,-120.53877578073595,-95.64321359385553,-121.50400926424074,-89.16743117175879,-6.456035727085474,8.126951027890586,-0.007843162149618466,-0.11280639598773501,30.45904505028401,-26.242527995613926,7.667825739194755,1.821618553454024
4.663519761328849,-120.49563827592304,-95.12911453083579,-121.6209206012151,-88.33098618773678,-7.435362823737365,7.918422217185467,-0.007386178197888027,-0.11359071220269668,15.75249745950494,-16.99506256026147,7.391867629448192,1.7880028082496127
4.6774823953448035,-120.31153606289392,-94.88282240469906,-121.70862405286435,-87.49396980215005,-7.968409500407826,7.834509311477657,-0.0072787711987130094,-0.11432933002248546,46.945702615506264,-46.37564067567429,7.7308970710416025,1.7541051841401565
4.691445029360758,-120.77542036345032,-93.26310046571353,-121.76710252122682,-86.6565451930014,-9.266639596603794,7.912945092729846,-0.007206568763170141,-0.11505720714235679,86.20301884589776,-89.25199311852407,8.354059520874856,1.7200203404967542
4.705407663376713,-121.87153816125584,-92.25859234384527,-121.79634460580921,-85.81887561787768,-6.570721538199802,7.788061803901219,-0.007800435006387025,-0.11577786401867396,43.63583194892375,-28.52898284791584,7.51390510279261,1.6858535339372533
4.7193702973926674,-122.0885381083993,-91.7568813085804,-121.79634460580921,-84.9811243821223,-1.9974944412554807,7.6830674241413455,-0.007221020113390823,-0.11655790751931283,52.0542727948258,-28.02585835255629,7.277856415503461,1.6516795071341992
4.733332931408622,-122.93046237731824,-91.7048360615134,-121.76710252122682,-84.14345480699858,-2.1660649810199795,7.692573896362924,-0.005359584226215686,-0.11728000953065187,70.09607789657196,-67.20313570209242,7.6202089165382745,1.617636089171647
4.747295565424577,-122.89364987202434,-90.59628368309048,-121.70862405286435,-83.30603019784994,1.659937782542182,7.9277551875641565,-0.004175072768560851,-0.11781596795327332,137.61027137226736,-116.43291779658153,8.48721561094168,1.5836762508585691
4.761258199440531,-122.2804320311869,-89.13976471804142,-121.6209206012151,-82.46901381226319,1.0422959438770851,8.036114218690678,-0.002448749340847496,-0.1182334752301295,97.2964922502227,-95.83800958032597,8.226320887859387,1.549740272087151
4.775220833456486,-122.1143860491539,-87.53593353432062,-121.50400926424074,-81.63256882824118,-0.8115265762803274,7.946793853975821,-0.0018879161282482216,-0.11847835016421415,44.68357573393638,-48.92611666373008,7.547239392047003,1.515961674273976
4.789183467472441,-121.91690768727989,-86.14485406400148,-121.35791283403803,-80.79685831239087,-0.01949506956491376,7.69401790875945,-0.002339147955234029,-0.11866714177703885,7.780840376278941,-0.19949523881564202,6.781400045124552,1.4823486981760468
4.803146101488395,-121.60623042270734,-85.63312463710206,-121.18265979239554,-79.96204518813317,-0.012617191559797458,7.37242952140661,-0.00240869194696865,-0.11890105657256234,-14.01465399557851,17.993159721444943,6.226254537573771,1.4490762557242682
4.81710873550435,-122.19044220922011,-84.76168184412803,-120.97828430524099,-79.12829220394077,-0.7045644304458173,7.1948966561104815,-0.0023142328149075176,-0.11914192576725924,18.551270256501123,-17.921093114155738,6.535071637705895,1.4162993216127928
4.831071369520305,-121.81790339453921,-84.12569670930597,-120.74482621598055,-78.29576190160992,3.3380502050781633,7.072528972727643,-0.0024142039114730244,-0.11937334904874985,41.95325579631151,-19.80685670439008,6.62555101881824,1.3840284896510529
4.845034003536259,-120.8317487792528,-83.69975399874765,-120.48233103773124,-77.46461658457264,1.6953176456963752,7.021815748280089,-0.0012528080296014836,-0.11961476943989702,46.53880697358358,-49.93487381079415,6.793654535549112,1.3522908330073369
4.858996637552214,-119.70383421840499,-82.96977679830397,-120.19084994444823,-76.63501828625527,-1.4161455860964516,7.0601964637883805,-0.00100267407998065,-0.11974005024285717,65.65405623675146,-76.03253437013032,7.093746683087793,1.3211438200586745
4.872959271568169,-119.73867180539887,-81.1787024786875,-119.87043976094817,-75.80712873848988,-4.501970139189153,7.089987043955384,-0.0017515291897183254,-0.11984031765085534,63.657201369616224,-74.33461712053918,7.16458544757229,1.2904938493043154
4.886921905584122,-120.17502500526359,-79.52612767174085,-119.52116295183122,-74.98110933998422,-1.3893678738106785,6.894809609395866,-0.003258443439118789,-0.12001547056982709,19.918544100890628,-2.6113298705323618,6.2014087765831345,1.2604591557301568
4.900884539600077,-119.758886013307,-78.62556187072121,-119.1430876093033,-74.15712112485654,2.146413404098551,6.58357265900744,-0.003305359428220333,-0.1203413149137389,-10.695014277567982,30.28604086503956,5.467277758598686,1.231161476362538
4.914847173616032,-119.71521153361802,-77.60543582020502,-118.73628743990163,-73.33532473124214,1.2746888292986696,6.323623015878381,-0.0023404511733489874,-0.12067185085656096,-10.166859869967121,9.913564041072135,5.388164514401398,1.202693416934003
4.928809807631986,-119.57873104965786,-76.65766450427081,-118.30084175012517,-72.51588036997623,3.447225088557283,6.087507275442387,-0.0020425326865878514,-0.120905895973896,0.6244047250713639,12.83050706228085,5.282425254124392,1.1749210322506052
4.942772441647941,-119.76844692876159,-76.62157453520736,-117.83683543097403,-71.69894779336067,4.529242330786156,5.883148625861463,-0.0013384866231456061,-0.12111014924255459,4.343918806078022,4.309191365155795,5.2557655736771,1.1477507875819724
4.956735075663896,-120.20134356486027,-76.61825847948376,-117.34435894139948,-70.88468626401996,7.0028754244331335,5.919386171031648,-0.0004986075354525416,-0.12124399790486917,67.76885770436333,-52.68204976153686,6.228008478362952,1.1212529913817644
4.97069770967985,-119.63701482567917,-75.16986856210279,-116.82350829066893,-70.0732545238526,10.351991373059912,6.178239950631977,0.0007726362508455303,-0.12129385865841424,127.67311897533831,-108.2135111669761,7.365245951005222,1.0953869881028142
4.984660343695805,-118.12004061078304,-75.31731829346211,-116.27438501964873,-69.26481076308409,9.854231974512347,6.216721668029744,0.002162135032318431,-0.12121659503332971,64.83092950973,-62.413244019352426,6.795365098517958,1.070135891049775
4.99862297771176,-117.81104229305363,-74.78868427754527,-115.69709618100863,-68.45951258942743,4.93059008445214,6.449596324146229,0.0030040300112499536,-0.12100038153009773,105.19160437881297,-123.10618286960243,7.273249534016095,1.0454503874757783
5.012585611727714,-118.04807204600266,-74.17590143501914,-115.09175431835156,-67.65751699735722,7.39053873802851,6.706493582214483,0.0023135701078468634,-0.12069997852897263,130.1442576323638,-114.80615259243035,7.632042575050531,1.0213099787186577
5.026548245743669,-117.3363446220618,-74.33213958405138,-114.45847744427304,-66.85898033750317,10.75578322511879,6.9804464394505485,0.002674299602698483,-0.12046862151818782,139.03915527861503,-119.09251475716877,8.150001457180284,0.9977586134037644
5.040510879759624,-115.26432805358058,-73.75331232469121,-113.79738901735446,-66.06405828616936,9.024615334040673,7.43610238332543,0.004081357737994573,-0.12020119155791775,176.89612288563524,-179.70771198237583,8.99362969665062,0.974936912918011
5.054473513775578,-113.79045550949662,-73.32427046636776,-113.10861791809451,-65.27290581498471,2.8735912356664857,7.785115775539241,0.004440757737286908,-0.11979305578411825,143.46423485211022,-166.561115653391,8.750107471231981,0.9527256531771195
5.068436147791533,-113.75766760200129,-73.05324196904495,-112.39229842378374,-64.4856771606911,0.697272390105363,8.11719086071801,0.0028381572202054676,-0.11934898001038974,150.98033727725434,-156.56112458117062,8.948495675781574,0.9310048898292793
5.082398781807488,-114.7126409977633,-71.6804928139904,-111.64857018232685,-63.70252579507448,4.312900621567578,8.528153345830848,0.0013814848449141695,-0.11906516428836911,187.256183619097,-166.44861535611597,9.58562386555149,0.9098631283102288
5.096361415823442,-114.74981309578128,-71.24502637722347,-110.87757818501812,-62.92360439504529,11.907199321454424,8.736574758605588,0.0016498801649622024,-0.11892701580387754,148.0558773020548,-108.32583396236724,9.559853636931685,0.8894795897778138
5.110324049839397,-113.23123854318627,-70.16318836181004,-110.07947273827507,-62.14906481287383,13.64422332060527,9.012934794813841,0.004566467412000414,-0.11876202778738154,154.5722686291557,-140.52732596746765,10.224900773849939,0.8698221880941306
5.124286683855352,-111.85831211111412,-69.7592877735771,-109.25440943433595,-61.37905804658631,10.198565361646153,9.110108347521265,0.006752374682531665,-0.1183053810461816,99.48393015329256,-108.82029794638586,9.642412309989227,0.8507005877792349
5.138249317871306,-110.36290155187388,-69.01573165730917,-108.40254912092657,-60.613734210527504,8.380883089898568,9.259742505335343,0.00679467633452369,-0.11763014357792834,117.57994005357999,-119.89309487382648,9.776678772413419,0.8318319611048737
5.152211951887261,-109.01317438577706,-68.6729333931662,-107.52405786990293,-59.853242506095654,5.996821710813704,9.354887982171629,0.006155744763925596,-0.11695067594447606,103.48789763794088,-108.5804056311032,9.592196875417633,0.8132713215425258
5.1661745859032155,-107.70712517807661,-68.26790642977066,-106.61910694487504,-59.09773119265536,4.279973800889931,9.520986412483298,0.005017196554286233,-0.11633510146808357,123.91588406442548,-126.23875367690512,9.869957248755178,0.7952150431030978
5.18013721991917,-105.92835978358373,-67.74723739045895,-105.68787276781883,-58.34734755863416,2.7892791893248807,9.725423749731291,0.0038232022249368707,-0.11583338181265512,135.5758348649726,-137.02481333244776,10.123974941297362,0.7777134265132064
5.194099853935125,-105.08671293709193,-67.83569471448781,-104.7305368846822,-57.6022378928083,-0.7634458712924159,9.91196398778499,0.0026144769901068096,-0.11545106159016161,127.87279408618795,-138.8836875783129,10.215468393787182,0.7607988546457878
5.2080624879510795,-105.91836831341998,-65.8695506018154,-103.74728592999246,-56.86254745578349,0.347314629416273,10.2818854296868,0.0007490564930496559,-0.11518961389115079,187.09054534888,-177.14216297799496,11.054592958067595,0.7444596026290191
5.222025121967034,-105.92137623810444,-65.48603088021139,-102.73831159047144,-56.12842045167604,9.504661310318266,10.282211489967647,-0.0001718108257487579,-0.11511470824184578,113.61370990090307,-66.47129340591974,10.247066768745302,0.7286802362186395
5.235987755982989,-105.08962719738386,-65.2538472349306,-101.7038105676658,-55.4,11.80134129469432,10.410063498608231,0.0032259852488246603,-0.11513188932442064,131.27634621251002,-114.2930450260259,10.932331823588246,0.7135099215056595
5.2499503899989435,-103.9016824687135,-63.91079797529687,-100.64398453959966,-54.67742810776571,11.883077343373131,10.64570585792983,0.006198073408710803,-0.11480929079953839,155.61212078789504,-148.40155308137565,11.47276689356888,0.6988381357394382
5.263913024014898,-102.33403145685668,-63.16768596367621,-99.55904012145713,-53.96084564179525,11.882581008948634,10.644659785320174,0.007743314402823433,-0.11418948345866742,96.92646229110609,-89.97559422933367,10.856338885422595,0.6842174049186922
5.277875658030853,-100.21290912687324,-62.08883013891598,-98.44918882530224,-53.2503923012602,9.788039510979926,10.619265392925819,0.008562305963540514,-0.11341515201838526,86.00579175372258,-88.6516441605587,10.651042946985973,0.6696751685625806
5.2918382920468074,-99.60687604998193,-61.02340350588495,-97.31464701884424,-52.546206590446985,6.013611914185436,10.469307551228182,0.007982659293487564,-0.11255892142203106,49.794398181968525,-60.44071836790561,9.973043037841144,0.6553394670337931
5.305800926062762,-98.95717045349748,-59.651722643234145,-96.15563588325624,-51.84842579175518,9.839184596133709,10.277745361406248,0.005977054783550347,-0.11176065549268221,54.81588658557014,-31.231177556688916,9.802615709248155,0.641268773220161
5.319763560078717,-98.25253509096986,-58.80370799342148,-94.97238137005559,-51.1571859389341,11.890347770846585,9.975264507569173,0.006297705771923692,-0.11116295001432697,20.522957274561467,-4.623742861567483,9.382734029067349,0.6275892922497461
5.333726194094671,-96.3695596379425,-58.024031886776754,-93.76511415705411,-50.47262179056263,13.838521579351038,9.721030679601592,0.00721093765060671,-0.1105331794371347,30.142159240670317,-14.568360519422455,9.462766189524627,0.6144304520448727
5.347688828110626,-95.36821709200152,-56.96509471051116,-92.53406960338708,-49.794866803777914,10.350863898075708,9.485076454541254,0.008357032007484277,-0.10981208567207412,20.317810396484166,-29.497657807893944,9.079104678789712,0.601546944547314
5.361651462126581,-94.07414632627328,-55.69556657539891,-91.27948770362941,-49.1240531082575,12.676736161733364,9.215770121145551,0.007484671068765277,-0.1089763824713259,22.784688709012126,-5.919998556925181,8.843056113109899,0.5888673066313554
5.375614096142535,-92.4995289725449,-54.93761913448167,-90.00161304100827,-48.4603114804605,12.447049639937779,8.861679511051584,0.007664208704244129,-0.10822791536444942,-7.264412282690773,12.619815346051174,8.30267689654509,0.5763565146783787
5.38957673015849,-90.23250812139734,-54.62855349000488,-88.70069473972109,-47.80377131813236,11.255414747567867,8.561416128220344,0.007541377892358775,-0.10746149449402509,1.1831544973772814,-0.42961936227874503,8.082259968307493,0.5642051331918729
5.403539364174445,-89.26589037427222,-55.09217843654803,-87.37698641636835,-47.15456061507861,6.861246420218352,8.391973595881279,0.007033257663133459,-0.10670735670478937,24.71034985271027,-38.93397136347082,8.000910804548466,0.5522971351471253
5.417501998190399,-89.15607662781643,-54.615360431386634,-86.03074613051048,-46.51280593621214,9.019290848883472,8.557969895161513,0.005523157633537293,-0.10600403093847621,124.18978576149676,-109.07867486975879,9.169067061455296,0.5406523507272483
5.431464632206354,-87.71459383585716,-53.87504850455123,-84.66223633435862,-45.878632392879155,14.32367230383661,8.763860791102347,0.005529642685138439,-0.10545171517512264,143.17175444206677,-113.26717535978742,9.824714621908756,0.5292993187495729
5.445427266222309,-86.34874553963158,-53.33397409283566,-83.2717238216091,-45.2521636184685,12.862941354369568,8.885307696376092,0.0073960684149318905,-0.10489875090660883,108.16747404504598,-108.42912404487167,9.700166891458029,0.5183286492352988
5.459389900238263,-85.0026180592613,-52.13685464727321,-81.85947967543142,-44.63352174430899,13.419849484742624,8.996878658172902,0.007958674157475195,-0.1041591440651155,111.43334689084668,-102.59906432944405,9.790371753332764,0.5075794832848564
5.473352534254218,-82.97885401457272,-51.556737442462165,-80.42577921562008,-44.022827375859805,14.155415343761666,8.928223647721406,0.008351697282644644,-0.10336327664936817,66.54897006011045,-56.768064330954395,9.315840936915116,0.4968569993291676
5.487315168270173,-82.23990810534828,-50.455743790338005,-78.97090194492046,-43.42019956919806,11.305234262492384,8.86544242782578,0.008796096240998717,-0.10252810692110392,59.3144847822604,-65.8932835762475,9.07011181605227,0.4862831101200933
5.501277802286127,-81.6463737082997,-49.79888047862452,-77.49513149453915,-42.82575580780873,15.855528250935635,8.70799397891497,0.007895086265954167,-0.10164849729700398,51.17454231482287,-24.268832371481874,8.984966427317492,0.4758666484316847
5.515240436302082,-80.73256689923524,-49.6834528118247,-75.99875556884953,-42.23961197968092,19.020715669457445,8.596287879156497,0.008960227018168693,-0.10085898867040877,58.57673723953123,-37.45697532104347,9.436001848673389,0.46559468067670196
5.529203070318036,-78.80137363640293,-49.649424489099985,-74.48206588930334,-41.66188235471533,20.71161569412583,8.650408823311475,0.010720229450270687,-0.09996296596859189,97.20600026153502,-82.45417083037741,10.169284904728034,0.455594267236072
5.54316570433399,-77.08760924948119,-48.945957988143064,-72.94535813755854,-41.09267956244699,18.0575986515275,8.819834617058106,0.012423469980412456,-0.09889094302356494,117.72106559011793,-122.62057733438746,10.368741546711801,0.4456616143566139
5.557128338349945,-75.37376008624885,-48.884685725694695,-71.38893189783627,-40.532114570088105,18.17547794387551,8.900731032204705,0.012474410576442049,-0.09764859602552356,102.80096462227925,-95.2920451584587,10.162070882536566,0.4357203457324106
5.5710909723659,-72.90973010312777,-48.50309630973392,-69.81309059851586,-39.98029666089464,17.193229970021093,9.086803198611623,0.01270848167938994,-0.09640115496787915,128.10469677335334,-125.58330736271044,10.498056475802345,0.4257695230669367
5.585053606381854,-70.43079756797498,-46.910897418912626,-68.21814145298093,-39.437333412861335,13.35497352292941,9.241238454610041,0.012589260827374008,-0.09513030679994028,115.0579065639545,-125.67417299557061,10.207794128238396,0.41596802504426167
5.599016240397809,-69.87323682965533,-46.267853891209406,-66.60439539972766,-38.90333067774924,11.123019666308315,9.054911566962092,0.010880103998788677,-0.09387138071720269,32.12909371688615,-35.84648248740907,8.874822740052545,0.40629143843803694
5.612978874413764,-67.97090181632048,-45.80656887375837,-64.97216704174659,-38.378392560449626,16.830600914015616,8.9110847880895,0.009072177377708154,-0.09278337031732375,59.24608655652211,-26.977596836993534,9.287846098827526,0.39676923179497514
5.626941508429718,-65.88159672646547,-44.90969434897544,-63.32177458519017,-37.86262139868857,14.20566850769039,8.810687641548087,0.010098242970718705,-0.09187615257955306,50.248801650921706,-55.43250766558897,9.204384036854682,0.38755476642298703
5.640904142445673,-64.60113334568234,-43.87698772226168,-61.65353977733791,-37.356117743076005,13.158041588004972,8.623912166514897,0.00957533364580671,-0.09086632828248131,30.634875834889936,-29.002607812291178,8.656384066471238,0.37865250464000244
5.654866776461628,-63.81579805668047,-42.57004806079206,-59.967787843870994,-36.85898033750316,15.680655349073708,8.357586565148564,0.008737093975928395,-0.08990879491790071,16.516386442117252,1.2444617190416467,8.409537335173711,0.3697738398932735
5.668829410477582,-61.76647395483966,-40.87698331523183,-58.264847425469014,-36.3713060998923,19.902965874860392,7.973040749241043,0.008859800254277867,-0.0890350855203077,-12.347904703289101,38.125946484940435,8.320904686869468,0.36106865979964553
5.682792044493537,-59.84563784513192,-40.4425096875788,-56.54505051374072,-35.8931901033023,18.051021699145473,7.38706646470063,0.009824969932081406,-0.08814910549487998,-81.30176017975398,79.65735539346083,7.218133936865704,0.3525636755166599
5.696754678509492,-57.942082435795065,-39.701233320699345,-54.80873238650163,-35.42472555739404,17.51364355206327,6.94346346962062,0.009455223174430245,-0.08716660850167202,-46.97794054485981,50.8304512366531,7.109752047456619,0.34415814951651047
5.710717312525446,-56.17710453509671,-39.26012722867789,-53.056231542411,-34.96600379025896,17.04127252434705,6.535766250159783,0.008802890226380729,-0.08622108618422919,-41.67898596947544,45.55208039216586,6.803964848405418,0.33576336280825814
5.724679946541401,-54.574119932868825,-39.4922385876697,-51.28788963498074,-34.51711423061445,17.11929845593374,6.224077787043056,0.008116895220962268,-0.08534079716159093,-19.492701984479808,25.636202441041387,6.811798194259331,0.3275084963835102
5.7386425805573555,-52.360041703165535,-38.158692287397535,-49.504051405969534,-34.07814439036961,17.540029480357592,6.147972351979911,0.00776890079588065,-0.0845291076394945,39.05643531904434,-31.47377841985025,7.417412678602513,0.31941765229090224
5.75260521457331,-50.54058013135677,-36.41538004572269,-47.705064618174575,-33.64917984756456,16.001710396024915,5.8673340361986135,0.007427753990240312,-0.08375221755990658,-18.784709985114382,17.414852461127,6.481088959951043,0.31149018668116657
5.766567848589265,-48.94996434868873,-37.188281732372346,-45.89127998763465,-33.230304229686865,17.036625304293587,5.35914851436757,0.006450161462607601,-0.08300944216088268,-74.15616571714368,84.23515850909726,5.635663206785058,0.30368842872759005
5.7805304826052195,-46.94796036637836,-36.63972259067945,-44.063051115257295,-32.821599197368194,17.233137222965482,5.230262436649585,0.0061668259120393,-0.0823644260146219,16.944002089649782,-10.79445167590547,6.553612539096096,0.29600795527973833
5.794493116621174,-44.875748375821324,-35.05349276247511,-42.22073441788362,-32.42314442846438,16.509564420082548,5.092521461004075,0.00595232643653878,-0.08174774342341795,11.37372641456905,-9.471450756290682,6.334524178357122,0.2885087983038783
5.808455750637129,-43.43143602990808,-34.62488167359054,-40.36468905880412,-32.03501760252215,16.265394968746424,4.717838388119947,0.005355854184432117,-0.08115251077976415,-49.84938667300588,53.78487618011799,5.427784856909932,0.28111803897600085
5.8224183846530835,-41.85352906617288,-34.77080467093227,-38.495276877739116,-31.657294385635232,18.33114980365692,4.417950493729536,0.004796587820031731,-0.08061692536132092,-28.772923428494003,43.08774086394571,5.759534832534249,0.2738254140195169
5.836381018669038,-40.26803657558406,-34.76225295072597,-36.61286232029734,-31.290048415693178,18.995900734669075,4.304809487502847,0.004834282899276722,-0.08013726657931786,13.466171764450028,-5.420197944069789,6.291283815701835,0.26666584874516275
5.850343652684993,-37.957091238802285,-34.696277818774604,-34.71781236692655,-30.933351288025484,20.123389744771142,4.304999997801129,0.004993521805414353,-0.07965383828939032,42.72866461647289,-32.52175945452874,6.742809259425811,0.2596324527982068
5.8643062867009474,-35.56596757609203,-34.88430468996349,-32.81049646137002,-30.587272541443944,17.808672416268323,4.361444344530088,0.005330276295227331,-0.07915448610884868,49.4212710876717,-54.8300325341224,6.585693750260807,0.25266245720925173
5.878268920716902,-33.29299551049686,-34.938649703745654,-30.891286438642656,-30.251879644685935,15.909222509731482,4.517248565991345,0.00525393101101248,-0.07862145847932611,76.33736816061678,-80.13986137839186,6.581185724239951,0.24574072668021962
5.892231554732857,-32.46657446910648,-34.90236685325406,-28.960556452541102,-29.927237983261215,14.605341375685162,4.7191210131079675,0.005029747206775759,-0.078096065378225,90.83434431546667,-92.1006821951123,6.624520784412211,0.23884661583231237
5.906194188748811,-30.873318765656144,-34.79382378022097,-27.01868290270168,-29.613410846704916,20.08195142708821,4.973602119852961,0.004847651928464827,-0.07759309065754749,121.62908050087039,-91.91551340091938,7.59292948462692,0.2320186233079058
5.920156822764766,-28.437714988582595,-33.71338858709963,-25.066044361220545,-29.310459416239134,20.340980816758112,5.225939513143707,0.005995995107164481,-0.07710832546470092,111.79222169298039,-105.10740268544235,7.986971939139311,0.22526879969371194
5.934119456780721,-25.97671389390652,-33.00623060528033,-23.103021498850293,-29.018442752845502,18.488573472909657,5.209127005577295,0.006625523578233401,-0.0765087259539845,40.08075070783061,-42.920541923825674,7.106438701344887,0.21859027670902575
5.948082090796675,-24.025566705368867,-33.10477882665211,-21.12999701078746,-28.73741778575114,16.868381068219083,5.084419114758876,0.006462411194491697,-0.0758461735961613,12.616600740025236,-14.658342501810065,6.458593301430899,0.2118474208574357
5.96204472481263,-22.073645660889333,-32.279825073253804,-19.147355542065345,-28.46743930133021,17.236007082623928,5.07514908556317,0.006059326114223647,-0.0751999324767123,45.631627475018384,-38.847197445959125,6.730665793730353,0.2050895898394729
5.976007358828585,-20.835360888036707,-31.57806053064833,-17.155483612566645,-28.208559932423185,17.626002467894683,4.935503336005216,0.005779965008167789,-0.0745939998652898,12.018426271002168,-5.084211296167858,6.38463137389342,0.1983935861072581
5.989969992844539,-19.29107092890388,-31.166206507836165,-15.1547695416707,-27.960830148075964,21.354671754126066,4.734603131532837,0.005543513526491015,-0.074016003364473,2.631018605750868,19.59180557312025,6.73449877013969,0.19178100383441343
6.003932626860494,-17.771792621951715,-30.1202794488178,-13.14560337254984,-27.724298243700872,22.71383568604594,4.546005442402834,0.0059856451996390305,-0.07346165201182409,-1.2151303289699558,13.007559547610139,7.043685397923657,0.18523712260073433
6.017895260876449,-14.462241583528085,-30.269995575377536,-11.128376796129668,-27.499010331661317,25.12650954696546,4.2137096899909,0.006166362847918677,-0.07286308749186032,-37.36734232761795,54.08908196516542,7.141850293820303,0.1787553551569605
6.031857894892403,-12.17718575686944,-29.592276468997863,-9.103483074728171,-27.285010332282134,18.24524497209861,4.026669708977709,0.0065009773129319215,-0.07224645120706841,-24.088815739267922,-1.591799063234005,6.134038609035061,0.17226559541835318
6.045820528908358,-10.361879456988515,-29.885724690682324,-7.071316965388458,-27.082339965287225,18.938344835510478,3.771996270945406,0.005311629972503551,-0.07159635347577531,-26.287913550022775,34.270793583947366,5.68943559313915,0.1657917824283266
6.059783162924313,-7.705324599931671,-29.558798028997238,-5.032274642920047,-26.891038741666208,19.599430033984337,3.6853778482556856,0.004736729740952577,-0.07106519047852489,14.526505556068253,-6.709182167021302,6.113332267051771,0.15931636655250836
6.073745796940267,-5.324522873337654,-28.97821509723793,-2.986753622663848,-26.711143955971664,16.6085074485642,3.5749467103580113,0.004428601197414892,-0.07059151750442982,-0.7674476716122502,-8.095976915660374,5.511265352633037,0.15298962351768308
6.087708430956222,-3.4715692857498657,-28.11397637728431,-0.9351526829957457,-26.542690679048505,15.951197787887557,3.395099793782316,0.0036732174818101416,-0.07014865738468856,-14.531960564649667,15.894957774120678,5.01979579858176,0.14674802484019
6.101671064972177,-2.4887295944431873,-27.592903931133574,1.1221282124160616,-26.38571175119685,17.351725274708443,3.1071687828550036,0.0029398042204035104,-0.06978133563650735,-39.39505540741345,50.01413726207126,4.908050052968197,0.14056284352434556
6.115633698988131,-0.26717243171076754,-27.172222182819244,3.1846879925847205,-26.240237775769707,22.259671419288996,2.804461285924119,0.002505637767021294,-0.0694873552144668,-37.7487485898144,64.50293795336076,5.832441413736141,0.13447678654757533
6.129596333004086,0.796838468599838,-27.221515590151945,5.252124557394353,-26.106297113206836,20.419788608507822,2.50516626265464,0.0026031188327516577,-0.06923679143776473,-54.77441154545055,51.15496461494712,5.621284151150257,0.1284856670233081
6.143558967020041,3.138166739582416,-27.591990861508286,7.324034855990249,-25.983915875505787,25.57016150464586,2.3191979304500303,0.002305174893675973,-0.0689764795544896,-12.413628305965533,40.43061524338487,6.643488972915864,0.12255759660385301
6.157521601035995,5.445891170029775,-27.56663838873109,9.40001496535443,-25.873117921131332,22.858091264067262,2.284026162673451,0.002610517822473185,-0.06874596206512207,7.0400219453242965,-14.41672512169821,6.49347883555219,0.11663747057874518
6.17148423505195,7.692678964210356,-27.732565826817595,11.47966016905125,-25.773924850364217,22.416118755385746,2.2695313437773557,0.002511793940691816,-0.06848491028287462,17.08718105037836,-14.456390009596019,6.29445709844753,0.11076291278507888
6.185446869067904,9.330831700732867,-27.398970424161956,13.562565036127522,-25.686356001090132,21.65472535425108,2.3133081382456955,0.0024609126138354677,-0.06823373088880524,31.185611268675,-30.08647197157488,6.216312182330514,0.10487169480191882
6.199409503083858,11.992944669314161,-27.96939008234438,15.648323500152623,-25.610428445029747,24.06475494342608,2.295523801461679,0.0023430995737416804,-0.06798763962742171,22.940912573607903,-7.396032504672038,6.565788988907123,0.09900234018145282
6.213372137099813,14.393965887628848,-27.095750206694923,17.736528938381156,-25.54615698441055,20.514993688571888,2.4173419968301606,0.0026211653434858747,-0.06775332967004744,45.22286040605101,-56.658467302477455,6.233844632551875,0.09314819585728973
6.227334771115768,16.303541311731703,-26.637169191450607,19.82677425102538,-25.49355414908114,20.229596323016953,2.319045266750597,0.0023351652503624436,-0.06749121313569884,-3.0832006011796413,6.166172476668558,5.664136202495881,0.08731409825215763
6.241297405131722,18.88308962898411,-27.489351958576343,21.91865194062001,-25.452630194068504,21.313889730360447,2.151739175725783,0.002000819130844246,-0.06725769661066261,-18.65107459169053,27.92566765431089,5.738693231997457,0.08145861256968878
6.255260039147677,21.092864226197175,-27.19133348673248,24.011754191464625,-25.423393097578746,18.41967412411732,2.209597510603308,0.0019908033914008394,-0.06705761469757832,28.729378612157358,-37.60971696146283,5.529139735056255,0.07563630610649685
6.269222673163632,23.24052266770095,-26.546765018426747,26.10567294912817,-25.40584855944175,18.68622803892061,2.190386772563593,0.001704888487164543,-0.06685853435843825,16.4508370201482,-11.22495840753882,5.321297559644212,0.06985017961055595
6.283185307179586,25.18905359266351,-26.051942389268678,28.199999999999964,-25.400000000000006,18.59259069573276,2.03678710466845,0.0014259081375544633,-0.0666880455097218,-19.15736301480348,22.761482862976923,5.090332544841743,0.06685853435843825
