Time,X,Y,Ref_X,Ref_Y,u,v,r,psi,Tp,Ts,Lateral_Error,Heading_Error
0.0,-169.06733282079824,-290.2819153397829,-180.0,-280.0,-0.06345679343634293,2.330493664399662,-0.00028140258927577546,0.0,499.99922504560743,-499.9987832037963,14.142135623730951,0.6747409422235626
0.013962634015954637,-169.2925378495828,-289.3040732856756,-179.30186829920225,-279.4414946393618,-0.24606354562104882,4.599575262929566,-0.0004500510407904716,-2.8140258927500383e-05,500.000004999874,-500.0000049998885,14.908401571624957,0.6747409422235329
0.027925268031909273,-169.34953560382695,-288.70573701988457,-178.60373659840454,-278.88298927872364,-0.5399065145835518,6.808834418564311,-0.0006019774052481624,-7.314536300651042e-05,500.00000499979626,-500.00000499981417,13.97488511652276,0.6747690824824901
0.04188790204786391,-169.6905903387832,-287.4153840396303,-177.9056048976068,-278.32448391808543,-0.9375538927149969,8.959845486595928,-0.0008330142202702928,-0.00013334310353130263,500.00000499971685,-500.00000499974243,13.452759483599504,0.6748140875865394
0.05585053606381855,-169.599180827893,-286.89049407195716,-177.20747319680908,-277.7659785574473,-1.4319425274619226,11.054163252812819,-0.001232918209959517,-0.00021664452555825164,500.0000049995788,-500.0000049996171,12.23170282752432,0.6748742853270939
0.06981317007977318,-170.13113671897335,-286.05714565645366,-176.50934149601133,-277.2074731968091,-2.0163605908310895,13.093322057249745,-0.001882596518827682,-0.00033993634655438143,500.00000499930303,-500.0000049993684,11.895848592167063,0.6749575867491409
0.08377580409572782,-170.54684207728437,-284.8186583315029,-175.8112097952136,-276.64896783617087,-2.684430093017158,15.078834305333563,-0.0028530564545502482,-0.0005281959984371198,500.0000049986086,-500.0000049987558,10.989860783899426,0.6750808785700673
0.09773843811168245,-169.92507903826422,-282.5901898274178,-175.11307809441587,-276.0904624755327,-3.4300895355857293,17.012188777592847,-0.004205293069612131,-0.0008135016438921561,500.0000049957841,-500.0000049963614,9.8504778698459,0.6752691382220197
0.1117010721276371,-170.67538612878207,-280.60046365883005,-174.41494639361815,-275.5319571148945,-14.47168204507162,18.143839687278295,-0.006410155754963471,-0.001234030950853171,314.3474581940161,-362.9709023392818,8.3652589853995,0.6755544438674548
0.12566370614359174,-172.80258671653596,-277.8322388057354,-173.7168146928204,-274.9734517542563,-13.780384190503725,15.504380827815496,-0.021355388743099366,-0.0018750465263495109,-462.4825806670401,467.8989784909404,6.396370117837383,0.675974973174386
0.13962634015954636,-173.92530377208078,-275.39257740952706,-173.0186829920227,-274.41494639361815,-0.12764054667168168,12.93076626626622,-0.027091919382937688,-0.004010585400659572,-433.48076194571735,500.0000045197021,3.424118139053245,0.6766159887499121
0.153588974175501,-174.1474875397095,-274.06680540751364,-172.32055129122494,-273.85644103297994,6.571669105571737,10.809528591148187,-0.018102763693304214,-0.006719777338953126,-366.75115345712356,402.09650767382533,2.221473720790835,0.6787515276241924
0.16755160819145565,-173.67587499865073,-273.9976232897131,-171.62241959042723,-273.2979356723418,10.05753729568751,8.83154184924063,-0.00880514603120488,-0.008530053708283525,-354.8391026109169,375.6179233709427,2.6395319316416206,0.6814607195625157
0.18151424220741028,-173.3195188223157,-272.8577783594061,-170.92428788962948,-272.7394303117036,10.61671658871533,7.277800164023712,-0.0022910967086067907,-0.009410568311404077,-281.33438801558515,288.3448104735663,3.02560426831473,0.6832709959318661
0.1954768762233649,-172.6139976442079,-272.4244950356239,-170.22615618883177,-272.1809249510654,12.191376901816339,5.904267267544619,0.0008406244086108239,-0.00963967798226495,-248.83318337761958,260.3870588260476,3.1665474761350274,0.684151510534917
0.20943951023931956,-171.53515717434155,-273.1791650305759,-169.52802448803402,-271.6224195904272,11.749262394134956,4.842442560313716,0.0024781255400449856,-0.009555615541403828,-194.3204623100403,196.2306628579672,3.1885036208875848,0.6843806202058476
0.2234021442552742,-170.41655583782764,-272.3058332323855,-168.8298927872363,-271.063914229789,9.901302914720093,4.27097130063169,0.0028122085919901956,-0.009307802987399416,-98.43001926370788,93.3084665667166,3.434056108215112,0.6842965577649167
0.23736477827122882,-169.33670109294897,-272.152338093151,-168.13176108643856,-270.50540886915087,8.35101982998178,3.776125794640591,0.0022072073495517826,-0.009026582128200289,-84.72401594154366,80.53589952860922,2.9089198929678304,0.684048745210962
0.25132741228718347,-169.02066960729948,-272.1963590628402,-167.4336293856408,-269.94690350851266,6.876833929923314,3.4652694835592137,0.0013472668733405383,-0.008805861393244907,-48.05458975546666,43.82046866763191,2.9130093769632244,0.6837675243517829
0.26529004630313807,-168.1805789882719,-272.43126653203,-166.7354976848431,-269.38839814787445,8.955996299973805,3.338448254442028,0.0005180475918904414,-0.008671134705910966,-2.046781332900703,14.363282022499847,3.6203114804058347,0.6835468036167578
0.2792526803190927,-168.24229501212665,-271.7514934577024,-166.03736598404535,-268.8298927872363,7.7737961043086194,3.421038207884424,0.0005055460221708801,-0.008619329946721876,34.602732680722106,-37.444468472357386,4.190853711497835,0.6834120769294936
0.2932153143350474,-166.91435935963992,-271.62726993960035,-165.33923428324763,-268.2713874265981,11.59332758733863,3.460265460030155,0.00028771567931149325,-0.008568775344504953,37.54934525353938,-16.801394417124083,4.531986273510552,0.6833602721702348
0.307177948351002,-164.9580805384646,-270.6900448653453,-164.6411025824499,-267.71288206595995,7.7535758734249685,3.592066975542631,0.0009839492605331628,-0.008540003776573712,39.79285726384249,-54.75690310425422,4.526602346169085,0.6833097175680876
0.32114058236695664,-165.2857986176363,-271.23965743888635,-163.94297088165217,-267.15437670532174,2.804177672648743,3.5970585785046096,0.0006150045423082469,-0.008441608850520588,10.355046917212933,-31.271597314537214,3.678504717022726,0.6832809460001363
0.3351032163829113,-165.16615200134547,-270.4517141801791,-163.24483918085443,-266.59587134468353,8.676552905560802,3.8795867361973797,-0.00044907916347588757,-0.008380108396289554,95.26647857824089,-65.62788099813974,5.072500834036447,0.6831825510740535
0.3490658503988659,-163.82668812950484,-269.04755823810774,-162.5467074800567,-266.0373659840454,10.019912885327573,4.040854910117,0.0002202896481073687,-0.008425016312636924,60.57170393565889,-51.31929158779982,5.133026358476929,0.6831210506198522
0.36302848441482055,-162.40602124580218,-267.66194700680813,-161.84857577925897,-265.4788606234072,6.772338595436068,3.9562849103785953,0.0008544291954103924,-0.008402987347826407,-2.0683371144308693,-10.225417996480264,4.080261160191196,0.6831659585362195
0.3769911184307752,-161.32442138914615,-266.56423612024463,-161.15044407846125,-264.92035526276896,4.193558296797381,3.716446056603492,0.0003497454986137169,-0.008317544428285473,-34.59269791038633,24.859817127527837,3.0154268875453787,0.6831439295713393
0.3909537524467298,-160.94349657546118,-266.53027561317884,-160.4523123776635,-264.3618499021308,3.013617787688755,3.4324850631697643,-0.0006025258942163437,-0.008282569878423907,-42.39667630236859,38.781818363130895,2.3687716609346117,0.6830584866518681
0.40491638646268446,-160.6800372632566,-265.9426988501161,-159.7541806768658,-263.8033445414926,4.742145019003048,3.2981756177491266,-0.0013632201480260173,-0.008342822467845679,-5.130836255417422,15.060262611276874,2.9750000632570797,0.6830235121019368
0.4188790204786391,-160.22956067690504,-265.1031326877912,-159.05604897606804,-263.24483918085446,6.3703768893676,3.1851789914838506,-0.001485761052882789,-0.008479144482648415,-1.4465302460034906,11.184531177336986,3.1489339072063762,0.6830837646914283
0.4328416544945937,-158.64415064001273,-264.372351445665,-158.35791727527032,-262.68633382021625,7.158484326377455,3.037591553932364,-0.0013124060383610493,-0.008627720587936594,-11.385775850336787,17.400601830429412,3.0567901120610497,0.683220086706211
0.4468042885105484,-158.01128507192055,-264.418793088821,-157.65978557447258,-262.12782845957804,2.847131872541853,2.8907289834763343,-0.0011328591449425258,-0.008758961191772663,-24.12955971756784,6.0012088464273,2.4508892299181118,0.6833686628114495
0.46076692252650303,-158.14936893002178,-263.2693643203754,-156.96165387367483,-261.5693230989399,4.124518660737239,2.8936142654896866,-0.001716719779503236,-0.008872247106266773,20.091220534156793,-12.472258566228577,3.036643685973695,0.6834999034153553
0.47472955654245763,-158.32170789081061,-262.76694832561543,-156.26352217287712,-261.0108177383017,7.742290197766976,2.7743698634706706,-0.0019070475332106835,-0.009043919084217311,-0.4751894460493717,19.46085107465522,2.9423546106528335,0.6836131893297996
0.4886921905584123,-157.16204128423323,-262.4103190451233,-155.5653904720794,-260.45231237766353,10.96438620433642,2.69029705418596,-0.0014554020126942581,-0.009234623837538258,5.773573218228858,11.968030401379284,3.5992812177367153,0.6837848613077799
0.5026548245743669,-155.81387265374855,-261.82024684595456,-154.86725877128166,-259.8938070170253,8.062977354392913,2.668009226631435,-0.0007094795285195179,-0.009380164038807592,4.3182914601533025,-15.125539945275946,3.40570984808014,0.6839755660611009
0.5166174585903216,-154.28145305185384,-261.59466883340775,-154.1691270704839,-259.3353016563871,5.702051520239732,2.6415965337315477,-0.0007408021496270506,-0.009451111991659378,4.357309025463859,-13.135037092386396,2.9799564810283545,0.6841211062623405
0.5305800926062761,-154.03229587541688,-261.47333107255935,-153.4709953696862,-258.77679629574897,2.346528834370725,2.687957919832902,-0.0010847198823108395,-0.00952519220662218,17.254344158621006,-31.20393030395519,2.9321062895256933,0.684192054215222
0.5445427266222308,-154.41153548520123,-260.5159822113321,-152.77286366888845,-258.21829093511076,5.19769848277328,2.8264072793021047,-0.0017257880734804342,-0.009633664194853342,51.73885861747286,-36.777944586586266,3.4901942323089123,0.684266134430155
0.5585053606381855,-155.03051226273186,-260.2679980002081,-152.07473196809073,-257.6597855744726,9.568434516433301,2.851042329996202,-0.0016762939490239247,-0.009806243002201231,31.934461740870933,-9.18663162387239,3.690326531079236,0.684374606418416
0.5724679946541401,-155.03830125934954,-259.8624193434235,-151.376600267293,-257.1012802138344,14.677530096171989,2.953478633876077,-0.0008892156178462153,-0.009973872397103456,50.952503359761685,-23.881101371068954,4.835201589277073,0.6845471852257838
0.5864306286700948,-154.06962427554825,-260.0186319411132,-150.67846856649527,-256.5427748531962,16.768631647057322,3.0756706242463605,0.00048441152902600206,-0.010062793958887983,49.12299002863716,-35.437550231308656,5.479797500928051,0.6847148146206412
0.6003932626860494,-152.73421301475548,-260.16252615503544,-149.98033686569752,-255.984269492558,14.961421656497224,3.349107643485428,0.0018202922097558432,-0.010014352805985283,73.31294358609932,-77.75246136648961,5.744419194894803,0.6848037361824457
0.614355896702004,-151.7439005800673,-259.62842816985716,-149.2822051648998,-255.42576413191983,12.34900128699477,3.732732139146702,0.002563440025621972,-0.009832323585009739,96.55233371760339,-105.08763679077681,5.86116649303664,0.684755295029523
0.6283185307179586,-150.83336250057857,-259.93988328255386,-148.58407346410206,-254.86725877128166,11.601715346166362,4.024945022224692,0.002713455678905425,-0.009575979582447491,83.36674079428428,-83.41853527317606,5.71430148353419,0.6845732658085675
0.6422811647339133,-150.06861065353982,-259.4135650831768,-147.88594176330434,-254.30875341064348,10.714837696338863,4.47643759945594,0.0029263011702073604,-0.009304634014557056,118.88406208344819,-119.66498591057993,6.355856562009221,0.6843169218060101
0.6562437987498679,-148.25312636707426,-259.30432974788897,-147.1878100625066,-253.75024805000527,10.624378148768262,4.822709139244718,0.003067442996261656,-0.009012003897536314,100.71658160354472,-97.76142601783738,6.353909966588162,0.6840455762380948
0.6702064327658226,-147.67059549529523,-259.69282521461105,-146.48967836170885,-253.1917426893671,5.426806215824002,5.195448485057776,0.0033536862092604165,-0.008705259597910242,96.26261301354948,-117.52656290425722,6.361876249632369,0.683752946121094
0.6841690667817772,-147.42698015228513,-259.6893861796098,-145.79154666091114,-252.6332373287289,7.118233084746077,5.737400044876266,0.0023078627393276086,-0.008369890976984262,150.69028315712197,-140.05649754474882,7.305381964038161,0.683446201821468
0.6981317007977318,-146.37542628909,-260.2251564167123,-145.09341496011342,-252.07473196809073,8.803002858606183,6.299492197769468,0.0024496585430700333,-0.008139104703051459,158.24445186604737,-147.19607854552373,7.964200227714057,0.683110833200522
0.7120943348136864,-145.87296639748868,-259.2339879395336,-144.39528325931568,-251.51622660745255,6.664613584992651,7.026790757778373,0.0034610785997334333,-0.007894138848744348,188.06251265092513,-194.74657100814417,8.931205116946819,0.6828800469266141
0.7260569688296411,-144.84229295761372,-258.80048488451644,-143.69715155851793,-250.95772124681434,8.154646435224254,7.436417149015131,0.003380640932194703,-0.007548030988770993,132.50917458812336,-122.15117982983247,8.557497331726125,0.6826350810723021
0.7400196028455958,-144.43043684563963,-259.0810472359262,-142.9990198577202,-250.39921588617617,6.2751769867183,7.771263907926102,0.004083527312631322,-0.007209966895551645,110.93741894963183,-116.22803467842779,8.60110321431294,0.6822889732123287
0.7539822368615504,-144.1528423933798,-258.02001537861923,-142.3008881569225,-249.840710525538,7.974900277568311,8.258141167533754,0.0038992280181612137,-0.006801614164288594,153.91006328807785,-142.4421458108824,9.482552406338947,0.6819509091190894
0.7679448708775051,-142.699180341231,-256.9928881024071,-141.60275645612475,-249.2822051648998,9.626780150254596,8.471698491167547,0.004619572929361412,-0.006411691362472549,98.04559391596604,-86.37150767897353,9.102321990479439,0.6815425563878263
0.7819075048934596,-140.9483556878573,-256.15463755990885,-140.904624755327,-248.72369980426163,5.820220212744566,8.494334568673903,0.005817995507001234,-0.005949734069536472,45.47420541592619,-59.40252852973867,8.46167269876857,0.6811526335860552
0.7958701389094143,-139.46771269515529,-255.60910694853789,-140.2064930545293,-248.16519444362342,1.8684671508683461,8.431370886729454,0.004628934018215157,-0.005367934518836215,26.578994484967637,-41.893199694158724,8.023812153527086,0.6806906762930742
0.8098327729253689,-139.3099415520163,-254.77763421726019,-139.50836135373154,-247.60668908298524,-0.8293316626243095,8.387039409865185,0.00204780597572074,-0.004905041117014619,32.776889065719736,-42.87010375293647,8.002521103274905,0.680108876742394
0.8237954069413236,-139.85844622076164,-253.32140940845275,-138.81022965293383,-247.04818372234706,2.345157467925589,8.28139501564325,-0.0007471999203490167,-0.004700260519442612,32.936366904432596,-15.609996814196103,7.745586932918471,0.6796459833405772
0.8377580409572782,-139.65167536247804,-252.85798518960283,-138.11209795213608,-246.48967836170885,7.460995958457149,7.967714776071165,-0.000958792779122159,-0.004774980511477622,-7.596995235166622,34.71487736283222,7.0514027945066315,0.6794412027430003
0.8517206749732329,-139.0634958729393,-251.5523715582802,-137.41396625133837,-245.93117300107068,8.556038346736326,7.759694993934241,0.0012485513446631007,-0.0048708597893898364,4.185786897800364,4.67558280535383,7.279290429792943,0.6795159227350154
0.8656833089891874,-137.65566222397263,-250.3830143902083,-136.71583455054062,-245.3726676404325,8.875488324664236,7.411241102334117,0.0028188350650320054,-0.004746004654923475,-28.82388645401671,34.14593836928539,6.610616778860291,0.6796118020129476
0.8796459430051421,-136.10447369583804,-250.26474430960153,-136.0177028497429,-244.81416227979432,5.533316201219723,6.999329934859139,0.0036378230691086855,-0.004464121148420208,-53.07518105125178,40.95506056332228,5.804741573859195,0.6794869468784612
0.8936085770210968,-136.06329585828243,-248.94573443322955,-135.31957114894516,-244.25565691915614,2.272396221599657,6.797550947789733,0.0026792454675785104,-0.004100338841509288,-10.391984415891859,-2.059591705087299,6.06013228190018,0.6792050633720028
0.9075712110370514,-135.55323976693137,-247.8273125907084,-134.62143944814744,-243.69715155851793,6.124169247834729,6.458506488440264,0.0007311323037446687,-0.0038324142947514517,-24.48376648808287,45.20822950791053,5.44302968025744,0.678841281065047
0.9215338450530061,-134.56797444756316,-247.42613337212822,-133.9233077473497,-243.13864619787975,6.136400170240513,6.069556144155987,0.0009578490945457202,-0.003759301064377052,-46.039613526093,49.130071337924676,4.963896748694359,0.6785733565183092
0.9354964790689606,-133.58969289247088,-247.22304892643757,-133.22517604655198,-242.58014083724157,4.776345565495072,5.810049637850445,0.001022477495937098,-0.0036635161549223305,-23.734430225583317,20.204343569116965,5.028593361362131,0.6785002432879148
0.9494591130849153,-133.39495617163556,-246.65024219409207,-132.52704434575423,-242.0216354766034,3.76418688350763,5.698246877182125,0.0005986847080405489,-0.003561268405328555,7.199253294295184,-9.389800009618945,5.308853342291052,0.6784044583784801
0.9634217471008699,-133.49258278131907,-245.39401568485607,-131.82891264495652,-241.4631301159652,6.343578815882092,5.61038702411152,1.1090700983394652e-05,-0.003501399934524585,20.12166654728264,-5.445769266795102,5.418359903005969,0.6783022106288912
0.9773843811168246,-133.374610021133,-244.9784713901269,-131.13078094415877,-240.904624755327,9.485646747087253,5.373801636115899,0.0003952191752424974,-0.0035002908644261588,-10.791360736116268,28.596971288956293,5.072744704413146,0.6782423421580623
0.9913470151327792,-132.2335214586077,-245.09349286681476,-130.43264924336103,-240.34611939468883,11.45465776561761,5.227777499970706,0.0015349312079811581,-0.0034607689469017267,4.812886528577103,7.9341892959027875,5.487605873929718,0.6782412330879839
1.0053096491487339,-129.6629485234202,-244.6931214432762,-129.7345175425633,-239.78761403405065,8.887660483656152,5.286657936429283,0.0028024107828219765,-0.003307275826103684,37.43832509256105,-45.93753270212298,5.864927174345764,0.6782017111704643
1.0192722831646885,-129.30244579015078,-245.10380304383685,-129.03638584176556,-239.22910867341244,0.7645091902089352,5.366518839645356,0.00280444040646487,-0.0030270347478214,28.900353801178973,-64.28228289917257,5.4998196646141455,0.6780482180496366
1.0332349171806432,-128.80626107395057,-244.8106712202864,-128.33825414096785,-238.6706033127743,4.202215815449117,5.684273314575131,0.0005038822587758486,-0.0027465907071748674,107.21253546792448,-89.0898328400044,6.5050537519760345,0.677767976971384
1.0471975511965979,-128.52109504837733,-245.10876184986444,-127.6401224401701,-238.11209795213608,4.348684514950236,5.995205048247036,0.00031807287425069937,-0.002696202481297316,99.96443087993372,-96.78166764805442,6.799320785341233,0.6774875329307326
1.0611601852125523,-127.8221288815844,-244.83330913211938,-126.94199073937239,-237.5535925914979,6.200509989009047,6.466422975573723,0.0004304390530832178,-0.002664395193872071,140.25930888081058,-128.8621270267107,7.718429434884062,0.6774371447048448
1.075122819228507,-126.33877075236511,-244.5585748231758,-126.24385903857466,-236.99508723085972,5.745146933484447,6.894675572695732,0.001273943268833361,-0.002621351288563556,128.44797700027524,-127.56514809119103,7.995539898639778,0.6774053374174196
1.0890854532444616,-125.49287613759446,-243.61936234009218,-125.54572733777692,-236.43658187022154,2.198278053567711,7.288634387789452,0.0017140570096659173,-0.0024939569616804214,116.20900043139379,-130.00665034831468,8.160618076179054,0.6773622935121013
1.1030480872604163,-124.9560377765648,-242.13689700090143,-124.84759563697918,-235.87807650958337,2.3818829068377267,7.472416054453184,0.0005133285664692014,-0.002322551260713901,81.90337264414713,-78.51560700857256,7.768133188489425,0.677234899185263
1.117010721276371,-124.79485655809849,-240.6638513003328,-124.14946393618146,-235.31957114894516,3.13387791252401,7.359763332212025,-0.0002326012875660293,-0.002271218404067188,20.593592015094327,-14.42313482661579,6.864873861313258,0.6770634934842517
1.1309733552923256,-124.74626760016513,-240.69348172699168,-123.45133223538372,-234.76106578830698,5.490922407633457,7.042077746265431,-0.0004745484260329372,-0.0022944785328236073,-20.257208359597808,34.17168545429756,6.053753745132688,0.6770121606276147
1.1449359893082802,-124.52411416314386,-239.2742275224464,-122.75320053458599,-234.2025604276688,7.9416741039275305,6.9544274958662005,0.00039769113443369913,-0.0023419333754270966,27.750047563871085,-13.034153343525604,6.790020297605865,0.677035420756396
1.1588986233242349,-123.20009425337099,-238.6422625147734,-122.05506883378825,-233.6440550670306,9.64202778083122,6.667902755807363,0.0017228823537333456,-0.002302164261983819,-16.99790839803999,28.57472651398737,6.147765993931106,0.6770828755989751
1.1728612573401895,-122.30336949211652,-238.65886848150322,-121.35693713299052,-233.0855497063924,6.329528067489299,6.4345996540076,0.0030179570614588145,-0.002129876026610411,-18.922026248714296,6.900461448729194,5.854424429885012,0.6770431064855318
1.1868238913561442,-121.29764310083245,-237.01745096533054,-120.65880543219279,-232.52704434575423,6.12677314162574,6.405180156555927,0.0025276345569119956,-0.0018280803204646645,30.68054999669438,-28.581437252227172,6.348531970380758,0.6768708182501482
1.2007865253720988,-121.08336477701197,-235.67011457456107,-119.96067373139505,-231.96853898511606,4.805023112681484,6.112668817382767,0.0020166175306550933,-0.0015753168647734128,-28.71394241242378,25.446920076792086,5.222930143010451,0.6765690225440224
1.2147491593880535,-120.26319978645913,-233.44355421851583,-119.26254203059733,-231.41003362447788,7.388288766955041,5.7061991102779785,0.0010968732705165893,-0.0013736551117080609,-45.75106349463643,60.739561032507886,4.63289166451393,0.6763162590883458
1.228711793404008,-119.01062243598484,-233.34210089829082,-118.5644103297996,-230.85152826383967,6.266791779262494,5.067111386796089,0.0011633964786198724,-0.0012639677846562059,-106.69559652910955,104.44054290097534,3.0991102219463618,0.676114597335256
1.2426744274199626,-117.78384034374939,-234.3684306744148,-117.86627862900187,-230.2930229032015,3.8988552707970925,4.652034633085699,0.0007260186826106632,-0.0011476281367941432,-65.33609879962408,56.78813241178379,3.256746746174513,0.6760049100082037
1.2566370614359172,-118.15430140884925,-234.34675460136145,-117.16814692820414,-229.7345175425633,1.9461140568221835,4.674693321944859,-5.816677450742663e-05,-0.0010750262685332856,27.047216526316895,-34.15972739762884,4.674636808939445,0.6758885703603417
1.270599695451872,-118.26952697910535,-234.20146114333483,-116.4700152274064,-229.17601218192513,7.370509742147952,4.829733171821731,-0.0009440414031876976,-0.0010808429459840951,72.94163483101654,-45.324343551333584,5.4381427996290705,0.6758159684920813
1.2845623294678266,-118.43231623811069,-233.95003470118195,-115.77188352660868,-228.61750682128695,9.882159986036406,5.058944171792774,0.00010028366292866872,-0.0011752470863028996,83.30419684610197,-68.50060322500804,6.1170882523073535,0.6758217851695565
1.2985249634837812,-118.0016364218225,-234.3513251642837,-115.07375182581094,-228.05900146064874,13.275622780227105,5.317638318550451,0.0015326537089624605,-0.001165218720009964,93.34510251522978,-73.82850269888921,6.781167123190038,0.6759161893098407
1.3124875974997359,-116.52893566099938,-233.99142370281615,-114.3756201250132,-227.50049610001057,13.641218406648587,5.776413644112026,0.003634277547078105,-0.0010119533491135257,131.00995944504103,-125.20468985503838,7.751248483477757,0.6759061609435575
1.3264502315156905,-114.17951286937881,-233.9055043960029,-113.67748842421547,-226.9419907393724,9.944919635142986,6.166536414060203,0.0052656719688582475,-0.0006485255944057577,109.39581503976108,-122.72850152554594,7.604291975604969,0.6757528955726859
1.3404128655316452,-113.62804863822282,-232.95041706006737,-112.97935672341774,-226.38348537873418,3.1352554782139075,6.581306233168507,0.005222043834729085,-0.00012195839752005,109.2865780710661,-138.01040137663804,7.617161208143123,0.6753894678179533
1.3543754995475998,-114.999955521878,-233.135733138388,-112.28122502262,-225.824980018096,5.49177368965356,6.778660115018241,0.0027705798016313854,0.0004002459859528962,86.14826032762761,-72.43005844829763,7.251605814620862,0.6748629006210676
1.3683381335635545,-114.07308139142482,-232.31133485452315,-111.58309332182228,-225.26647465745782,14.534883016436321,7.1379308604702345,0.002410043083623566,0.000677303966115872,138.07259076761545,-92.07118486921756,8.57905451281556,0.6743406962376048
1.382300767579509,-112.62219839325701,-232.44674075915307,-110.88496162102456,-224.70796929681964,11.386559238766898,7.326790701750726,0.005893246409235998,0.0009183082744783633,75.3688627457132,-85.5923304969924,8.244711970377683,0.6740636382574321
1.3962634015954636,-111.02240995094961,-231.71622453603348,-110.18682992022683,-224.14946393618146,8.560813813767851,7.6579756293022445,0.006805270082363757,0.001507632915402013,107.68611999869132,-116.91078329929212,8.647301444754381,0.6738226339490843
1.4102260356114182,-109.35040449924037,-231.08128853750375,-109.48869821942908,-223.59095857554325,5.1092077166257415,7.85107147303963,0.006237581336752687,0.002188159923638189,78.23475291171472,-90.87405159991395,8.268749518766716,0.673233309308146
1.424188669627373,-108.53711503464764,-230.55504964371198,-108.79056651863135,-223.03245321490508,1.45026897354618,7.971516759967265,0.004431172235241494,0.0028119180573136227,62.907113448886754,-77.11921042594152,8.068281639534192,0.6725527822999098
1.4381513036433275,-108.57912222742985,-229.92904389551362,-108.09243481783362,-222.4739478542669,1.8133064700667394,8.069335595317586,0.0017696279059415771,0.0032550352808375926,67.88217024172614,-63.60974973300932,8.093327290218673,0.6719290241662339
1.4521139376592822,-108.51247709126181,-229.76988534521192,-107.39430311703589,-221.91544249362872,5.197478620048529,8.123037729097394,0.00040486109352474054,0.0034319980714316856,66.05741572704824,-47.32583225812387,8.100716249360074,0.6714859069427099
1.4660765716752369,-107.99253876987765,-229.40314372199407,-106.69617141623816,-221.35693713299054,7.332890069596848,8.273911052320173,0.001249505599900897,0.0034724841807842743,84.51921732477659,-71.08931423689732,8.606780113761594,0.6713089441521407
1.4800392056911915,-107.50376916336533,-229.57809493402192,-105.99803971544043,-220.79843177235233,7.647231394696123,8.438483628101553,0.0027885853349759694,0.0035974347407745633,84.24392674938869,-79.04401364469496,8.832841797205377,0.6712684580427632
1.4940018397071462,-107.27737432929426,-228.91648483841837,-105.2999080146427,-220.23992641171415,8.49392185932127,8.767508522985176,0.003978740110630721,0.003876293274271969,121.89693334685666,-114.06724797304368,9.59470662990113,0.671143507482773
1.5079644737231008,-106.31289710463403,-227.41164768315718,-104.60177631384497,-219.68142105107597,10.512342903565429,8.978107899665225,0.005159916931268606,0.004274167285335029,101.28340065019258,-87.64431300810782,9.61484414312365,0.6708646489492907
1.5219271077390555,-104.77385409189165,-225.49764783026615,-103.90364461304722,-219.12291569043776,8.929804787234767,8.866281667433535,0.006786636213265312,0.0047901589784618,24.916671955412188,-27.979834998449864,8.631777083274782,0.6704667749382125
1.5358897417550101,-103.75900720369589,-224.17613081106603,-103.20551291224949,-218.56441032979959,5.514981915960277,8.423963420333711,0.006663223153534354,0.005468822599788314,-51.154120983629625,39.05725938239289,7.108408844012644,0.6699507832450959
1.5498523757709646,-103.62292983855087,-223.8321422362418,-102.50738121145177,-218.0059049691614,4.833352001985889,7.9035967845937325,0.0046845363871759835,0.006135144915141666,-64.303980368378,64.46783646940993,6.295891879993548,0.6692721196237592
1.5638150097869192,-103.56738784735748,-222.37329588018085,-101.80924951065404,-217.44739960852323,7.570482536065462,7.565331777721,0.0031825163765822027,0.006603598553859058,-20.226857186537966,36.39567849599374,6.637346966522584,0.6686057973084063
1.5777776438028739,-102.86346608006747,-221.9169692665734,-101.11111780985631,-216.88889424788505,9.964849917555041,7.085240824515317,0.003326070415101055,0.006921850191517365,-53.29147714188149,68.25072486311024,6.009319741988675,0.6681373436697133
1.5917402778188285,-102.17499649360109,-221.99216026076246,-100.41298610905858,-216.33038888724684,9.362393991467172,6.74905743314167,0.004238298465874675,0.007254457233027534,-32.05461006321938,33.0834123610706,6.100387891191203,0.6678190920319955
1.6057029118347832,-101.83079061045908,-221.2853005220479,-99.71485440826083,-215.7718835266087,9.50308229178427,6.65825886722061,0.004468783165670604,0.007678287079615043,20.47120837959002,-16.102970750422312,6.689106198104271,0.6674864849905449
1.6196655458507379,-101.11621223612343,-221.48731083863237,-99.0167227074631,-215.21337816597048,11.132208315346897,6.55071144022832,0.0045942957557217065,0.008125165396182243,19.91071953616153,-8.460567369023188,6.692325400106063,0.6670626551439325
1.6336281798666925,-99.65132758623328,-220.37419759668452,-98.31859100666537,-214.6548728053323,10.639564891163216,6.67321209906859,0.005340813923645441,0.008584594971754456,63.820294007343044,-62.18767842985487,7.383013884749214,0.6666157768273653
1.6475908138826472,-99.3220353576672,-218.56127741738888,-97.62045930586764,-214.09636744469412,7.2387508639318305,6.616416346105817,0.005558415618891868,0.009118676364118894,19.087054693485904,-31.345768317813512,6.5981495428214645,0.6661563472518179
1.6615534478986018,-97.81645667127319,-218.43944482204066,-96.92232760506991,-213.53786208405592,9.797836673752663,6.256480173919629,0.0041998102731794825,0.009674517926008264,-32.4964153707166,47.94164207060165,5.567162554573046,0.6656222658594286
1.6755160819145565,-96.75961610120368,-217.28005422914248,-96.22419590427218,-212.97935672341774,5.420143735763573,6.094955732520733,0.004292894711286927,0.010094498953326259,-8.281729512453438,-8.880366928361541,5.687517595124808,0.6650664242975397
1.6894787159305111,-95.90323720402401,-215.89292843333104,-95.52606420347445,-212.42085136277956,4.758655554387394,5.827892328723235,0.0026791654627957165,0.010523788424455116,-23.451984338695638,23.117392747006452,5.013332502523746,0.6646464432702461
1.7034413499464658,-96.63556892478833,-215.99205630281784,-94.82793250267672,-211.86234600214135,4.148450649121328,5.438204763374708,0.0013863672239843696,0.010791704970734894,-51.36044688723764,51.08220748148355,4.171555457542731,0.6642171537990675
1.7174039839624202,-95.33448763383869,-214.92838170734436,-94.12980080187899,-211.3038406415032,10.963376974658834,5.28141009756592,0.0004805157967838322,0.01093034169313345,13.95192412187773,20.873319895663474,5.315848001286767,0.6639492372528375
1.7313666179783749,-94.30696158522284,-214.6559615419038,-93.43166910108125,-210.745335280865,6.575131728846368,5.045108397038996,0.0019252454866952671,0.010978393272811804,-30.093180114388833,12.856005650606452,4.595497337034039,0.6638106005304145
1.7453292519943295,-93.17408124704379,-214.71534897521315,-92.73353740028352,-210.1868299202268,6.0498480621693815,4.932058178964799,0.001408871772959093,0.011170917821481385,3.868820031259273,-3.6024968751225246,4.738016580556156,0.6637625489507357
1.7592918860102842,-93.02057369048572,-214.77084851341453,-92.03540569948579,-209.62832455958863,4.164907977032318,4.998461674086318,0.001023941191955183,0.011311804998777486,38.45967102540838,-44.78416671449196,5.212907001641829,0.663570024402091
1.7732545200262388,-93.58885696465566,-213.5243133607844,-91.33727399868806,-209.06981919895043,7.1610904014327,5.207651288398875,0.0003730779853656093,0.011414199117973034,80.9334712779432,-64.37520308638389,5.944344631394212,0.6634291372247452
1.7872171540421935,-93.03107972991009,-213.9837621242174,-90.63914229789033,-208.51131383831228,12.349404287911366,5.186618845137647,0.000812576536945192,0.011451506916509757,38.14268080466818,-10.554944324816512,5.8164405634061245,0.6633267431055896
1.8011797880581482,-90.83322430115929,-213.3582341181412,-89.94101059709259,-207.95280847767407,11.794179211817378,5.438937737257367,0.0027352114563519124,0.011532764570204357,83.5875915412714,-82.3641381897947,6.776498294277503,0.6632894353070382
1.8151424220741028,-90.36022204622856,-211.58148114794707,-89.24287889629485,-207.3943031170359,4.953625219624313,5.608366183355652,0.003793226091431055,0.011806285715839415,52.338460211658074,-81.04760750044204,6.172331123061899,0.6632081776533436
1.8291050560900575,-89.95494824238737,-209.69595512307092,-88.54474719549712,-206.8357977563977,7.5948921457936525,5.426754054280944,0.002136698139489859,0.0121856083249825,-0.12630792258887757,15.292455019675256,5.081088445054444,0.662934656507733
1.8430676901060121,-89.93386048955398,-208.5408056782373,-87.84661549469939,-206.2772923957595,8.323670470468278,4.986955975947532,0.0018092926483258853,0.012399278138931269,-61.0304719568976,67.54320854610425,4.016506170551947,0.662555333898565
1.8570303241219668,-88.7555887530277,-207.5855399321123,-87.14848379390166,-205.71878703512132,11.286168753409896,4.508636887037689,0.0016115137412673099,0.012580207403763755,-66.49051501435603,83.6516323489025,3.9651119226040907,0.6623416640846265
1.8709929581379212,-88.0140096613187,-207.92675162815786,-86.45035209310394,-205.16028167448314,8.33916837536959,4.067763720659704,0.002045252351822103,0.012741358777890621,-75.00503122884344,64.4891991471136,3.346041493235682,0.6621607348197838
1.8849555921538759,-86.74909292505917,-207.89610774187256,-85.75222039230621,-204.60177631384497,8.827720033874005,3.910578667639708,0.0014807463812353703,0.012945884013072728,-8.693927908488089,13.864340097425414,4.021337033650642,0.6619995834456471
1.8989182261698305,-85.7951740065961,-206.79794632178275,-85.05408869150847,-204.0432709532068,6.093407310256232,3.9121630271741865,0.001279634300959068,0.013093958651196225,16.85823397111375,-26.963708986899416,4.209203092255251,0.6617950582104997
1.9128808601857852,-84.87486672017363,-205.3763724864517,-84.35595699071074,-203.48476559256858,5.510275626154522,3.791533218414625,0.000490040123814626,0.013221922081291915,-4.53458499247637,4.156346461382146,3.6122724375730697,0.6616469835723517
1.9268434942017398,-84.44014025134756,-205.24966230651074,-83.657825289913,-202.9262602319304,4.55881502390314,3.5260639695159073,-0.0002097263256006425,0.013270926093673197,-37.31767398727198,35.050651338453065,2.7357338874105066,0.661519020142256
1.9408061282176945,-84.10261431362363,-205.68890082699951,-82.95969358911528,-202.36775487129222,6.028358606026477,3.3965095026286325,-0.000809955258835389,0.01324995346111324,-4.021467254489146,13.027185883429386,3.2399248116094466,0.6614700161298748
1.9547687622336491,-84.31072165924144,-204.67412331947912,-82.26156188831754,-201.80924951065404,7.430887389889469,3.5219257040233236,-0.0007613780540357226,0.013168957935229653,49.95071072786411,-41.024740023048466,4.2943181495025025,0.6614909887624343
1.9687313962496038,-84.34797837314613,-203.55572106225065,-81.56343018751981,-201.25074415001586,11.299470504764908,3.5096714194760263,-0.00048524476092458307,0.013092820129826155,27.09668949608676,-6.15309199708276,4.389434515801475,0.6615719842883427
1.9826940302655585,-83.7800150560538,-203.56818414891268,-80.86529848672208,-200.69223878937765,13.808341026097771,3.3657085952136065,0.00036432015617503564,0.013044295653733773,-4.132618626794002,19.31972903787215,4.5087237571579575,0.6616481220937116
1.9966566642815131,-82.01300591568186,-203.01794821445242,-80.16716678592434,-200.13373342873948,13.854945808798927,3.39179016392415,0.0013283219277795803,0.013080727669351422,25.982354126859345,-22.07908735808108,4.984789300690219,0.6616966465698138
2.0106192982974678,-80.21476476502616,-202.29476765636207,-79.4690350851266,-199.5752280681013,8.866106392034375,3.413740256908644,0.0019049295739256194,0.013213559862129465,13.323510796173245,-33.353350089494015,4.28066695653935,0.661660214554221
2.0245819323134224,-80.57259437590577,-202.2094840287309,-78.77090338432888,-199.0167227074631,4.888418994457188,3.3936422326961346,0.0012601384085981705,0.013404052819522061,6.390431570685503,-22.52545372753689,3.5819428211057738,0.6615273823614185
2.038544566329377,-80.7935825159641,-202.55781908348857,-78.07277168353114,-198.4582173468249,10.751081345536168,3.48920804855246,0.00018031835427840875,0.013530066660381923,54.12351431746909,-24.19765166148715,4.507894764975019,0.6613368894040255
2.0525072003453317,-78.66184020738058,-202.0945743750522,-77.37463998273341,-197.89971198618673,13.710809656234142,3.7969985303747387,0.0008736395452840869,0.013548098495809846,93.85403940127425,-76.62933448908906,5.778159722218454,0.6612108755631656
2.0664698343612864,-77.00651951863996,-201.4766923102892,-76.67650828193568,-197.34120662554855,6.3543778929025025,4.049094023781085,0.00206826117453604,0.01363546245033831,59.44753586163035,-90.66280213698609,5.151315154037076,0.6611928437277381
2.080432468377241,-75.92114446341377,-201.44996304273013,-75.97837658113795,-196.78270126491037,3.61019747745014,4.22485338559232,0.0012142253742150996,0.013842288567791794,54.85633695927441,-65.43026880838623,4.80527104688506,0.6611054797732341
2.0943951023931957,-74.80222968720209,-200.50172768696783,-75.28024488034022,-196.22419590427216,2.484995595214299,4.496626723886875,0.00018889661557365328,0.013963711105213328,80.05617192208628,-83.39232381861312,5.264921125807207,0.6608986536557557
2.1083577364091504,-74.75598206270098,-200.1551320665871,-74.58211317954249,-195.66569054363399,0.7728379675793611,4.604569586829635,-0.000714292908752794,0.013982600766770492,44.88434321329477,-51.1516906116031,4.841043950290969,0.6607772311183444
2.1223203704251046,-74.03449231682109,-199.22513628335273,-73.88398147874477,-195.1071851829958,4.221579620952184,4.739312876075368,-0.0016447512064839596,0.013911171475895046,63.33686896608558,-45.34893987433168,5.122709513331692,0.660758341456777
2.1362830044410592,-73.88014330977951,-198.3919747612323,-73.18584977794704,-194.54867982235763,3.2865029451600036,4.749458277666466,-0.0013080595169599127,0.013746696355246613,27.19761522255742,-29.388661987829103,4.752834858310289,0.6608297707476529
2.150245638457014,-74.4432113081334,-198.1167612883293,-72.48771807714931,-193.99017446171945,6.0134585234561655,4.689430746868423,-0.0014051483339873958,0.013615890403550601,20.819191241016213,-5.764457248468588,4.616783935301351,0.6609942458683258
2.1642082724729685,-74.58908073107278,-197.6754452260132,-71.78958637635158,-193.43166910108124,11.268966788471534,4.710743890710511,-0.0007007554082674452,0.013475375570151993,44.20537064603006,-16.637461713545658,5.384404710047968,0.6611250518199623
2.178170906488923,-73.46646796600731,-196.56728760525817,-71.09145467555383,-192.8731637404431,13.980067085498217,4.755992033812338,0.0011276482076388815,0.013405300029325051,43.93950576649911,-27.498284711831758,5.94098438736331,0.6612655666534204
2.192133540504878,-71.80849632728123,-196.4000424901941,-70.3933229747561,-192.31465837980488,11.367511634470816,4.652450709168146,0.002848006905885067,0.013518064850088773,-0.08301714701675864,-8.28427104254702,5.246815745424254,0.6613356421942225
2.2060961745208325,-70.55081313332103,-196.28382666893322,-69.69519127395837,-191.7561530191667,7.502670658754425,4.672271336224206,0.0031226938579644262,0.013802865540677445,22.68508901824213,-37.51612047609829,5.102133638735761,0.6612228773734588
2.220058808536787,-69.41799317118138,-195.73003630526722,-68.99705957316064,-191.19764765852852,5.810672264280878,4.799321841420057,0.0023264693385868147,0.014115134926473871,50.660664806001556,-55.865080919225896,5.318210888220993,0.660938076682895
2.234021442552742,-69.12454045579011,-195.54756931843403,-68.29892787236291,-190.63914229789032,4.194416725422995,4.897538000910116,0.0014516069992829678,0.014347781860332365,45.18719941357297,-50.31118196733912,5.212437907291149,0.6606258072970741
2.2479840765686965,-69.05661493065303,-195.37093335012656,-67.60079617156518,-190.08063693725214,6.4793426947973956,5.0685664395715415,0.0005782077859596617,0.01449294256026068,70.48316822358547,-57.32716187417263,5.67531023857932,0.6603931603632152
2.261946710584651,-68.90575053305072,-194.30454926882544,-66.90266447076745,-189.52213157661396,8.900391082911757,5.29834770593301,0.0008146202558571484,0.014550763338856854,84.58698864677761,-70.31992502306835,6.232815156049912,0.6602479996633117
2.275909344600606,-67.93443760131959,-194.7352896272009,-66.20453276996972,-188.96362621597575,10.872720805756185,5.337158962848344,0.0016591689764551875,0.01463222536444242,44.05895648147288,-31.422881790614895,5.985151331423926,0.660190178884656
2.2898719786165604,-66.59269827561407,-193.4024442635413,-65.50640106917197,-188.4051208553376,9.154591854272027,5.62927770396775,0.00289981857308705,0.014798142262087755,90.14984460795993,-94.69219561703272,6.7798523643009165,0.66010871685913
2.303834612632515,-66.52549809663448,-192.80850015486772,-64.80826936837424,-187.8466154946994,6.5644150706726005,5.643167495113648,0.0030864340723589026,0.015088124119396529,29.898047244743285,-38.83238246589576,5.835359443400594,0.6599427999614598
2.3177972466484698,-67.00723307817593,-191.46323314053643,-64.11013766757651,-187.2881101340612,10.1097460681323,5.6427447625470695,0.002361928760396182,0.015396767526632438,41.263886128036155,-21.492785779605093,6.02566776250393,0.659652818104151
2.3317598806644244,-66.72094731608033,-190.55147704064703,-63.41200596677878,-186.72960477342303,14.785941077303224,5.437687713437572,0.0029710914237247622,0.015632960402672147,0.27945056806196195,25.522915402130124,5.944148004589534,0.65934417469694
2.345722514680379,-65.45043411440957,-191.0383734833709,-62.71387426598105,-186.17109941278483,15.628432089608404,5.191643020119685,0.004618697257644506,0.015930069545044834,-18.36933662409621,26.749388637794986,5.936694584658,0.6591079818208758
2.3596851486963337,-63.55045707109784,-189.69594324241126,-62.01574256518332,-185.61259405214665,12.741604652391572,5.276526742780483,0.005780193581784512,0.016391939270809175,42.58977359948084,-51.852847201154354,6.421540973522036,0.6588108726785027
2.3736477827122884,-62.684997400396895,-189.23312533238004,-61.317610864385586,-185.05408869150847,7.8354144926580815,5.144463005158338,0.005532004166586896,0.016969958628987758,-8.536581134487516,-10.841227266455808,5.150962614363092,0.6583490029527632
2.387610416728243,-61.887591683945885,-188.31754323103755,-60.619479163587854,-184.49558333087026,8.192637006294834,5.0677110900706195,0.0038903910369652594,0.017523159045646608,14.633611676492157,-9.915143795410124,5.168236624097238,0.6577709835945251
2.4015730507441977,-60.96305329971409,-187.39693191882017,-59.92134746279011,-183.9370779702321,7.643839931992868,4.9233318651190805,0.0029850880925521516,0.017912198149343084,-2.541393274093739,2.9985163427867874,4.801519784229961,0.6572177831779258
2.4155356847601523,-60.76089242667076,-187.11655741760512,-59.22321576199238,-183.3785726095939,6.699004870088505,4.7295480231395866,0.002219049413248149,0.018210706958598166,-15.027880855097985,13.465109796472337,4.378840736509033,0.6568287440742049
2.429498318776107,-60.47771326856626,-187.33347966032395,-58.52508406119465,-182.82006724895572,9.24023322444463,4.643128256157158,0.0015018731230517436,0.018432611899922957,15.079944861815237,-0.2855572884182512,4.843414788806952,0.6565302352649693
2.443460952792061,-60.78163815534668,-186.7106020675489,-57.826952360396945,-182.26156188831754,10.624117571678672,4.770715636214819,0.0018489462551684558,0.018582799212228274,58.00190827780481,-48.26456495861408,5.7228387429904926,0.6563083303236148
2.457423586808016,-58.93606722975718,-185.69676865599573,-57.1288206595992,-181.70305652767937,14.968972758671054,4.848873174819291,0.0024628737832717166,0.018767693837745014,55.307019045242214,-31.201618193132884,6.1982729845583755,0.6561581430113197
2.4713862208239705,-56.77102803522855,-185.27481300166423,-56.43068895880147,-181.1445511670412,8.614397954951233,4.795063897379139,0.003983814131913411,0.019013981216072118,2.3971256846416993,-28.356497282769634,5.196114350870331,0.6559732483858274
2.485348854839925,-55.78916888956431,-184.22492295232723,-55.73255725800374,-180.58604580640298,3.2591427255234606,4.792513367141884,0.003101501177233298,0.01941236262926349,14.96311327148953,-37.35439150205137,4.802391005166899,0.6557269610074759
2.49931148885588,-55.33071374877918,-183.40356404066824,-55.034425557206006,-180.0275404457648,3.1517246155885177,4.674850924616088,0.0010755725651066758,0.019722512746986887,2.161091465004016,-0.5811723446367941,4.264698981655758,0.6553285795942845
2.5132741228718345,-55.14497557449999,-182.52072134512724,-54.336293856408275,-179.46903508512662,4.273566933171554,4.5230515971495135,-0.00014950414640329526,0.019830070003497458,-3.0404671095456037,10.417872480890438,4.05824950247498,0.6550184294765611
2.527236756887789,-55.02065613195686,-181.5336896280311,-53.638162155610544,-178.91052972448844,6.374055216902898,4.330098377200739,-0.0006114959108811584,0.019815119588856955,-10.390500098375712,22.591478091565605,3.9120289131186015,0.6549108722200501
2.541199390903744,-54.64995672820233,-179.84730196682176,-52.94003045481281,-178.35202436385026,8.527786860247922,4.081801644070395,-0.00043862593611460114,0.019753969997768905,-23.10002047408018,35.89370243210251,3.8015782330087764,0.6549258226347154
2.5551620249196985,-53.17223943625595,-179.38792931707303,-52.24189875401508,-177.79351900321205,9.466315198034474,3.654222496825222,-3.45185307433343e-05,0.019710107404157462,-65.73625601338131,73.08609961033879,3.1649277509384435,0.6549869722257791
2.569124658935653,-52.684877415861216,-179.70380510370458,-51.54376705321735,-177.23501364257388,5.617153630407829,3.353982066098071,0.00024817824985522824,0.019706655551082974,-52.13442914589082,36.78190130992706,2.69943849787758,0.6550308348193803
2.5830872929516078,-52.28906944425892,-179.71952420657982,-50.845635352419606,-176.6765082819357,7.556004161399609,3.287809605223031,-0.00035920422173118605,0.019731473376068287,9.834369787107317,1.555521789416042,3.5422221013122464,0.6550342866724996
2.5970499269675624,-51.69116561245803,-179.87214294177082,-50.14750365162189,-176.1180029212975,8.567367858713496,3.3678318909447547,-0.0002835228718713765,0.019695552953895135,38.801878086796364,-31.4817097758891,4.190138376299138,0.6550094688474695
2.611012560983517,-51.17025594166087,-180.34826596412094,-49.449371950824144,-175.5594975606593,8.856054628018573,3.605799892364484,7.679782616137431e-05,0.019667200666707796,71.57560410496941,-67.48608165485356,4.860509130180119,0.6550453892696426
2.6249751949994717,-49.59747908852017,-180.40870512221488,-48.7512402500264,-175.00099220002113,9.682512575398512,4.060296932847904,0.0005814158816421989,0.01967488044932386,120.794178565226,-114.03510299918212,5.868984036833287,0.6550737415568499
2.6389378290154264,-47.6512530287107,-180.49237913207813,-48.05310854922868,-174.44248683938295,5.458167698453216,4.570331912387845,0.0013257901382426542,0.01973302203748828,123.4483816751564,-140.44499282298952,6.162859803778557,0.6550660617742139
2.652900463031381,-46.64492352270792,-180.24583676095563,-47.35497684843094,-173.88398147874477,0.6979506679889766,5.133936803819896,0.0009711083101703077,0.01986560105131252,136.28384719916573,-156.4811651691764,6.6150358366061,0.6550079201860943
2.6668630970473357,-45.62816152128022,-179.71511950405224,-46.65684514763322,-173.32547611810656,0.4280470366997535,5.643590550029009,-0.00046613338372683056,0.019962711882329565,138.1790159041088,-137.75869498610157,6.92037091146386,0.6548753411722252
2.6808257310632904,-45.20712002117643,-179.4591505007077,-45.958713446835475,-172.76697075746839,-0.9710624392597023,6.032902343997809,-0.0014108108248794846,0.019916098543956817,112.49664680087659,-117.36987884309643,6.95600715785594,0.6547782303412282
2.694788365079245,-46.38196017804036,-178.78065856815581,-45.26058174603776,-172.2084653968302,0.6783585658112612,6.405218977518635,-0.002422621976831457,0.019775017461468813,118.17379789059729,-108.71036161064183,7.250882196782404,0.6548248436796058
2.7087509990951997,-46.77303260915456,-179.06433589316728,-44.56245004524001,-171.649960036192,8.968485468490911,6.641820978755925,-0.002489718590456946,0.019532755263785617,107.06732215535543,-65.62573572537458,7.359176494494071,0.6549659247620889
2.7227136331111543,-45.720832284722285,-177.82064661483557,-43.864318344442296,-171.09145467555382,12.096452120636865,7.050263064668464,0.0007081449889652139,0.019283783404739907,133.8406329480109,-115.36121220778685,8.48689893800522,0.6552081869597521
2.736676267127109,-44.48796001137809,-176.69924595457533,-43.16618664364455,-170.53294931491564,9.684716881329042,7.160475840034616,0.0038297639008936985,0.01935459790363625,59.40899665594751,-66.5990703799869,7.722483168433432,0.6554571588187978
2.7506389011430636,-43.410290385682124,-175.73052184303455,-42.468054942846805,-169.97444395427746,7.7608606218798695,7.091894041967244,0.004604432735928156,0.01973757429372558,22.727235730480643,-28.015907484328846,7.021607966063659,0.6553863443199415
2.764601535159018,-42.735222636555875,-174.96944315575195,-41.76992324204912,-169.41593859363928,6.4409732909078565,6.934949669254189,0.004182624874052499,0.020198017567318427,4.6439863961471755,-7.431846398613322,6.5241678380812695,0.6550033679298122
2.7785641691749725,-42.119550435841504,-174.0668178802554,-41.07179154125137,-168.8574332330011,6.85091699586094,6.765066927835808,0.003343729033229251,0.020616280054723823,4.926648728286392,0.23047728050942867,6.33432461313996,0.6545429246562393
2.792526803190927,-42.299115700925235,-174.117713633999,-40.373659840453655,-168.29892787236292,7.1292674538957845,6.549768558305461,0.002933394483055785,0.020950652958046767,-6.130282302725682,10.695246599849753,6.026332974057241,0.6541246621688388
2.806489437206882,-40.54453879054684,-172.36777869288022,-39.67552813965591,-167.74042251172472,11.171527008905663,6.541219022574551,0.0028317516359122933,0.02124399240635233,45.99471998444626,-23.531456791230006,6.895872225461067,0.653790289265491
2.8204520712228365,-40.337705765165204,-172.9178816722314,-38.977396438858165,-167.18191715108654,5.285839288931289,6.2390121659820705,0.004108107680771522,0.02152716756994355,-40.38206930611436,16.372652525264726,5.417480510450506,0.6534969498172054
2.834414705238791,-39.80850951668471,-172.2212319645795,-38.27926473806045,-166.62341179044836,8.968209708434577,6.289034802652323,0.0027499015040779833,0.02193797833802069,55.81030444641746,-35.47546613209783,6.62250183501235,0.6532137746536191
2.848377339254746,-38.45227312114516,-171.26361204258558,-37.5811330372627,-166.06490642981015,8.908383039999629,6.289343502985288,0.003279659301539335,0.022212968488428686,36.79375861221276,-33.5649832217631,6.5468733049552235,0.6528029638855122
2.8623399732707004,-36.341403547882855,-171.70045185669787,-36.883001336464986,-165.506401069172,5.849763133849128,6.189432489392911,0.0035042204208637633,0.022540934418582736,8.154805157146646,-19.19880015342766,5.9672516392881425,0.6525279737351339
2.876302607286655,-35.691547038847794,-170.33316000083593,-36.18486963566724,-164.9478957085338,0.04919047765213147,6.383042149994702,0.0026687659574677345,0.022891356460668977,63.843195966334356,-88.51529418149775,6.754370244499628,0.652200007804975
2.8902652413026098,-36.06584651646873,-169.52154483201548,-35.486737934869524,-164.3893903478956,1.57965761099946,6.314806011677613,1.0778835692336862e-05,0.023158233056415956,25.56887246330982,-16.39620799294901,5.947297239611171,0.6518495857628688
2.9042278753185644,-35.51460561431099,-168.24194719660585,-34.78860623407178,-163.83088498725743,6.201016233175698,6.193530929357984,-0.0009850853671033227,0.023159310939985023,21.139171240293464,2.9982206348326423,5.832233895148504,0.6515827091671467
2.918190509334519,-34.63516817851911,-166.32154015378913,-34.09047453327403,-163.27237962661923,5.754133147389279,5.924248711814657,-2.1910714148541503e-05,0.023060802403274572,-23.034513331542517,23.89060108886289,5.1695987434846655,0.6515816312835727
2.9321531433504737,-34.25700264001046,-165.28662975340214,-33.39234283247632,-162.71387426598105,4.884880054731989,5.4218808906522495,0.0001473324508058595,0.023058611331859602,-75.66659012482066,74.36449725476209,3.815739508774212,0.6516801398202632
2.9461157773664284,-34.04972313933983,-166.1146422205674,-32.69421113167857,-162.15536890534287,6.518643810326323,4.932333700161401,-0.0001883969436900751,0.02307334457693999,-69.9416973872547,80.25852568763854,3.4995873752634217,0.651682330891723
2.960078411382383,-32.62826645428497,-165.31760529343407,-31.996079430880854,-161.59686354470466,8.550640233019262,4.850286499761823,0.0001626513089543206,0.023054504882570992,15.848161371337042,-3.4575886836239014,4.9626380731797415,0.6516675976465729
2.9740410453983377,-31.479752605620348,-164.29091948789952,-31.29794773008311,-161.0383581840665,4.690773940267024,4.734755172618791,0.0008721254322748015,0.02307077001346647,-5.626164006411165,-9.649550253087414,4.48126139953838,0.6516864373410116
2.9880036794142923,-30.535700912427583,-163.63357799155756,-30.599816029285392,-160.4798528234283,3.435707471105988,4.542207444915326,0.0001373611178658255,0.0231579825566941,-16.967804334556845,13.339672653208874,3.91133193419017,0.6516701722100713
3.001966313430247,-29.981040499536853,-163.45285960844132,-29.901684328487647,-159.92134746279012,2.565618329033798,4.372560640555935,-0.0006463124995159646,0.02317171866848078,-12.399401753642366,10.323267100664964,3.765983606897913,0.6515829596668636
3.0159289474462017,-30.160375646873,-162.99081041368993,-29.20355262768993,-159.36284210215194,3.47516121238504,4.325210884842511,-0.00127608578336425,0.023107087418529293,17.004452823429418,-10.819390334679545,4.163259611485042,0.6515692235550818
3.0298915814621563,-30.25579051599808,-163.05820327189983,-28.505420926892185,-158.80433674151374,7.361080121329165,4.307545280927145,-0.001402373418201885,0.02297947884019269,30.237697488166084,-9.741628422263876,4.501714888018918,0.6516338548050085
3.043854215478111,-29.30575060515939,-162.56551024214016,-27.80728922609444,-158.24583138087556,10.213583276010189,4.447560983825133,-0.00043921707613248464,0.022839241498372687,61.90510378402444,-45.611526884958415,5.399451989246714,0.651761463383365
3.0578168494940656,-28.29617281912072,-163.4175142082846,-27.109157525296723,-157.68732602023738,8.378082237011649,4.570945253672087,0.0008813165613720266,0.02279531979075955,48.305652162872484,-53.746982289271564,5.349925463155709,0.6519017007251899
3.0717794835100203,-27.31632038837883,-163.06409903951823,-26.411025824498978,-157.12882065959917,7.453702319183341,5.0407696818330505,0.0014238491331805617,0.022883451446896963,125.5087274985173,-126.92537845924734,6.565169132673502,0.6519456224327733
3.085742117525975,-27.34712780210551,-162.8971765820629,-25.71289412370126,-156.57031529896102,6.378850691617252,5.4488796800221015,0.0016642411369296975,0.023025836360214935,114.55511476882828,-116.74143227380682,6.688811782026984,0.6518574907766608
3.099704751541929,-26.611014035529745,-162.78898701279817,-25.014762422903544,-156.01180993832284,10.04818725946771,5.8600636336214595,0.001649018350056247,0.0231922604739081,128.77297698435945,-108.49395864036276,7.269676889713073,0.6517151058633228
3.113667385557884,-25.47994870326804,-162.90162620082623,-24.3166307221058,-155.45330457768466,9.037643088537836,6.291005001685536,0.003027766474153348,0.023357162308913715,124.60790641445419,-125.80737142383089,7.686119409542838,0.6515486817496745
3.1276300195738385,-25.861982292324925,-162.1206853161898,-23.618499021308082,-154.89479921704645,7.299240354436835,6.800240044047453,0.0037480421776416428,0.023659938956329007,142.16737881426926,-146.90838724061933,8.220357246899477,0.651383779914624
3.141592653589793,-25.179667720453267,-160.76786332741173,-22.920367320510337,-154.33629385640828,12.742280347899145,7.108641072157976,0.0036435826447839756,0.024034743174093265,118.9229335904853,-89.70482068331796,8.321649418325862,0.6510810032672287
3.1555552876057478,-24.353895008900935,-159.74642234426216,-22.22223561971262,-153.7777884957701,11.559046785102291,7.1167045055209455,0.005746472112422511,0.024399101438571602,40.92633596947004,-42.14262022665334,7.589963819573916,0.6507061990494694
3.1695179216217024,-22.646861553791087,-158.9600944481455,-21.524103918914875,-153.2192831351319,11.249739990817092,6.9988326574708575,0.0064015947878026495,0.02497374864981383,15.990121705779435,-13.267458402367682,7.114159392952213,0.6503418407849861
3.183480555637657,-20.651434929288616,-157.43700114509318,-20.82597221811716,-152.6607777744937,6.62568382519667,6.857579886160379,0.006559607543284465,0.025613908128593987,0.028117189043216584,-17.911951377824174,6.557211947750238,0.6497671935737239
3.1974431896536117,-19.448447903230505,-157.0251330915895,-20.127840517319413,-152.10227241385553,1.605863716221637,6.520516024008565,0.0046467804063533725,0.026269868882922598,-44.21505387840334,23.563401863743977,5.360362090767545,0.6491270340949438
3.2114058236695664,-18.75678965263504,-155.91240713544224,-19.429708816521668,-151.54376705321735,0.4050195238280132,6.30374651775795,0.001633440033228276,0.02673454692355781,-11.798765113683968,8.302537794003715,5.481398069834955,0.6484710733406351
3.225368457685521,-17.57424033653766,-155.21637078161538,-18.73157711572395,-150.98526169257917,0.6459052205377622,6.007236292358632,-0.0005804336983129869,0.026897890926880663,-27.015621428592205,30.101229700194487,4.927209949570218,0.6480063953000048
3.2393310917014757,-17.06250964105103,-155.0625927342663,-18.033445414926206,-150.42675633194096,-1.6910017041643703,5.751869648442617,-0.0017474745576023915,0.026839847557049268,-26.110370866056027,16.90753390125788,4.811577275753534,0.6478430512966771
3.2532937257174304,-17.117765312419728,-154.21793623606155,-17.33531371412849,-149.86825097130279,-0.2283840713440477,5.652897193044313,-0.003101479749241184,0.026665100101288974,14.771048688588197,-6.398481313920374,5.201500592401639,0.6479010946664885
3.267256359733385,-17.409405698641617,-154.16262549339592,-16.637182013330744,-149.3097456106646,2.8974617757885563,5.503608131261083,-0.003423155633407112,0.02635495212636485,7.411380638353023,9.116278429069913,4.931662551574029,0.6480758421222936
3.2812189937493397,-16.92354241416039,-154.1741887975999,-15.939050312533027,-148.7512402500264,6.845961872686625,5.50857775453386,-0.002543327676691953,0.026012636563024216,41.915186151190845,-20.935443899917853,5.607587289879309,0.6483859900971729
3.2951816277652943,-16.115799233954164,-154.16641795748188,-15.240918611735282,-148.19273488938822,6.967506601366542,5.659407895719363,-0.000724378232807953,0.02575830379535482,64.58684373999408,-61.07777208217882,6.213615188965943,0.6487283056605135
3.309144261781249,-15.313050496529824,-153.80810006978948,-14.542786910937537,-147.63422952875004,6.465740600711527,5.9204985996037385,0.0004732285797411414,0.02568586597207423,87.76612042685835,-87.16227824585529,6.718917579254886,0.6489826384282029
3.3231068957972036,-16.520066114559018,-152.5598550887991,-13.84465521013982,-147.07572416811186,6.108122547510942,6.170068286262179,0.001087390371815958,0.02573318883004827,87.15840592493268,-85.89723713906294,6.890650912546786,0.6490550762514635
3.3370695298131583,-16.249112827760523,-151.63108626294724,-13.146523509342074,-146.51721880747368,15.00611053744979,6.162328289478222,0.0012634960244638704,0.02584192786722994,55.331362019782965,-10.056937329868216,6.920566663041714,0.6490077533935343
3.351032163829113,-15.162497944815483,-150.29784693835433,-12.448391808544358,-145.95871344683547,14.919663393317308,6.056384131965668,0.004420629309494481,0.025968277469676337,13.653535822580738,-9.4695794409644,6.827978736849964,0.6488990143563078
3.3649947978450676,-12.765925332564516,-150.71321869819386,-11.750260107746612,-145.4002080861973,13.109880220774727,5.781668227641619,0.006003065252441016,0.02641034040062573,-27.169379753682616,23.11263380061272,5.969106581632001,0.6487726647538814
3.3789574318610223,-11.788816092749451,-149.71530323838084,-11.052128406948896,-144.84170272555912,5.633758276018838,5.83402231602214,0.006255928454785834,0.027010646925869963,27.941574015077858,-59.34852564694849,6.116518594687212,0.6483306018229369
3.392920065876977,-11.48605913589364,-148.56194410556856,-10.35399670615115,-144.2831973649209,6.065515429610308,5.761940418974092,0.0038928297057940027,0.02763623977134877,19.64068741886623,-14.802085619345169,5.618405547184737,0.6477302952976878
3.4068826998929316,-11.06187038401553,-148.28276419183143,-9.655865005353434,-143.72469200428273,7.771458435481841,5.558134590758886,0.002590406868450572,0.028025522741928377,-6.121654368108051,17.08236179384509,5.171906654886375,0.6471047024521841
3.420845333908886,-10.804379482565151,-148.15454884448175,-8.957733304555717,-143.16618664364458,8.676637021204535,5.469855581511723,0.002378425712361407,0.028284563428773613,15.705922965314441,-8.289370876237014,5.532337539934405,0.6467154194816342
3.4348079679248404,-10.832525614465329,-147.0963570540457,-8.259601603757972,-142.60768128300637,10.555563210211004,5.51019190445906,0.0025704799250283747,0.02852240600000977,45.21376737631544,-33.021382954102876,6.102756278683772,0.6464563787947841
3.448770601940795,-11.096944173492316,-145.7345359767617,-7.561469902960255,-142.0491759223682,13.474121150135467,5.407425480659221,0.003208479953162989,0.028779453992512583,17.35887371547887,0.1336955431881833,6.014469456546564,0.646218536223528
3.4627332359567498,-10.583096704050375,-144.43670060267505,-6.86333820216251,-141.49067056173,17.244008650364496,5.1182786923283885,0.004301062637935653,0.02910030198782909,-20.952489869966936,43.005301261039314,5.994481894324262,0.6459614882310452
3.4766958699727044,-9.04092811791331,-144.59795550370558,-6.165206501364793,-140.93216520109183,17.194439355701128,4.715285463784935,0.005730229848207261,0.029530408251622564,-55.76684164373319,60.27656872801161,5.639106509362565,0.6456406402357335
3.490658503988659,-7.842099898593595,-143.8444990214546,-5.4670748005670475,-140.37365984045363,13.279954962531338,4.596895205891253,0.006289323536187354,0.030103431236443434,-6.08417473007637,-7.897203650106805,5.533272213119117,0.6452105339719152
3.5046211380046137,-7.4790198193361865,-142.9050010474857,-4.768943099769302,-139.81515447981545,11.838586825077119,4.463012933661862,0.0054596746895356095,0.03073236359006204,-4.550019827107072,1.5802152440494859,5.06753491802446,0.6446375109871143
3.5185837720205684,-6.229422678947498,-143.25606044372898,-4.0708113989715855,-139.25664911917727,13.704092734095433,4.265517204638082,0.004483227811515577,0.031278331059015674,-11.30138514726458,23.760524401686947,4.992630211565453,0.6440085786334757
3.532546406036523,-4.9575990270460135,-143.08748149383536,-3.3726796981738403,-138.6981437585391,10.777364341484056,4.342871646246922,0.004396828700126523,0.03172665384016726,35.32999160306733,-45.3665435720661,5.379180696661156,0.6434626111645669
3.5465090400524777,-4.044267410648819,-142.1379485949727,-2.6745479973761235,-138.13963839790088,8.834781128484503,4.503123890963656,0.0037333202790247725,0.03216633671017988,55.65370640475312,-61.529339156753494,5.449171800013575,0.6430142883833705
3.5604716740684323,-3.390833635446567,-141.61005600944418,-1.9764162965783783,-137.5811330372627,8.26302361009848,4.526798734208435,0.0028826897150965713,0.03253966873808256,30.288999255580194,-29.962781984637722,5.004055980597162,0.6425746055133779
3.574434308084387,-2.3661943559319054,-140.93774224489584,-1.2782845957806614,-137.02262767662452,8.616706012982396,4.552126498114209,0.002264310760742484,0.03282793770959236,32.887490567793485,-28.259081102316827,5.050481378418286,0.6422012734854552
3.5883969421003417,-1.5313974506602746,-140.23146929402836,-0.5801528949829162,-136.46412231598634,7.009339405939238,4.545423481295171,0.001997899270555981,0.03305436878566681,21.49206703557964,-26.118227967053922,4.816972012433229,0.6419130045139703
3.6023595761162963,-0.29119416292095357,-138.93620779026355,0.117978805814829,-135.90561695534814,6.730934676556428,4.505359726786936,0.0014091475409740777,0.033254158712722415,17.285319039011465,-15.888854016718973,4.629626387894488,0.6416865734378909
3.616322210132251,0.04308715240530664,-138.0545161762794,0.8161105066125458,-135.34711159470996,4.173928908630378,4.310918684648737,0.0008997785752777604,0.0333950734668198,-21.58465330746928,12.083638910087737,3.756026508440532,0.6414867835108153
3.6302848441482056,0.5288886878849325,-137.78245927471508,1.514242207410291,-134.78860623407178,6.406709997890609,4.086359091147646,-0.00011049379766014868,0.03348505132434765,-18.052199852070967,30.811109018777373,3.581963839359263,0.6413458687567379
3.6442474781641603,1.8948828557649278,-138.01028631251694,2.212373908208008,-134.2301008734336,6.922463115830593,3.971136707201735,-0.00016318144600652792,0.03347400194458183,0.20965344579792244,4.739580225084193,3.9310778036311302,0.641255890899215
3.658210112180115,3.3128597948707297,-138.16818686508222,2.910505609005753,-133.6715955127954,3.8092671220648002,4.0713272418373485,-1.6450697002811255e-07,0.033457683799981375,37.23566310279198,-49.478346842811625,4.455976596941334,0.6412669402789759
3.6721727461960696,3.486961990840488,-137.2962941383754,3.60863730980347,-133.1130901521572,1.2927177197847621,4.333952038691516,-0.0004956401273759137,0.03345766734928457,73.85184158264327,-83.80604162743741,5.063742402153273,0.6412832584235564
3.6861353802120242,5.121281911625416,-136.8614799625846,4.306769010601215,-132.55458479151903,4.265899715251876,4.450943997325218,-0.00141801067042994,0.03340810333654698,56.88388395517053,-41.12888492723441,4.812056845021057,0.6412832748742732
3.700098014227979,5.2523665278016125,-136.5164473855023,5.004900711398932,-131.99607943088085,-0.7584703891824107,4.578322293777876,-0.001175617213931205,0.03326630226950389,41.0042631854937,-62.706420876436354,4.866792261610243,0.6413328388870156
3.7140606482439336,5.0664423450249245,-135.63743147959536,5.703032412196677,-131.43757407024265,3.076891268745534,4.7254152485376295,-0.002300377593558011,0.03314874054811057,66.59342053184356,-47.055651785756524,5.098828678413706,0.6414746399540339
3.728023282259888,4.993629349058802,-135.0288815073042,6.401164112994422,-130.87906870960447,6.244463955623761,4.751438290602666,-0.0019834119434657526,0.03291870278875475,40.14600219368521,-23.040232582895428,4.942013602644883,0.6415922016754667
3.7419859162758424,5.476959513236275,-133.79317864020044,7.099295813792111,-130.3205633489663,9.08575099753551,4.753992678484333,-0.000956175415316085,0.032720361594408054,34.78670267656396,-18.642081861422344,5.157721506715625,0.641822239434783
3.755948550291797,5.6321125247054225,-133.40561368080688,7.797427514589856,-129.7620579883281,9.335689469175954,4.590499882714047,0.0003043588540397597,0.03262474405287641,-6.720358420808067,11.065243605197896,4.651290730029404,0.6420205806291497
3.7699111843077517,6.629505611360102,-133.596603382096,8.495559215387573,-129.20355262768993,11.825329247868332,4.501136738687347,0.0010421524875918091,0.032655179938280376,13.668705090708391,1.3325327328049326,5.084942875244606,0.6421161981706613
3.7838738183237064,6.774411222896997,-133.08989113150858,9.193690916185318,-128.64504726705175,9.938134787997027,4.622855139263851,0.0021681123197415694,0.03275939518703952,48.35612105341506,-53.733910846655355,5.576105651609697,0.6420857622852574
3.797836452339661,7.400576369277279,-133.16560735624284,9.891822616983063,-128.08654190641357,12.957817044647983,4.725387349700095,0.002386756548676294,0.032976206419013554,56.48847842563437,-38.848501265169276,5.895062108937992,0.6419815470365431
3.8117990863556157,9.233644031136683,-133.25520066655466,10.58995431778078,-127.52803654577536,12.6547827987112,4.969399177470369,0.003460199445181127,0.033214882073881125,79.86439450619606,-77.44502275380438,6.47721671255759,0.6417647358045242
3.8257617203715704,8.661219090101717,-132.43922956576841,11.288086018578525,-126.96953118513719,7.515043827149984,5.331259845634514,0.0042351138515585645,0.03356090201839912,95.1187334462565,-115.6976821022985,6.612894427509559,0.6415260601496766
3.839724354387525,9.32889031396483,-132.10864764069797,11.986217719376242,-126.411025824499,14.62142674804187,5.525585212265979,0.003291968476240706,0.03398441340355518,89.90718733780167,-53.103358963556275,6.884392219428811,0.6411800402051635
3.8536869884034797,11.423517293576474,-129.95946848024678,12.684349420173987,-125.8525204638608,13.141487925791601,5.731835726135822,0.005077586408366383,0.034313610251179405,73.78525842711595,-76.45890647154224,7.0991712943274266,0.6407565288200026
3.8676496224194343,12.690741803792196,-130.03557803596232,13.382481120971704,-125.29401510322262,6.884558705921233,5.489567756751315,0.005536658637986622,0.034821368892016036,-32.784490040889786,7.169893254513706,5.060038981097788,0.6404273319723583
3.881612256435389,12.296799769482396,-129.4050704317799,14.08061282176945,-124.73550974258444,5.733572294863046,5.4654282152811104,0.003784620363913537,0.03537503475581483,24.261520220484957,-26.805116943206347,5.479275988767366,0.6399195733315217
3.8955748904513436,12.95372128088237,-128.52128600037148,14.778744522567195,-124.17700438194626,11.089570178031586,5.420201221223982,0.002407775785115797,0.035753496792206185,34.87243802086662,-6.687525317611844,5.78728989932147,0.6393659074677429
3.9095375244672983,14.001961416527566,-128.05986817107944,15.476876223364911,-123.61849902130808,10.015012265654567,5.304092210381035,0.003217473683114652,0.03599427437071778,4.517329823562273,-5.93894766554707,5.513948768881302,0.6389874454313564
3.923500158483253,14.090864182996235,-128.11375179833098,16.175007924162657,-123.05999366066987,8.643457772261593,5.243127317841854,0.0033108985855653072,0.036316021739029036,14.92606079004255,-17.987292444575626,5.451685633287047,0.63874666785284
3.9374627924992076,16.15926239208683,-128.29804745774004,16.873139624960373,-122.5014883000317,11.86891739459972,5.349620448069842,0.0030136088510641836,0.03664711159758571,61.35778958709563,-42.82440777237994,6.264068822203287,0.6384249204845087
3.9514254265151623,17.848771112556868,-127.73779886764511,17.57127132575812,-121.94298293939352,4.839129444514985,5.636365984799993,0.003978889709817511,0.036948472482692285,76.59516099609472,-106.21283647321356,6.510039497661627,0.6380938306259969
3.965388060531117,18.065379648546976,-127.15791767543087,18.269403026555835,-121.38447757875531,1.8968144235919202,5.857944791415242,0.0024392953929174926,0.03734636145367398,73.37564290217422,-84.77788784536597,6.367230371749934,0.6377924697408455
3.9793506945470716,17.886467305260872,-125.6763684022189,18.96753472735358,-120.82597221811713,4.845084608098338,6.01424208599989,0.0006110458167713185,0.037590290992965514,74.29494349318432,-58.16946757276673,6.395890638575101,0.6373945807698638
3.9933133285630262,17.471155999505065,-124.78809780988779,19.665666428151326,-120.26746685747895,8.1172618325867,5.8857925512306455,0.00043692201639987437,0.0376513955746427,14.979357381432358,3.268807298554178,5.694011366302701,0.6371506512305922
4.007275962578981,18.236172899432837,-124.11581482822015,20.363798128949043,-119.70896149684077,12.502975071173068,5.694893825461976,0.0013595483673306528,0.0376950877762825,3.7601778605820386,20.354926108335434,5.8450837612088185,0.637089546648895
4.0212385965949355,19.747508578882837,-123.8067382999216,21.061929829746788,-119.15045613620259,11.163514714687349,5.5230831429684075,0.003223556730550472,0.03783104261301551,-6.409268926614305,4.057025798431799,5.713115539669372,0.6370458544473001
4.03520123061089,20.51422624732233,-123.3876384308479,21.760061530544505,-118.59195077556438,7.708600684608962,5.463157113728623,0.003803042296521222,0.03815339828607067,11.569579907484592,-24.273008123485464,5.589667101664803,0.6369098996105222
4.049163864626845,20.151542034506736,-122.95949454310554,22.45819323134225,-118.0334454149262,8.210518660321988,5.4533543350067255,0.003050148284004869,0.038533702515722634,31.109807696861605,-25.646736838391536,5.6961733195808,0.6365875439374871
4.0631264986427995,21.939059392160445,-122.07102182270688,23.156324932139967,-117.47494005428803,13.056705990518417,5.470637071949658,0.002787460911759956,0.03883871734412292,47.21134131293948,-20.997618221671026,6.253723547033194,0.63620723970784
4.077089132658754,22.89471970297009,-122.4261969301093,23.854456632937712,-116.91643469364982,6.833072203979723,5.408824665140137,0.0041078352923061305,0.039117463435299094,4.429880054854433,-29.96477605791325,5.4989558155178795,0.6359022248794348
4.091051766674709,24.114105959895255,-121.59424943929001,24.55258833373543,-116.35792933301164,7.195887764164766,5.600352818599849,0.0030426437564794948,0.0395282469645295,73.65105543504013,-69.02429659207958,6.290659744960074,0.6356234787882387
4.1050144006906635,24.98705601567389,-120.19961482696125,25.250720034533174,-115.79942397237346,4.673244611162081,5.67651728478475,0.0025640413100735575,0.0398325113401774,43.096366534918175,-52.0774489218246,5.905242903275835,0.6352126952590083
4.118977034706618,24.067256878544686,-120.32125174993581,25.94885173533092,-115.24091861173528,4.329780080448088,5.526002114307154,0.0013837005703910999,0.04008891547118454,-0.23449342476363694,1.171573234842921,5.0511106859033434,0.6349084308833803
4.132939668722573,23.890647669146432,-119.52293989348485,26.646983436128636,-114.6824132510971,12.046647339352724,5.567926360531459,0.0006688906729129833,0.04022728552822352,59.31286753462735,-20.14302479704442,6.200926441096485,0.6346520267523781
4.1469023027385274,25.094872162559362,-119.9670088202432,27.34511513692638,-114.1239078904589,14.300532440077248,5.529449874344429,0.00266827636196846,0.040294174595514765,29.96860158286243,-15.346813001019362,6.409593751217656,0.6345136566953342
4.160864936754482,26.198818731101795,-118.64600232286006,28.043246837724098,-113.56540252982072,11.525075274481432,5.771096464361997,0.004644584133428678,0.04056100223171155,78.27126649346812,-87.16370636709624,7.0479412825824115,0.634446767628023
4.174827570770437,26.93357153509906,-117.12669024326695,28.741378538521843,-113.00689716918254,10.22096273497448,5.751487085878483,0.0049144159331742715,0.04102546064505441,26.884393944311576,-29.231986879169614,6.185799649886846,0.6341799399918711
4.188790204786391,27.43013068991064,-116.64127005137095,29.43951023931956,-112.44839180854433,10.250595323839482,5.4966473145593016,0.004497562292299485,0.04151690223837168,-20.699502965103587,24.449850063424556,5.307184284876345,0.6337154815784833
4.202752838802346,28.089098277081398,-115.93041730745261,30.137641940117305,-111.88988644790615,11.185164403562887,5.31818357431443,0.004160331882402425,0.041966658467601725,-3.6332372347777113,11.629756195116258,5.4686619311555384,0.6332240399851861
4.216715472818301,28.839257491296372,-114.97749743896449,30.835773640915022,-111.33138108726797,11.131358657280659,5.144863634586294,0.004146888804547002,0.04238269165584185,-5.842488312268477,9.26650366214021,5.356804990744093,0.6327742837559311
4.2306781068342545,30.348565714414775,-113.5309811033383,31.53390534171274,-110.77287572662982,10.84645287643098,4.918553784080839,0.0039812427109968355,0.04279738053629645,-18.78534013751562,21.057423338558465,4.993993470319088,0.6323582505677159
4.244640740850209,31.149839703119618,-113.23353962583214,32.232037042510456,-110.21437036599164,6.9906328320811735,4.560197074982707,0.0035871170661780816,0.0431955048073962,-56.98944872959043,42.17064244354554,3.81410160153629,0.6319435616872413
4.258603374866164,32.023954653400516,-114.11813835608152,32.9301687433082,-109.65586500535346,7.421400326462734,4.33871558818834,0.002214288338807673,0.043554216514014144,-19.84092061099985,24.609618033845084,3.996164058363474,0.6315454374161864
4.2725660088821185,32.19348932861941,-112.3266566771169,33.62830044410592,-109.09735964471525,6.750671381635016,4.51648349122528,0.0016702809306359551,0.0437756453478948,62.00103611752712,-62.445822995338105,5.270876993884681,0.6311867257095236
4.286528642898073,32.879270193236145,-111.99356293719475,34.32643214490366,-108.53885428407708,9.158792073009518,4.347048255543713,0.0010719676176858045,0.04394267344095848,-4.327069708999871,18.445324113422373,4.347055558220626,0.6309652968756629
4.300491276914028,33.93854255372349,-112.43387013807404,35.02456384570138,-107.9803489234389,8.700552252788759,4.269007759141158,0.0013093476062722089,0.04404987020272699,7.70279809728586,-6.814361612813547,4.550623207376548,0.6307982687826041
4.314453910929982,34.8425368867518,-111.46847941288436,35.722695546499125,-107.42184356280069,7.301874245710785,4.459970183642902,0.0014419526213765136,0.04418080496335408,62.7744221132463,-66.46239220184755,5.320113936080373,0.6306910720208307
4.328416544945937,35.71991411289994,-111.0211234900949,36.42082724729684,-106.86333820216251,6.602752291016736,4.503907671481902,0.001178225828065768,0.044325000225491795,33.83584017152505,-34.40727861226963,4.868092648345771,0.6305601372601837
4.342379178961892,36.25480826420441,-110.86729035814581,37.11895894809459,-106.30483284152433,5.955477498532092,4.566585410954907,0.0008784940351794564,0.04444282280829848,38.162262046943376,-38.60493153777924,4.919423130071142,0.630415941998046
4.356341812977846,36.72408470364171,-110.98417286453821,37.81709064889233,-105.74632748088615,6.943661572519833,4.715438024328257,0.0006124392026692928,0.04453067221181639,60.85297546838837,-53.62139878634031,5.353969278934807,0.6302981194152593
4.370304446993801,37.29543062704554,-110.97425125119773,38.51522234969005,-105.18782212024797,7.902799367338368,5.003783141806733,0.0008560276133081089,0.04459191613208313,91.69143933328854,-84.37889500942501,6.066783004024915,0.6302102700117462
4.384267081009756,38.116170760954304,-110.01286036540981,39.213354050487794,-104.62931675960976,8.362518344418568,5.367748216593975,0.0014275877934113168,0.04467751889341409,108.51973395643498,-103.33416814366568,6.628470710558436,0.6301490260914746
4.39822971502571,39.179162440787145,-109.31676917654829,39.91148575128551,-104.07081139897159,7.6243585758133365,5.532516720349316,0.0019507874784863164,0.04482027767275509,65.05578859390008,-65.39236476987028,6.207342574246848,0.6300634233301237
4.412192349041665,38.8621528969985,-108.82551372009974,40.609617452083256,-103.5123060383334,6.084267686207339,5.623376761053937,0.0020562470161147833,0.0450153564206035,48.1828959063003,-52.42863291549727,5.978126283563902,0.6299206645508275
4.42615498305762,40.06753999906634,-107.46150198159285,41.30774915288097,-102.9538006776952,11.181557033355205,5.699526732816636,0.0016568703669573746,0.045220981122215065,61.19516112973588,-34.13626897952281,6.360656813500467,0.6297255858029343
4.440117617073574,40.688255588834075,-108.56141386800343,42.00588085367872,-102.39529531705702,7.520891829856918,5.556835378029964,0.0029847482327193557,0.045386668158911014,-5.753409661588484,-7.88043480032146,5.424353900368842,0.6295199611013427
4.454080251089529,40.91396469183636,-108.0728778975462,42.704012554476435,-101.83678995641884,8.984251222803785,5.882903427215681,0.00275480339477261,0.045685142982182736,106.03695271810747,-96.0124628121013,7.020245216286315,0.6293542740646267
4.468042885105484,42.017856010608675,-107.59382618163508,43.40214425527418,-101.27828459578066,10.86452840562024,6.140480538025084,0.0032186467564494963,0.045960623321660066,94.32618719400779,-81.96849212388923,7.235850722362009,0.629055799241355
4.482005519121438,42.72679461894173,-106.37403596175119,44.100275956071926,-100.71977923514248,8.565593128779312,6.357091613673047,0.004251010543643128,0.046282487997304944,77.27528069151903,-84.38309479681556,7.18254789415618,0.6287803189019225
4.495968153137393,43.912439815875146,-106.50729804780738,44.79840765686964,-100.16127387450427,8.979769032319272,6.341082072530876,0.004015870302822887,0.046707589051669274,34.845819712555794,-29.420810043034113,6.549045222904294,0.6284584542262328
4.509930787153348,44.31450385693066,-105.54494541817739,45.49653935766739,-99.6027685138661,6.727774388414904,6.518940565028953,0.004131371962136152,0.04710917608195153,70.08891897241558,-77.27120175793013,7.083918367921377,0.6280333531718885
4.523893421169302,44.196702296746906,-104.8550145414459,46.194671058465104,-99.04426315322792,8.592297917319053,6.539530913297887,0.003368796168768785,0.04752231327816503,46.919744086970304,-34.89532554839614,6.767118930206155,0.6276317661416111
4.537856055185257,44.92328276589515,-103.80492877531586,46.89280275926285,-98.48575779258971,11.949017804431298,6.510752454435054,0.00360759706052206,0.047859192895042035,40.11551036712721,-20.645858170614865,6.916385561608663,0.6272186289453927
4.551818689201212,46.254714997471595,-103.91260626406276,47.590934460060566,-97.92725243195153,10.979150576556387,6.3610764517058564,0.004902971232981413,0.04821995260109446,4.008756521303565,-4.504599933781545,6.454722670938564,0.6268817493284957
4.565781323217166,46.00365849479202,-102.85016055233471,48.28906616085831,-97.36874707131335,8.34570548463145,6.430868831390174,0.005309191321875326,0.04871024972439253,46.30903555918104,-54.93296097323349,6.852786133428054,0.6265209896224433
4.579743957233121,47.129556505497426,-103.0121575062353,48.98719786165606,-96.81024171067517,13.323552556065298,6.3382377372280345,0.004532475629157156,0.04924116885658014,29.695824028746387,-2.5897552758124367,6.736625770180603,0.6260306924991652
4.5937065912490755,48.857077910441255,-102.01512603556141,49.685329562453774,-96.25173635003699,10.280147673689164,6.465886426099391,0.005959906587131266,0.0496944164194959,57.82893709765389,-67.97647033581599,7.227397189018854,0.6254997733669825
4.60766922526503,51.31302283818316,-101.8450175852638,50.38346126325152,-95.69323098939878,6.163423257219328,6.4553271923382125,0.005676529351886511,0.050290407078208865,26.114289501585095,-41.89561915430616,6.503553114600651,0.6250465258040618
4.621631859280985,51.15079373562982,-101.6219228984405,51.081592964049236,-95.1347256287606,-0.96610838548298,6.572075187981924,0.004070456474647139,0.050858060013397655,45.846121167433374,-76.71552627936954,6.714281639025367,0.6244505351453289
4.6355944932969395,51.187661348600535,-102.81144195699937,51.77972466484698,-94.57622026812243,4.797434871697809,6.738379477799634,0.0005644975213500375,0.051265105660862176,87.09177358484325,-57.92761650728276,7.073717528188202,0.623882882210185
4.649557127312894,52.18494829577563,-103.06069221283138,52.4778563656447,-94.01771490748422,6.885599929617998,7.345692697908457,0.0010130943773030174,0.0513215554129971,174.4164761912382,-161.62839537719364,8.887870307524752,0.6234758365626756
4.663519761328849,53.51208138989267,-102.88436167377924,53.17598806644244,-93.45920954684604,5.148111952649451,8.029044307506743,0.002356782569430097,0.051422864850727557,185.38666827949942,-190.2572644795028,9.652493419436263,0.6234193868105407
4.6774823953448035,53.80650292456006,-103.06846892258109,53.87411976724019,-92.90070418620786,2.73702078401066,8.64733526252919,0.002570757015840507,0.051658543107670596,173.67133703791922,-181.89651987369376,9.990219648026386,0.6233180773728302
4.691445029360758,54.32386263394551,-101.68035136186448,54.572251468037905,-92.34219882556968,5.34882449084612,9.309718807826524,0.001722920210140285,0.05191561880925466,198.45701481241056,-183.08527213430295,10.753568757667361,0.6230823991158672
4.705407663376713,55.397226574477095,-100.35677592532686,55.27038316883565,-91.7836934649315,5.451775710608023,9.54657537075465,0.002496145438336134,0.05208791083026876,105.10953636216507,-101.02378544272723,9.941817673438525,0.622825323414328
4.7193702973926674,54.92101359405605,-98.70551629552786,55.96851486963337,-91.2251881042933,3.5749201125743397,9.5077182545015,0.0029138469288776713,0.05233752537410252,42.58885693735944,-47.841146495674145,9.14944077249703,0.622653031393269
4.733332931408622,54.705108882053736,-97.04480179336245,56.66664657043111,-90.66668274365512,9.298836960865414,9.163324883145224,0.001954929573547805,0.05262891006699011,-5.3537118890728,35.89352940173328,8.226182551033194,0.6224034168494552
4.747295565424577,55.700773074417754,-96.25622271305488,57.36477827122883,-90.10817738301694,12.073532068628229,8.605596584678405,0.004193728771141712,0.05282440302434477,-59.71228191389091,77.1954440290672,7.429037587057713,0.6221120321565725
4.761258199440531,56.13477442467278,-95.7458691663237,58.062909972026574,-89.54967202237873,9.98827114115103,8.137324991480384,0.006572387178877549,0.05324377590145879,-54.91561193117637,49.65720195663846,7.110380643091747,0.621916539199213
4.775220833456486,56.34572374142661,-95.2526101215782,58.76104167282429,-88.99116666174055,11.67398385550949,7.79636291711623,0.006706545918720503,0.05390101461934638,-21.386008418961637,33.56013301220907,7.247295052923898,0.621497166322079
4.789183467472441,57.504225004455954,-94.69937117282313,59.459173373622036,-88.43266130110237,13.549834251746969,7.552084523322688,0.007384993142869031,0.05457166921121859,-1.9762303507456505,15.280025472961041,7.497017442031697,0.6208399276041914
4.803146101488395,58.74238057387043,-93.28424772377309,60.15730507441978,-87.87415594046419,10.966247906109352,7.378750371816699,0.008450149677791518,0.05531016852550552,1.4517533424739109,-9.072079593894978,7.322731513968255,0.6201692730123392
4.81710873550435,60.17347441146175,-93.01584707330478,60.8554367752175,-87.31565057982601,8.933140507784382,7.036755228766558,0.007743883873045544,0.05615518349328452,-34.66235459765071,29.141229765367214,6.331599985531661,0.6194307736980571
4.831071369520305,61.56784953758005,-92.02529753003948,61.55356847601524,-86.7571452191878,6.015674018208381,6.865019879944844,0.006406024652634347,0.05692957188058889,-2.390135407541853,-7.7949736446572295,6.409056757881232,0.6185857587302732
4.845034003536259,62.7867434002679,-90.7230007059379,62.25170017681296,-86.19863985854963,3.369476767993399,6.6372953600061955,0.004385418942535493,0.05757017434585254,-15.101815245482994,5.628252388145065,5.86665077514512,0.6178113703429489
4.858996637552214,63.686829829349605,-89.13402030891257,62.949831877610706,-85.64013449791145,1.3807523900887129,6.293691048049852,0.002090974915787046,0.05800871624010595,-40.09464820590422,33.20504267680803,5.085481957507987,0.6171707678777301
4.872959271568169,63.7103383326779,-87.83415028659854,63.64796357840842,-85.08162913727324,0.6154948765030641,5.808266593201368,-7.691485050034417e-05,0.058217813731684664,-69.93878595242707,68.41663280349253,4.052577549343454,0.6167322259834469
4.886921905584122,64.72062138827832,-87.0302633155614,64.34609527920611,-84.52312377663509,3.712992033818061,5.2786783472451555,-0.0016341041349458361,0.058210122246634466,-73.2299270383009,89.816876879211,3.3715105583016713,0.6165231284918531
4.900884539600077,64.86602419398132,-85.87937204588702,65.04422698000386,-83.96461841599691,1.474530078712264,4.824069001766571,-0.0015767991122366202,0.05804671183314003,-72.668503138341,64.31882044924602,3.0826772826914275,0.6165308199769033
4.914847173616032,64.24566359415049,-86.16623411432109,65.7423586808016,-83.40611305535873,4.389821736320801,4.354822676871239,-0.002268263413457034,0.05788903192191652,-66.39442663222148,82.02925758614263,2.623923048989738,0.6166942303904177
4.928809807631986,64.51584114902418,-85.07026464638624,66.44049038159932,-82.84760769472055,10.09354318735565,4.109463405033855,-0.0018621737442795821,0.05766220558057089,-14.148570769224976,43.465929350948066,3.9787618601486594,0.6168519103016212
4.942772441647941,66.53139520486984,-83.51893962812916,67.13862208239706,-82.28910233408237,10.637507128509883,3.793785156389892,-0.0004035876142416063,0.05747598820614286,-42.39974739773999,48.16945627845246,3.822805727714094,0.6170787366430117
4.956735075663896,66.9160196856025,-84.06530314147142,67.83675378319478,-81.73059697344416,4.117966725033083,3.4073633520523936,0.0003192925704397265,0.05743562944471847,-76.10063818326583,48.29912021484837,2.214075533619459,0.6172649540173949
4.97069770967985,67.1761805766183,-83.18853784013577,68.53488548399253,-81.17209161280599,7.359537648177837,3.2880080354189007,-0.0006207352847112204,0.05746755870176257,1.6812079771256048,15.641036043745249,3.3153279510177454,0.6173053127788393
4.984660343695805,67.94673998574387,-82.80998091482293,69.23301718479024,-80.6135862521678,8.566529354786049,3.120311357228965,-0.0006074616781668885,0.05740548517329147,-13.980682389076058,22.195156336537377,3.2955959268537462,0.6172733835218001
4.99862297771176,68.81984953009437,-82.72414819408742,69.93114888558799,-80.0550808915296,7.998701943645937,3.0274117084279797,-0.00041677452599424823,0.057344739005474654,-2.991511115425783,2.946280019389052,3.395195549614501,0.6173354570502663
5.012585611727714,69.34216020532386,-83.21131295188965,70.6292805863857,-79.49657553089142,7.439742059805304,3.0614218656545478,-0.00038148562598288904,0.057303061552875345,23.712838376995933,-23.84370126035938,3.7001710830286862,0.6173962032180631
5.026548245743669,70.45681663654787,-81.61350146116993,71.32741228718345,-78.93807017025324,8.659029290822522,3.341069010277478,-0.00030542522890505107,0.05726491299027714,80.85916826270049,-72.62772456973916,4.711881757783775,0.6174378806706624
5.040510879759624,71.56225748418566,-81.55034881999151,72.0255439879812,-78.37956480961506,6.168320166162484,3.3106261092297897,-8.162528381548312e-05,0.057234370467386775,7.155652962254616,-16.27401458820767,3.5943360679553797,0.6174760292332806
5.054473513775578,71.22991988966668,-80.88446354708024,72.72367568877891,-77.82105944897688,4.978636095392092,3.4051428508808703,-0.00036813400231337876,0.057226207939005125,36.699778149293124,-40.09751644930228,3.9059558956449183,0.6175065717561758
5.068436147791533,71.76806403976816,-81.2356287866592,73.42180738957666,-77.26255408833867,10.016645332940751,3.4430628257946383,-0.0007585341147632809,0.05718939453877381,39.77339381408679,-13.749445743277454,4.233509057458514,0.6175147342845526
5.082398781807488,73.01506710255043,-82.13713895058939,74.11993909037437,-76.7040487277005,9.825709128598826,3.696819087935237,0.00013619701751062176,0.057113541127297385,74.37296400572336,-72.27833898258247,5.105539548805414,0.617551547684764
5.096361415823442,74.98486155005033,-82.17037670652802,74.81807079117212,-76.14554336706232,7.66540466701253,4.285355842889611,0.0009408528150719516,0.05712716082904823,143.10743339719787,-150.35144505029444,6.256999275828991,0.6176274010962852
5.110324049839397,75.6623768480748,-81.43133259198983,75.51620249196984,-75.58703800642411,2.408312964292751,4.905485030739016,0.001228130969806619,0.057221246110555235,145.77958271305403,-168.0037599253845,6.604746144769361,0.6176137813944895
5.124286683855352,75.5497279857732,-82.0972959533271,76.21433419276758,-75.02853264578593,3.700422572326878,5.3187145331979035,9.054580491765817e-05,0.057344059207535825,120.02541675845016,-111.91806512451589,6.426546822475424,0.6175196961130025
5.138249317871306,76.11893177224626,-82.4249814089893,76.9124658935653,-74.47002728514775,7.464787098447729,5.96052758141365,2.3220513598457788e-05,0.05735311378802743,177.46757499319872,-157.2619825689243,7.748050202594459,0.617396883015982
5.152211951887261,76.69239795575217,-81.8555946195654,77.61059759436307,-73.91152192450957,7.357716576061692,6.688030459331548,0.0014515470659286532,0.05735543583938707,190.7313464690655,-188.08440074363727,8.643151006360425,0.6173878284355303
5.1661745859032155,76.2733698684029,-82.1300236341161,78.30872929516079,-73.35301656387139,7.948645782794671,7.217313081338352,0.0024329119956323928,0.05750059054597978,154.08055256740306,-147.95402314922086,8.654846075576598,0.6173855063841955
5.18013721991917,76.61708880447127,-81.35138671720775,79.0068609959585,-72.79451120323318,13.134129319606036,7.831343361944421,0.0035104789757898396,0.057743881745543124,186.38024823799338,-158.16343142787127,9.727474805497812,0.617240351677578
5.194099853935125,78.67234491786088,-81.36057220703712,79.70499269675622,-72.236005842595,13.523336232158233,8.21060186375134,0.006586007964285934,0.05809492964312213,128.62510174397684,-122.11177403397421,9.624204847011741,0.6169970604779746
5.2080624879510795,80.59002587073462,-79.44086202935934,80.403124397554,-71.67750048195683,7.23275819201502,8.66924399953648,0.008852206725559806,0.05875353043955078,132.1780407612773,-157.26890181656643,9.836537787269272,0.6166460125804605
5.222025121967034,81.07446471636116,-78.49104580468669,81.10125609835171,-71.11899512131862,2.9388732479805624,8.637731544974605,0.007130743594755415,0.059638751112106814,33.81386614383254,-50.45318905448691,8.337555108110086,0.615987411784007
5.235987755982989,82.86766709754993,-78.02372760530497,81.79938779914943,-70.56048976068044,4.8940845770473445,8.504265943225104,0.003973159654028176,0.060351825471582465,26.108951867443995,-13.825790005638968,7.963619318066588,0.615102191111411
5.2499503899989435,83.17136161147452,-76.95057312006091,82.4975194999472,-70.00198440004226,-0.6134570573328348,8.448507402560068,0.0031382052010452324,0.06074914143698518,24.30915602409595,-47.1897308419834,8.030278531607076,0.6143891167519753
5.263913024014898,82.2954899713005,-75.77522944496516,83.19565120074492,-69.44347903940408,2.38687798513498,8.26244295931798,-6.942407574756426e-05,0.06106296195708971,15.67503092046265,0.8781476498612517,7.507133375662091,0.6139918007865726
5.277875658030853,82.66836296283462,-73.95343072771712,83.89378290154264,-68.8849736787659,8.862834542693005,7.937616580191191,-0.0005621809159409291,0.06105601954951512,-6.8299317268130535,40.419114524898696,7.073200464747493,0.6136779802664929
5.2918382920468074,83.46709931557064,-71.82650899903912,84.59191460234035,-68.3264683181277,8.594945592036872,7.375044323183451,0.0018952514028317642,0.060999801457921166,-75.2499808114743,77.88035898355945,5.9466593032372055,0.6136849226740027
5.305800926062762,83.6165756442138,-70.6735428274403,85.29004630313813,-67.76796295748952,7.805878626705438,6.604949688069105,0.0027753796254253154,0.0611893265982042,-124.23417862062887,124.1958474889838,4.449149546920102,0.6137411407656366
5.319763560078717,84.27095042527891,-70.59259790545762,85.98817800393584,-67.20945759685134,10.363004793274474,5.874479618965442,0.00261550450661066,0.06146686456074679,-112.2542510297955,127.79291773421072,4.19814056904051,0.6135516156253784
5.333726194094671,85.46594919013123,-70.12936476897971,86.68630970473356,-66.65095223621313,10.060358571090585,5.4098817608671155,0.0031915480865521845,0.06172841501140791,-65.93949365726021,68.16761658313872,4.622827168597324,0.613274077662811
5.347688828110626,87.07200572518784,-69.32258355580024,87.38444140553128,-66.09244687557495,7.815213920284765,5.085309472900667,0.003224561561814641,0.06204756982006332,-43.16695100682117,35.98572739499851,4.469599362207102,0.6130125272121099
5.361651462126581,88.14004002190055,-69.470138564154,88.08257310632905,-65.53394151493677,4.026207689829435,4.798061049554169,0.002425461131184947,0.06237002597624475,-40.904558144392134,25.887191950454376,3.9211037917434286,0.6126933724034944
5.375614096142535,89.1291497944368,-68.28024359746473,88.78070480712677,-64.97543615429859,3.358885147739131,4.741154784406973,0.0009345925444246715,0.0626125720893631,13.951619124581974,-14.891697423948857,4.540132280032043,0.612370916247313
5.38957673015849,89.93035001345594,-68.33814989993641,89.47883650792448,-64.41693079366041,1.984141655573565,4.55741861131085,-0.00017901080327916916,0.0627060313438057,-15.44195485189133,11.000822945457683,3.8791064199926524,0.6121283701341795
5.403539364174445,90.2513703102364,-68.58834021955424,90.17696820872226,-63.858425433022205,2.0019907866827986,4.558619522959302,-0.0011036507377216575,0.06268813026347786,26.354337996053747,-24.47137137722105,4.486507754780569,0.612034910879752
5.417501998190399,91.07169694651276,-68.17214863724757,90.87509990951997,-63.299920072384026,3.9909880792583325,4.7569271384513865,-0.0015154552343937797,0.06257776518970548,73.34945142067886,-62.0884719779076,5.325075235714354,0.6120528119600799
5.431464632206354,91.92238110873858,-67.7641839531134,91.57323161031769,-62.74141471174585,2.998575688545843,4.946113581098868,-0.0011922277972529214,0.062426219666265936,65.61212569106073,-68.11403284813925,5.453843414381579,0.6121631770338771
5.445427266222309,92.36635843025006,-67.14543673138104,92.27136331111541,-62.18290935110764,2.558831213150129,5.130788201157183,-0.0012437707956276232,0.062306996886540844,66.97708255504675,-66.98677614423252,5.592174421508182,0.6123147225572518
5.459389900238263,92.97179623278936,-66.51676463651818,92.96949501191318,-61.62440399046946,3.8194911784250882,5.251196020293141,-0.0014030060962246377,0.062182619806978146,58.240350060626945,-50.19859844453829,5.553879388531759,0.6124339453370169
5.473352534254218,92.86008105428006,-65.48650065222301,93.6676267127109,-61.06589862983128,3.9330215579354997,5.323035998839868,-0.0011255458906715247,0.06204231919735559,45.88442910914977,-43.03581483236837,5.495099660574189,0.6125583224165796
5.487315168270173,93.58417096352872,-65.5827376284096,94.36575841350862,-60.5073932691931,7.533927453522549,5.247558188787316,-0.0009988207875745755,0.06192976460828836,22.968582813183787,-3.49614312659895,5.201785716639668,0.6126986230261622
5.501277802286127,93.93375541092932,-65.30491464482729,95.06389011430639,-59.94888790855492,6.751690225363255,5.35654606567055,0.00023171478240879926,0.0618298825295307,52.076163396633795,-52.803762287477774,5.824931882098266,0.6128111776152942
5.515240436302082,93.89322798980702,-64.71479984878142,95.7620218151041,-59.390382547916715,8.619351635495962,5.50732322391064,0.00076621869104477,0.061853054007771746,67.97442802205275,-56.217407530530025,6.190658120912478,0.6129110596940417
5.529203070318036,94.48466961018343,-64.48509959546541,96.46015351590177,-58.831877187278565,11.608736106881123,5.602196734184937,0.0016837254070826409,0.06192967587687637,59.703379643185855,-42.23037283768254,6.418557914184517,0.612887888215746
5.54316570433399,94.92699958457945,-63.61791216244602,97.15828521669954,-58.273371826640386,11.482781234393462,5.75900982904545,0.003240017768209505,0.06209804841758482,66.47182948105309,-63.240880284000994,6.76267567501196,0.6128112663466814
5.557128338349945,95.17466812662636,-61.96307235412573,97.85641691749726,-57.714866466002206,12.642445304935391,5.790176650090173,0.004120810173795302,0.06242205019440572,43.50873505160159,-34.149033903900865,6.589949499404612,0.6126428938059978
5.5710909723659,95.47213162949839,-61.96539477805363,98.55454861829497,-57.156361105364,14.254898716172626,5.5256833022226886,0.00485954506907793,0.06283413121178505,-18.601538752634585,30.33521054625286,5.876058642230745,0.612318892029152
5.585053606381854,96.77346847884606,-62.439117404592984,99.25268031909269,-56.59785574472582,15.852202672271183,5.4618534571484005,0.005704667379274214,0.06332008571869263,23.12403906309355,-11.231796360383234,6.565289305787734,0.6119068110117327
5.599016240397809,98.27320063949274,-60.117504708398904,99.95081201989046,-56.03935038408764,12.875275727552816,5.69693476549278,0.006795925227342121,0.06389055245662023,76.28126802297062,-85.86563866504697,7.14510531025012,0.6114208565048651
5.612978874413764,98.325881469275,-59.678866798942906,100.64894372068818,-55.48084502344946,9.520147542945926,5.432029047543527,0.006390073242786427,0.06457014497935454,-30.89031698261096,19.01708314276297,5.209872188632218,0.6108503897669375
5.626941508429718,99.13522176501421,-59.96191875651536,101.3470754214859,-54.92233966281128,13.314593557424914,5.247336706880395,0.004970881851297371,0.06520915230363311,1.4803148444093717,19.9656004805475,5.634905792791232,0.6101707972441881
5.640904142445673,99.62410567034097,-59.159256150215846,102.04520712228367,-54.363834302173075,12.107381375724263,5.32426028680296,0.0053369750644317385,0.06570624048876272,45.00043593745628,-46.68797020665027,6.30924435550498,0.6095317899199246
5.654866776461628,100.40106196125214,-58.56026781116007,102.74333882308139,-53.805328941534896,13.32398254378705,5.314798751451631,0.005191476297953682,0.06623993799520589,32.55801387041096,-22.92180159289153,6.196301478866982,0.609034701734795
5.668829410477582,101.0732732328107,-59.13250112185668,103.4414705238791,-53.24682358089672,12.678985182204082,5.298079133712277,0.005465168110351753,0.0667590856250011,26.622109063185306,-25.61759471504997,6.121827653226956,0.6085010042283767
5.682792044493537,102.10915972781486,-59.05147639475742,104.13960222467682,-52.68831822025851,13.206208017659486,5.585439667644984,0.00558391175153976,0.06730560243603634,94.59285799019973,-88.1365749165811,7.13651642999642,0.6079818565985167
5.696754678509492,101.90979986779595,-58.70900410471401,104.8377339254746,-52.12981285962033,11.64754594819283,5.934411650539204,0.006064406948653525,0.06786399361119022,104.58753723810557,-107.8830572903009,7.4400633899034085,0.6074353397875214
5.710717312525446,102.6510735791393,-57.96222235183242,105.53586562627231,-51.57130749898215,16.258676175463126,6.239492911085709,0.006055106933038644,0.0684704343060556,111.7306296594568,-85.88463364859233,8.005939402735375,0.6068769486123675
5.724679946541401,103.70820483046484,-56.771141418625554,106.23399732707003,-51.01280213834397,14.980290867272377,6.4128547874093575,0.00781676672227265,0.06907594499935943,71.6190836074104,-72.85829796799017,7.818681723099355,0.6062705079174622
5.7386425805573555,104.28712839443628,-56.29989548015498,106.9321290278678,-50.45429677770579,13.523345172464953,6.375299899568043,0.008399400399227675,0.06985762167158649,26.855233288331508,-29.13735208793386,7.091982335575651,0.6056649972242232
5.75260521457331,105.98597144110612,-55.974310440781814,107.63026072866552,-49.895791417067585,14.45105572693187,6.367557858945246,0.008187828466206611,0.07069756171150932,38.60744069500301,-29.82634006681995,7.22420117764044,0.6048833205519712
5.766567848589265,107.94996624931298,-54.95142785954187,108.32839242946324,-49.337286056429406,9.652990878476444,6.440625388498032,0.008441925041288236,0.07151634455812994,42.382803447591385,-60.66334976411592,7.038254667542544,0.6040433805120484
5.7805304826052195,108.32294623415399,-53.33021805459274,109.02652413026095,-48.77878069579123,4.812480953103293,6.394496733355089,0.006825867885103377,0.07236053706225887,16.669289690474617,-36.015800042574924,6.265823958522143,0.6032245976654127
5.794493116621174,108.95316337583671,-52.1673557620512,109.72465583105873,-48.22027533515302,7.178907022374231,6.089243437722146,0.00397654205592326,0.07304312385076939,-22.653135079025187,36.68031700707717,5.298707803796117,0.6023804051612989
5.808455750637129,108.96020532461834,-51.52279761634773,110.42278753185644,-47.66176997451484,6.765403074302403,5.715666411507009,0.003045935072331434,0.07344077805636173,-45.63157062204748,46.798777735259584,4.739208631069787,0.6016978183727884
5.8224183846530835,109.2678826769681,-51.148419161155225,111.12091923265416,-47.10326461387666,10.036824086411187,5.394539598910502,0.0022530778900716297,0.07374537156359473,-27.84854215493333,46.37199380486888,4.91944677299291,0.601300164167156
5.836381018669038,110.19247515377964,-50.86758472711083,111.81905093345193,-46.54475925323848,11.14781307294747,5.1847362333361975,0.0027379095541679556,0.07397067935260182,-10.667378478821337,19.439545185046363,5.263282627852201,0.600995570659963
5.850343652684993,111.15032132058917,-50.576986211321326,112.51718263424965,-45.9862538926003,9.914471708454055,5.097486696498625,0.0032870039638496404,0.0742444703080185,8.997513337877646,-11.222143240114114,5.4066307055037965,0.6007702628709808
5.8643062867009474,112.53722709321325,-50.075027626414396,113.21531433504737,-45.427748531962095,9.071832029048629,5.102694984883394,0.00323778221205889,0.0745731707044035,29.19746378993844,-29.813085973021998,5.547868494142051,0.6004964719155392
5.878268920716902,113.72365824732566,-49.80789563240076,113.91344603584508,-44.869243171323916,6.091769145884616,5.1325238496675425,0.0029822825085881856,0.0748969489256095,29.354387868988407,-40.288926418238596,5.38462351245845,0.6001677715191143
5.892231554732857,115.78276003682639,-48.78062700411011,114.61157773664286,-44.31073781068574,4.615471142619711,5.237660751125528,0.0020258538567770545,0.07519517717646851,48.99460411014878,-53.318814109939886,5.568405978047214,0.5998439932979731
5.906194188748811,117.42678143406431,-48.1154163394422,115.30970943744057,-43.75223245004753,-1.5018288946308491,5.224022396943132,0.0010134582923064666,0.07539776256214603,12.868133003054732,-39.5093815951246,5.050596861847666,0.5995457650470892
5.920156822764766,117.54224872334154,-47.4073124712754,116.00784113823829,-43.19372708940935,-4.509142239785765,5.205161702727329,-0.0013850491642140455,0.07549910839137652,18.449116982488732,-31.430259210317807,5.122149610955124,0.5993431796614117
5.934119456780721,115.82304982725614,-47.05035424650595,116.70597283903601,-42.63522172877117,-1.1615239417597176,5.1436765672106715,-0.0036628404564183854,0.07536060347495521,23.898606351874594,-7.216602336093269,4.844812422516019,0.5992418338321412
5.948082090796675,115.58184289951267,-46.27810050880095,117.40410453983378,-42.07671636813299,9.361871477864899,5.103010656171619,-0.00395575916554913,0.07499431942931345,45.274718142931675,6.135480332898801,5.218889513042999,0.5993803387486025
5.96204472481263,116.21551377896473,-45.59795985315972,118.1022362406315,-41.51821100749481,11.213125437632334,5.002442364581636,-0.0011037647749804263,0.07459874351275841,12.50549524941649,-0.40605063797200036,5.385993934140709,0.5997466227942692
5.976007358828585,117.93461569779019,-44.82426458633833,118.80036794142922,-40.959705646856605,11.039477277389382,4.8946975045156424,0.0009877786685461042,0.07448836703526052,5.876635192472118,-3.092300260383499,5.30988447364898,0.6001421987107594
5.989969992844539,118.56900635795955,-44.24363154816792,119.49849964222699,-40.401200286218426,6.262538868989137,4.7794751790154715,0.002056458660698986,0.07458714490211493,-7.213546970116797,-11.95435538145851,4.6913996626446535,0.6002525751882972
6.003932626860494,119.22902028855256,-43.662194582615044,120.1966313430247,-39.84269492558025,7.652057204750603,4.684463276539654,0.0013057059377267772,0.07479279076818468,10.736430097254905,-1.4872565438739096,4.692270905227204,0.6001537973214677
6.017895260876449,119.82380236883611,-43.18073943640476,120.89476304382242,-39.28418956494204,7.503010524690904,4.605547499380966,0.0012215898381271208,0.07492336136195732,10.076775607759766,-7.91194160344981,4.684189029224165,0.5999481514553731
6.031857894892403,119.81126672851556,-42.531254534374014,121.59289474462014,-38.72568420430386,8.04332728972633,4.561725879801359,0.0011188270813486999,0.07504552034576983,18.78045377210841,-13.384161906494219,4.793454386465646,0.5998175808615605
6.045820528908358,121.97896813080175,-42.19754307092365,122.29102644541791,-38.16717884366568,11.193784082598214,4.49355870390667,0.0011673728810417002,0.07515740305390484,19.547801493079646,-1.6495651340863853,5.019398857214182,0.5996954218777879
6.059783162924313,123.06850804964465,-41.70536642171304,122.98915814621563,-37.6086734830275,3.7094779627784185,4.52124657209923,0.002020522420517893,0.07527414034200897,14.750133201846989,-46.86479740575924,4.698745360408465,0.5995835391696529
6.073745796940267,123.07228165842045,-40.98362210929917,123.68728984701335,-37.05016812238932,3.648326995921686,4.565051664407986,0.0006114710596653353,0.0754761925840608,35.376810223321755,-33.56096854882013,4.696143323918174,0.5994668018815337
6.087708430956222,123.69250512876334,-41.43767669141218,124.38542154781112,-36.491662761751115,6.838584670666359,4.547308232032669,-0.00023148561145219543,0.0755373396900274,30.06452204961059,-12.78584822117294,4.679961020044214,0.5992647496394969
6.101671064972177,124.17519577347794,-41.27026364905792,125.08355324860884,-35.933157401112936,6.801990584702095,4.789053885477302,0.0002533706359718336,0.07551419112888214,78.28785604381441,-75.77150081016316,5.677565278268684,0.5992036025335303
6.115633698988131,124.69709567159438,-40.43467648296773,125.78168494940655,-35.37465204047476,7.934449515806863,5.071730256905617,0.0006399172451888325,0.07553952819247911,91.28143332762228,-83.1523253123201,6.110568198755032,0.5992267510947005
6.129596333004086,125.02499213875547,-39.39479050963645,126.47981665020427,-34.81614667983655,8.40104460236885,5.208254873649916,0.0012180701249933804,0.07560351991699799,60.06043722211,-54.81938994949163,5.894571336089598,0.5992014140310387
6.143558967020041,126.43688784700656,-38.22074119327774,127.17794835100204,-34.25764131919837,9.865102770403356,5.181451402177124,0.0016577300117166772,0.07572532692949752,28.206189347922418,-18.101884784371865,5.570055857589739,0.5991374223065598
6.157521601035995,127.65164162421253,-37.21657992667539,127.87608005179976,-33.69913595856019,6.019413644578614,5.024104988673614,0.0022529409224004257,0.075891099930669,-12.463406388674995,-2.4213541847296596,4.7451225591087365,0.5990156152940602
6.17148423505195,128.56143469089224,-36.84455861361772,128.57421175259748,-33.14063059792201,4.35561498679766,4.810865236896287,0.0013728268148401933,0.07611639402290926,-20.519099223392097,15.26322494500952,4.179054746273767,0.5988498422928639
6.185446869067904,129.77945586979655,-36.30997580615681,129.2723434533952,-32.58212523728386,3.8146590301653736,4.692449884972777,0.00039378410605276737,0.07625367670439331,1.0907771295409183,-1.36577718701677,4.321311092283029,0.5986245482006485
6.199409503083858,129.77826429638452,-35.38675522956175,129.9704751541929,-32.02361987664568,1.532873425534698,4.616033579173413,-0.00031564276113915527,0.07629305511499851,5.190294400322946,-13.873083001113402,4.290610157246458,0.5984872655191893
6.213372137099813,129.88492244142736,-35.26362336544862,130.66860685499063,-31.465114516007475,5.17774829925458,4.461438173749948,-0.0013793472651175795,0.07626149083888478,1.8001030404299183,17.263513967700323,4.02143951314349,0.5984478871085193
6.227334771115768,129.29239961336222,-34.91188683800279,131.3667385557884,-30.906609155369296,7.238666503000097,4.43250870859019,-0.0010071335922861376,0.07612355611237298,24.41908390619504,-12.254541046117659,4.60210297837991,0.598479451384673
6.241297405131722,130.3948914158689,-35.39453632583387,132.06487025658612,-30.348103794731117,12.824420425875392,4.439046940659512,-0.0002653735754075321,0.07602284275314419,40.46104019824799,-11.160514181290733,5.339916584890855,0.5986173861112096
6.255260039147677,131.90681869765564,-35.7296709424536,132.76300195738384,-29.78959843409291,9.977100977190172,4.719345766718718,0.0017212108599341004,0.07599630539560343,79.80976149296009,-89.58402134940056,6.084675530141912,0.5987180994704135
6.269222673163632,132.99132843818956,-35.52857692125896,133.46113365818155,-29.23109307345473,7.133734457939193,5.184286998749135,0.002400964100720487,0.07616842648159672,120.9444318257615,-131.15637647217048,6.681871692569126,0.5987446368279143
6.283185307179586,133.129678638893,-34.71300262861306,134.15926535897933,-28.67258771281655,6.13067397670185,5.6364904350819405,0.0022140913315126347,0.07640852289166877,125.0481247406531,-126.91678285866075,6.954758419760004,0.5985725157419557
