Time,X,Y,Ref_X,Ref_Y,u,v,r,psi,Tp,Ts,Lateral_Error,Heading_Error
0.0,30.257922728592455,-27.019140813343885,28.2,-25.400000000000006,-9.27037469290745,0.4104680555171723,-0.0013538582443188437,0.0,65.62331048644486,-109.40880926829101,2.8284271247461903,0.0027925649129776353
0.013962634015954637,29.511634461920885,-28.11235320863287,30.29432705087179,-25.40584855944175,2.3325507234324316,0.611335999602616,-0.0024521785158848966,-0.00013538582443173297,71.68463344971269,-17.809219308672702,1.6137029377122811,0.008378609495834688
0.027925268031909273,29.14169622054648,-28.102451182647236,32.38824580853533,-25.423393097578746,12.93171302647387,1.0885215581081877,-0.002623351828433598,-0.00038060367602010814,130.838740936472,-79.5475358074469,3.9376895914115924,0.013832013609558214
0.04188790204786391,30.614263468602065,-27.582923695616177,34.48134805937995,-25.452630194068504,21.93489460068626,1.4944121570555289,-0.0020350963979478332,-0.0006429388588635732,115.46004997894555,-69.68541592544382,5.960992621323231,0.01918016490609009
0.05585053606381855,33.31738021837748,-27.818897623934138,36.57322574897457,-25.49355414908114,22.71847755548739,1.6602320898723706,-0.0007657903318238214,-0.0008464484986583365,47.54965022830694,-39.10481168803324,6.314641443573049,0.02451761737100444
0.06981317007977318,36.26523774695943,-27.112326887647413,38.66347106161879,-25.54615698441055,19.671878859146904,1.8279462474013313,0.00024119725024419805,-0.0009230275318405923,39.943139231898975,-49.52977504969981,5.809133955998148,0.02992216079398613
0.08377580409572782,38.89031056318535,-26.10515007937799,40.75167649984732,-25.61042844502974,16.377759603391123,1.7614077718754535,0.0005865044495632172,-0.0008989078068162293,-10.230903187864625,-1.0541050706905708,4.731155420756293,0.03546375698720716
0.09773843811168245,40.12228463463413,-25.884610332930755,42.83743496387242,-25.686356001090132,14.629494566069296,1.4639863410515803,0.00024933101341817406,-0.0008402573618599973,-56.8281644144913,52.270941472067115,3.96927947044652,0.04111804291314103
0.1117010721276371,40.793554383210505,-25.84283262529786,44.92033983094882,-25.773924850364224,18.98965334045448,1.1475237578420021,-0.00037979591049155747,-0.0008153242605182243,-48.29376318482216,72.39113091339759,4.799331718368028,0.04682073366239203
0.12566370614359174,41.95450961409826,-25.951576985068176,46.99998503464563,-25.873117921131332,24.545834420393966,0.8548195662562996,-0.0007083138214796368,-0.0008533038515672331,-41.80733969055068,72.31850173163961,6.206504542028241,0.05250548090557006
0.13962634015954636,43.83379738028786,-26.318712776887125,49.075965144009814,-25.983915875505787,27.530788790611066,0.6285131576786538,-0.0009086046383807633,-0.000924135233715262,-34.856085946024706,54.09118621292214,7.121528955803146,0.058145007957274064
0.153588974175501,47.447424602233184,-26.030000083313194,51.14787544260571,-26.106297113206836,27.74556427236762,0.5246015423716874,-0.0011666156402169248,-0.001014995697553367,-16.194140776898628,22.74941309025172,7.3171619030779915,0.06377131567735272
0.16755160819145565,50.51642124131245,-26.020265004991703,53.21531200741534,-26.240237775769707,20.48291799822035,0.3441871154962227,-0.0015139337157593258,-0.0011316572615749365,-51.004328064767215,22.012981180636732,5.771717682474465,0.06939919044210363
0.18151424220741028,52.200681708730905,-25.87275826124486,55.277871787584,-26.38571175119685,17.459168211960083,0.17686555550235794,-0.0021334189764590874,-0.0012830506331509284,-39.843281044233805,29.627703588247698,4.7754541803792385,0.07502485007418924
0.1954768762233649,54.18525729105188,-25.540330633011493,57.3351526829958,-26.542690679048512,19.88295923754182,-0.028280934591774387,-0.002734914901010373,-0.0014963925307966974,-36.29370076526227,51.3868969932717,5.177992046150025,0.08064138240600371
0.20943951023931956,55.968129900004044,-25.562321239734892,59.3867536226639,-26.711143955971664,19.619377308037,-0.30913617391664455,-0.003330171902766254,-0.0017698840208977273,-59.94248035961095,62.65201994530794,5.331638390306899,0.0862236205459368
0.2234021442552742,57.40124627662004,-25.97508905406897,61.43227464292009,-26.891038741666208,20.900463896968265,-0.5642369129304312,-0.003971540114249958,-0.0021029012111744017,-52.41640923966178,62.35443591353312,5.623376918851846,0.0917754472003609
0.23736477827122882,59.4833615687924,-26.217190988868524,63.471316965388496,-27.082339965287225,23.449419727086013,-0.7038972432099615,-0.004601478752206982,-0.002500055222599329,-25.991697640773808,42.133298148529086,6.170231984864068,0.09729960671532112
0.25132741228718347,61.903756896565504,-26.06262032362546,65.50348307472822,-27.28501033228214,22.64028953659529,-0.7977982179003638,-0.005204498840770404,-0.002960203097820191,-24.7504954095914,25.3584426665824,6.1140903735878265,0.10279364792253798
0.26529004630313807,64.55206579930653,-26.85175849240778,67.5283767961297,-27.499010331661324,20.965629957313936,-0.9599836990690235,-0.0056759080954403825,-0.0034806529818971477,-42.126120107438624,38.445967047733994,5.805132665991268,0.10826091613843758
0.2792526803190927,67.17445699492662,-26.980543018929687,69.54560337254988,-27.724298243700872,18.461249586258134,-0.9396471465114407,-0.005962114166667348,-0.004048243791441308,-6.004333587065663,-1.9705912497482494,5.069195509445226,0.11370635098723003
0.2932153143350474,68.72222630814423,-27.12270290127858,71.55476954167074,-27.96083014807597,16.17420490499575,-0.9494176377211829,-0.005983773001239743,-0.004644455208107967,-12.082858690949257,4.684464781410987,4.488663594293277,0.11914540983910227
0.307177948351002,71.39702370060314,-27.62716800606136,73.55548361256666,-28.208559932423185,18.808338137946663,-0.9819950409428547,-0.00589590501619982,-0.005242832508232098,-5.549333575782536,21.13018087675273,4.953732094374803,0.12459896103520718
0.32114058236695664,74.09183392378539,-27.200028807008344,75.54735554206536,-28.467439301330216,15.038486030451386,-0.9481973573740622,-0.005986114276780283,-0.0058324230098518726,-6.458950467126009,-7.937807709038489,4.2345377839745355,0.1300958623952182
0.3351032163829113,75.67098422593271,-28.275164405742764,77.52999701078748,-28.73741778575115,12.555402993861449,-1.0795053569653315,-0.0058900797362141655,-0.006431034437529792,-39.02587300698147,30.06102329100942,3.766235558854972,0.1356495282344703
0.3490658503988659,76.95005026186134,-28.814754357053666,79.5030214988503,-29.018442752845502,15.0079879742599,-1.0015024557166288,-0.005680308878426186,-0.007020042411151284,16.69220414576981,-2.6753330084666946,3.903456463482262,0.1412446745986382
0.36302848441482055,78.75572268423474,-28.540365273182392,81.46604436122055,-29.31045941623914,17.639457145459776,-0.8786175683448704,-0.005618492965235334,-0.007588073298993692,27.448089939916784,-12.108445103091968,4.543118555700407,0.1469025155185295
0.3769911184307752,80.2678651565883,-27.777067931524975,83.41868290270169,-29.613410846704923,17.68975841763602,-0.9212903906166701,-0.005700517278020228,-0.008149922595517278,-13.299076108747698,16.879583164355427,4.784832787241539,0.15263708405398946
0.3909537524467298,81.69669990965211,-28.354771311149207,85.3605564525411,-29.927237983261215,19.635695825864076,-1.2233018922665662,-0.005938111287548063,-0.008719974323319502,-64.75221653466166,77.34671377292855,5.527995648266818,0.15843631797585722
0.40491638646268446,83.76121555786239,-28.790280297047634,87.29128643864266,-30.251879644685943,21.55865314755971,-1.3898475653485556,-0.006440894367913729,-0.009313785452074175,-37.285480131282384,50.05537312809185,5.907488337655609,0.16428864459654147
0.4188790204786391,86.3156397803715,-29.46096440065871,89.21049646137003,-30.58727254144395,20.460071511682763,-1.4885446579413195,-0.007029390815234795,-0.009957874888865348,-30.705748577084055,29.420327323963598,5.73793024458764,0.1701814007668112
0.4328416544945937,88.94949598892072,-29.9838990114646,91.11781236692656,-30.933351288025484,17.728503682984176,-1.4812657993694625,-0.007334832372534567,-0.010660813970388983,-12.523452776682744,3.2452604849165927,5.022826365419228,0.17609104849497648
0.4468042885105484,91.99475160128634,-29.894269948356328,93.01286232029734,-31.290048415693178,14.925471270378868,-1.4369989995853223,-0.007249762897169594,-0.011394297207642623,-4.972209305159378,-5.148310868872888,4.268134511602443,0.18201208926936197
0.46076692252650303,93.197513657154,-29.19959811270347,94.89527687773914,-31.657294385635232,10.138442203003969,-1.5051673834326151,-0.006990093536641342,-0.01211927349735964,-33.842986091241954,13.780119719322606,3.3943043537349697,0.1879759983449416
0.47472955654245763,94.13512279166663,-29.405575827911402,96.76468905880412,-32.03501760252215,14.320880427956489,-1.8183528739768735,-0.006628578656156984,-0.01281828285102371,-65.97641165316651,87.66884625512273,4.556790979338566,0.19402509879189678
0.4886921905584123,94.96667092620713,-29.837678733162708,98.62073441788363,-32.42314442846438,17.649249059770874,-2.1131404094962485,-0.007029322530592627,-0.013481140716639306,-65.46470036254003,83.78999226711281,5.406147604375628,0.2001802302678315
0.5026548245743669,97.3381359981344,-29.97089212170154,100.4630511152573,-32.821599197368194,21.613087403163064,-2.332760878452781,-0.007859224783909118,-0.01418407296969848,-49.224759175459354,71.1142459651208,6.254116765722197,0.20645507045104416
0.5166174585903216,99.32360706462408,-29.818607671584353,102.29127998763465,-33.230304229686865,18.174604754216983,-2.5661033632538834,-0.009088215081472985,-0.014969995448089524,-70.72071542750203,58.08527984095628,5.9293678137221155,0.21277700607197136
0.5305800926062761,100.59137327411429,-31.20227407745142,104.10506461817457,-33.649179847564554,18.15738697580894,-2.8889972307437812,-0.009626989402288186,-0.01587881695623672,-83.55278670300682,86.49618784745165,6.126631989257935,0.2191068596812218
0.5445427266222308,102.05739274289225,-30.59981979057725,105.90405140596953,-34.0781443903696,20.754805775454994,-2.8836386641349216,-0.010085787696957884,-0.01684151589646543,-8.71424103339528,24.009553226872185,6.041123983946775,0.22540859324304474
0.5585053606381855,104.00636359048131,-30.44199741075134,107.68788963498073,-34.517114230614446,21.559296102906035,-3.151338882958031,-0.010919467734383168,-0.017850094666161276,-71.39056719053093,78.64119823389494,6.859131940833654,0.2317552384101229
0.5724679946541401,105.69473727441267,-31.335908962376926,109.45623154241098,-34.96600379025895,20.51770119168976,-3.512191988237887,-0.011909894278933617,-0.018942041439599766,-97.3091065901793,95.86359325208473,7.082915671903455,0.238158949355471
0.5864306286700948,107.78440812310666,-30.449318292402758,111.20873238650162,-35.42472555739404,21.167717020161177,-3.6621050326411635,-0.012595634960488641,-0.020133030867492963,-50.20436294407998,56.52280674533535,6.864587623727165,0.24458654855675066
0.6003932626860494,109.70152508939348,-31.27934939010284,112.9450505137407,-35.893190103302295,19.263315690954425,-4.139407215482492,-0.013481227747327332,-0.021392594363542017,-127.4535717782346,121.70772590336846,7.501197916167498,0.25102683401425363
0.614355896702004,111.11486841792569,-31.31754124023835,114.66484742546898,-36.371306099892294,18.926496853992425,-4.394672912000121,-0.01399478743882612,-0.022740717138274746,-79.00911267295768,80.24855314914906,7.110737777907136,0.25751491724724795
0.6283185307179586,112.30479061481901,-31.661720093108414,116.36778784387097,-36.858980337503155,20.367873852301457,-4.7050713787474585,-0.01451709286026483,-0.02414019588215721,-88.15960674272833,97.73064843706791,7.635490145640179,0.26403563492217685
0.6422811647339133,114.54566590846323,-32.71071630377416,118.05353977733787,-37.356117743076,22.400898748794646,-4.974328827250865,-0.01551508386267607,-0.02559190516818388,-79.6040005479602,92.17925672473986,8.091617979707005,0.27063120022350384
0.6562437987498679,116.30153975637342,-32.86335352621419,119.72177458519015,-37.86262139868856,19.419966989075725,-5.024956554746098,-0.016851306927128988,-0.027143413554451712,-45.977630552012755,35.01862979266686,7.3030286279250305,0.27730594590958857
0.6702064327658226,118.26309675504586,-32.56280398833721,121.37216704174656,-38.37839256044962,19.62065804036251,-5.158211801067635,-0.016872926598056857,-0.028828544247164523,-56.797444351102584,60.40633866363269,7.491789947423187,0.28401771808364495
0.6841690667817772,120.06031384255499,-33.254528282820736,123.00439539972764,-38.90333067774923,18.00771857004243,-5.482320028147951,-0.01719959573031993,-0.03051583690697024,-102.86558168124523,97.85344112026534,7.917208569767974,0.29073832582922066
0.6981317007977318,121.69543436204474,-33.5462881014298,124.6181414529809,-39.43733341286133,17.66492514920729,-5.676579265705706,-0.017176854786302015,-0.03223579648000241,-73.99202705382417,74.64151143104402,7.681202497162599,0.2976050901344416
0.7120943348136864,122.27589101717295,-35.1045227874314,126.2130905985158,-39.98029666089462,17.619196468483803,-5.887311407461044,-0.01726413423196826,-0.03395348195863246,-77.9802570939932,79.93079449302097,7.86165911332923,0.3045936062288419
0.7260569688296411,124.87598548983826,-34.33309829989718,127.78893189783625,-40.5321145700881,22.47541984207099,-5.759919095861404,-0.017324240260449833,-0.03567989538182914,5.087014706326326,20.11541484395772,7.736431497210278,0.31174516642938555
0.7400196028455958,126.49442988089808,-34.821555761337784,129.34535813755852,-41.092679562446975,16.346453404331733,-6.035361565474492,-0.01904289632044437,-0.03741231940787415,-106.39144746540548,80.28247766777636,8.103531989768678,0.31905538318383275
0.7539822368615504,128.2466717620788,-34.76834452731819,130.8820658893033,-41.66188235471531,17.504785131094653,-6.258226503383117,-0.01824710421416864,-0.039316609039918404,-80.01470689012561,87.35994450455605,8.126587084768238,0.3265338639718265
0.7679448708775051,129.35287163763914,-35.232468387444065,132.3987555688496,-42.239611979680944,16.18563026174237,-6.598451034218519,-0.018481331418549005,-0.04114131946133526,-112.2630346121949,107.98462944672046,8.547493040838544,0.33402193247066503
0.7819075048934596,130.19157090434095,-36.87672544528134,133.89513149453919,-42.82575580780875,18.434528302090744,-6.877323638337398,-0.018429358860445007,-0.04298945260318998,-92.70236962757673,105.0641082390931,8.848171475275224,0.3417785140093943
0.7958701389094143,131.87693982219793,-37.58761315403812,135.3709019449205,-43.42019956919808,21.113590268752247,-6.782311618565483,-0.01932989769606378,-0.04483238848923454,-12.761218316294492,27.516412962767482,8.345209622189174,0.3497084026608581
0.8098327729253689,133.93455052526528,-38.51995872396099,136.82577921562012,-44.02282737585982,19.46009839206068,-6.683058695745049,-0.020771660514260527,-0.04676537825884086,-21.39764714293983,16.069534935863004,8.11806586710305,0.35784834388902054
0.8237954069413236,136.54351042887217,-39.51871708053951,138.25947967543144,-44.633521744309014,16.99241346553029,-6.528372148780795,-0.020813773178644596,-0.04884254431026669,-11.07344428403145,1.5928451924362834,7.488702488263492,0.36611155580132726
0.8377580409572782,138.69008937445795,-39.972103709881246,139.67172382160913,-45.252163618468515,12.013999457543232,-6.3283934822431025,-0.019724156406324717,-0.0509239216281312,-6.648546336605457,-15.191883265671487,6.531319027102337,0.37445274350083446
0.8517206749732329,140.1828213817418,-40.21978639685641,141.06223633435866,-45.878632392879176,9.642308337029995,-6.231835942116898,-0.01717581229858938,-0.05289633726876364,-21.918572751144556,11.600357110135597,6.365073627417315,0.38302107239432726
0.8656833089891874,141.91783928323485,-40.987675807952876,142.4307461305105,-46.51280593621215,9.661469131275414,-6.261171124748737,-0.014887775540685926,-0.05461391849862274,-42.81513502853474,43.4499336506307,6.682459173002101,0.3919393033843366
0.8796459430051421,143.54721547589972,-42.53017666998867,143.77698641636837,-47.15456061507862,7.899964949549736,-6.254386830087872,-0.013587645588409098,-0.05610269605269114,-39.34582933974112,31.507202055413202,6.441032237692724,0.4013632993287968
0.8936085770210968,144.42782014654412,-44.155025458281564,145.10069473972112,-47.80377131813238,6.85100719461358,-6.026834694045095,-0.012094181682797588,-0.05746146061153201,9.716436151063686,-14.49145720243215,5.497644799007392,0.41127743615436607
0.9075712110370514,145.1847614047172,-45.2980773658623,146.4016130410083,-48.46031148046051,8.934091818375835,-5.6187059812118365,-0.01067809635434156,-0.05867087877981181,57.251721826183925,-47.26981013394292,4.736174207417487,0.42159376034774976
0.9215338450530061,146.67351867066432,-45.30116789485802,147.67948770362943,-49.12405310825751,10.787361795232465,-5.186843998444008,-0.010358205078783314,-0.05973868841524599,64.42965642841023,-55.054816157828334,4.567466440805119,0.43234288633035867
0.9354964790689606,147.58897611363122,-45.68693668657596,148.93406960338712,-49.79486680377792,9.31793259935699,-5.014336970510693,-0.01064134292833988,-0.060774508923124415,3.499073140280553,-9.476590668225043,5.030250530884304,0.44352881361530416
0.9494591130849153,148.40986421254198,-46.645991005161626,150.16511415705415,-50.47262179056264,11.16477551823502,-4.948747298610517,-0.010335583235549345,-0.061838643215958555,-10.735136763559014,20.300244391495944,5.435004060098844,0.4550541278339453
0.9634217471008699,149.42758461130026,-47.504778510945115,151.3723813700556,-51.157185938934106,12.517035752505894,-4.824313746093107,-0.010612000756360186,-0.06287220153951356,1.295939698450155,6.274651611128074,5.3969794921842205,0.4668712085821709
0.9773843811168246,150.75482928890503,-47.87811110479826,152.55563588325626,-51.8484257917552,12.959081359966689,-4.685092547880763,-0.011050992037455264,-0.0639334016151496,3.140588527596354,0.3823407669353517,5.352754100467753,0.47905211347588983
0.9913470151327792,152.3356724468451,-47.92916448903688,153.71464701884426,-52.54620659044699,12.118831968211252,-4.661869209931473,-0.011382434937653771,-0.06503850081889517,-24.00288669399574,21.544120545896487,5.527353476809378,0.491552283488768
1.0053096491487339,154.44698465106316,-48.10399773515367,154.84918882530226,-53.25039230126021,10.344699346278261,-4.8169467688749785,-0.011430887949932616,-0.06617674431266041,-64.48769834174934,57.438186974224266,5.885000426028149,0.5043696133002542
1.0192722831646885,155.51219115437632,-47.8865378429531,155.95904012145715,-53.96084564179526,6.226141066245536,-5.087766758893973,-0.011146761777066446,-0.06731983310765388,-95.99223315826255,77.4265919742723,6.048882470926375,0.5175295021023736
1.0332349171806432,156.25741145206334,-48.22365563471132,157.04398453959965,-54.67742810776572,7.492046784861264,-5.544797212306008,-0.010061850175477475,-0.06843450928536043,-125.12801047138261,131.3405271211271,6.961507133066855,0.5310753801561598
1.0471975511965979,156.41155985864387,-49.09047718123443,158.1038105676658,-55.40000000000001,8.808270888850675,-5.987240637212722,-0.010002786827291638,-0.06944069430290822,-124.35124336699523,130.92340068993022,7.410068025552011,0.545056113042119
1.0611601852125523,157.9190272522469,-49.409518871622204,159.13831159047143,-56.12842045167604,12.651555703969308,-6.262925836819789,-0.010518415230061825,-0.07044097298563745,-84.95502804881995,103.67891240791631,7.547702993956443,0.5595678467359448
1.075122819228507,159.5261458874474,-49.41985318425983,160.14728592999245,-56.862547455783485,9.549471954936287,-6.589364052945836,-0.01234964459112051,-0.07149281450864375,-113.64020860274474,99.9761585462707,7.778995552850858,0.5745244998474996
1.0890854532444616,160.55305400214218,-50.69119568766934,161.1305368846822,-57.6022378928083,7.5527476158643045,-7.044920827670399,-0.012543191755924549,-0.07272777896775562,-141.01764522396033,131.9568426990032,8.338194648165503,0.5898855105364742
1.1030480872604163,161.003419806765,-51.910435951563386,162.08787276781882,-58.347347558634155,7.746386614187432,-7.233695460754656,-0.011959240906478891,-0.07398209814334811,-81.32845263986904,82.2021716835707,7.808478092096512,0.605536588190871
1.117010721276371,162.62173174956285,-51.99431460577544,163.01910694487503,-59.09773119265536,9.942769711221324,-7.235850064031659,-0.011685709372231083,-0.07517802223399617,-37.520961621095424,47.90801955165888,7.46459694299468,0.6216590798212449
1.1309733552923256,163.5830720824984,-52.73490659395999,163.92405786990292,-59.85324250609565,6.252715709109149,-7.4342568769757635,-0.012543209876154668,-0.07634659317121928,-93.47539073189506,76.27358697778104,7.966103254801016,0.6383485578246959
1.1449359893082802,163.78614094113652,-54.26983283077359,164.80254912092656,-60.6137342105275,6.812121648199819,-7.586852950433183,-0.011562844935305431,-0.07760091415883474,-75.06151378740135,77.33763193763555,7.972643781007672,0.6555919668206385
1.1588986233242349,164.57953472545555,-55.71621533498127,165.65440943433595,-61.37905804658631,9.638176732346713,-7.477474131086751,-0.011155608982587707,-0.07875719865236519,-14.175026129721271,27.296081738641487,7.350612922187446,0.6732942581314183
1.1728612573401895,166.04024398006612,-57.68512320199421,166.47947273827506,-62.14906481287383,9.031791708363148,-7.218271223232611,-0.011996310859982798,-0.07987275955062412,10.76483517932741,-13.417991603036343,6.7075566980666785,0.69165722683708
1.1868238913561442,167.1891308305071,-58.34829568843582,167.27757818501811,-62.92360439504529,5.834758270681268,-6.745353286126765,-0.011961465810849302,-0.08107239063662242,51.92132909512962,-66.94244310829042,5.38262771745307,0.7106413887492105
1.2007865253720988,168.73604281357598,-58.580957986651526,168.04857018232684,-63.70252579507447,4.77900468011079,-6.421838500461104,-0.010550591981286429,-0.08226853721770722,27.361345828625936,-32.6732510658536,5.422768299890018,0.7301394434085435
1.2147491593880535,169.06218284810996,-58.84149547402034,168.79229842378373,-64.4856771606911,1.3983673119800537,-6.329642601417124,-0.009379081451493524,-0.08332359641583587,-26.016401340644997,9.532408099371244,5.904987147991974,0.7502559244014853
1.228711793404008,168.90229486658376,-59.72931512150284,169.5086179180945,-65.2729058149847,4.154153898041937,-6.388169954079866,-0.0075541722853301905,-0.08426150456098513,-43.52587525486963,55.62288027186905,6.446886321750629,0.7711446949839873
1.2426744274199626,169.67548871476274,-60.560853567860576,170.19738901735445,-66.06405828616934,7.468138951185146,-6.388712216482896,-0.007487756912207117,-0.08501692178951803,-29.73610660834653,44.98224599649586,6.465774495112662,0.7927971303138279
1.2566370614359172,170.34275533256385,-60.508483107770594,170.858477444273,-66.85898033750316,6.188557875749191,-6.381762190409703,-0.008648452776599756,-0.08576569748073881,-38.743238209219804,32.75555407253098,6.408265220840723,0.8152926753990419
1.270599695451872,171.11466162033145,-62.00793227707576,171.49175431835152,-67.6575169973572,6.558357328191251,-6.604416562957277,-0.008970956443038403,-0.08663054275839865,-84.28246774341795,85.90458986024692,7.240779255287305,0.8384680949616872
1.2845623294678266,171.81123465509896,-62.6662812698689,172.09709618100862,-68.45951258942742,5.578004294464823,-6.586748592881466,-0.009240688993065379,-0.08752763840270239,-37.13519391466794,32.34956137288395,6.525953278467176,0.8622114896329536
1.2985249634837812,171.38308828802175,-63.35251632721859,172.67438501964872,-69.26481076308406,5.313968202947099,-6.6143897277457375,-0.009046018120459935,-0.08845170730200902,-45.16723587125622,43.61150529968776,6.654744174245372,0.8866153517952666
1.3124875974997359,171.4667256733678,-62.82537644079312,173.2235082906689,-70.07325452385257,9.980529818854073,-6.6451463092178455,-0.008846840796743445,-0.08935630911405479,-34.28708291122265,56.12439704922504,6.968175348958912,0.9116911348371843
1.3264502315156905,172.42658656279013,-63.87183104310339,173.74435894139947,-70.88468626401995,11.259414812371627,-7.026000612635862,-0.010700044625542447,-0.09024099319372914,-117.29187520910382,123.87300682334777,8.374967948022553,0.9374885824940211
1.3404128655316452,173.74600779745955,-64.66300748625257,174.23683543097403,-71.69894779336066,8.811105235268398,-7.251085005615242,-0.012400513420796445,-0.09131099765628337,-94.86852637423183,83.86712959774849,8.033726257902927,0.9640081882003146
1.3543754995475998,174.5116338472322,-65.29433155490868,174.70084175012516,-72.51588036997622,5.489342325741593,-7.443374050960371,-0.012489685002603914,-0.09255104899836297,-91.51326510579489,75.85020711482937,7.910709222635174,0.9910411043640144
1.3683381335635545,174.4242366120682,-65.87105016956812,175.1362874399016,-73.33532473124214,4.862501570940599,-7.6447090542400735,-0.011240211458508752,-0.09380001749862332,-88.47375338857307,84.9648288046819,8.06521936296069,1.0185949567943062
1.382300767579509,173.90950596416656,-67.0508561291388,175.54308760930329,-74.15712112485652,7.448411741145943,-7.848634518056689,-0.010323512615929517,-0.09492403864447407,-82.55340577839158,94.15730515679408,8.361267812364813,1.046818820580707
1.3962634015954636,174.3875454657928,-67.8022601664916,175.92116295183118,-74.98110933998419,10.97074096981852,-7.8778364283018,-0.010915898181184444,-0.09595638990606714,-43.68744883552912,60.172074716079955,8.181422848389122,1.0758297604169802
1.4102260356114182,175.94709810825856,-68.50474490263389,176.27043976094816,-75.80712873848991,9.603700861545434,-7.922454230495245,-0.012850822388530267,-0.09704797972418566,-58.498066526825674,52.374451073538104,8.223333374106554,1.1055726607126806
1.424188669627373,176.34751784650626,-68.45064339191597,176.59084994444825,-76.6350182862553,4.240130348022587,-8.020747554064162,-0.013396236922754653,-0.09833306196303848,-80.01211859829262,54.619124706618315,8.155719570891364,1.1358695042344262
1.4381513036433275,177.89255133603078,-68.40157047279372,176.88233103773123,-77.46461658457265,5.298246463696014,-8.34243139513464,-0.01144322251794133,-0.09967268565531384,-113.82587173524044,117.95610500418069,9.029824907906104,1.1665535019207598
1.4521139376592822,177.69253542410456,-69.62981998055459,177.14482621598054,-78.29576190160995,-0.5224760662231933,-8.86653337870181,-0.011027449816887561,-0.10081700790710801,-175.33808882534063,146.8696576497081,9.922404793456808,1.1977255793849164
1.4660765716752369,177.191093500238,-70.15677765130488,177.37828430524098,-79.1282922039408,2.8945310155200783,-9.121821855115558,-0.007874495353557854,-0.10191975288879673,-99.17532020586941,113.4327188991312,9.503669204267712,1.229592106040121
1.4800392056911915,176.9704102817042,-70.90846194625053,177.58265979239553,-79.9620451881332,5.538634268830316,-9.376008612616978,-0.007844557872947912,-0.10270720242415265,-101.78404682811086,112.93384497844445,9.81308288102844,1.2619505951230359
1.4940018397071462,177.87715524167973,-71.61039895937104,177.75791283403802,-80.7968583123909,6.830711463976536,-9.573540477973536,-0.009249532848111147,-0.10349165821144757,-94.05410425818877,99.19949183854646,9.919704782090562,1.2950209966196935
1.5079644737231008,178.23545122772046,-72.54377434560826,177.90400926424073,-81.6325688282412,3.0934400547987972,-9.777108619142027,-0.010820834681276426,-0.10441661149625858,-108.40363162392039,89.82092346303129,10.022205845971072,1.32843264592243
1.5219271077390555,178.49036807142062,-73.24948294988597,178.0209206012151,-82.46901381226321,2.9067071779966485,-9.904040059939904,-0.009679568720094806,-0.10549869496438635,-85.09846128901093,82.66025142300919,9.927557698656502,1.3619796298316567
1.5358897417550101,179.03871930267223,-73.39957407307895,178.10862405286434,-83.30603019784995,2.292569795572112,-10.038758535080092,-0.008952978850430449,-0.1064666518363957,-88.48397843842305,83.94693118619999,10.063790093510264,1.395579486687946
1.5498523757709646,178.53097937737888,-74.0164227874194,178.1671025212268,-84.14345480699858,0.4723333354207164,-10.349216444332567,-0.008311319432029157,-0.10736194972143887,-129.90766042990734,119.48764803939605,10.779178495524906,1.4294349912791293
1.5638150097869192,178.6197996925797,-75.54793511798663,178.1963446058092,-84.9811243821223,3.558415493642482,-10.621536437334466,-0.0068995295737476255,-0.1081930816646417,-111.98242076010109,124.48226722907833,10.969806811937202,1.4634343770734577
1.5777776438028739,178.92819740349503,-76.44828662780695,178.1963446058092,-85.8188756178777,2.2497653551907533,-10.622811100534378,-0.007817139019969712,-0.10888303462201643,-65.42599913963645,57.52800310468474,10.27966599471084,1.4974979288096266
1.5917402778188285,178.92242419035392,-76.80787024571586,178.1671025212268,-86.65654519300142,1.0051099137913548,-10.616028232605666,-0.007545978322291056,-0.10966474852401342,-63.7161774390692,55.88060348905667,10.236591637536447,1.5316314373154432
1.6057029118347832,178.741402422376,-77.86800767829845,178.10862405286434,-87.49396980215006,1.269597478395959,-10.7491082365593,-0.00671816519746463,-0.11041934635624262,-90.23699182777177,89.35024381910137,10.717042240926425,1.5655316637378645
1.6196655458507379,178.3424944031178,-78.94586201227601,178.0209206012151,-88.3309861877368,1.611671395710233,-10.778895879775032,-0.006359988059615272,-0.11109116287598919,-68.56756955270647,68.06560697530323,10.487755400637067,1.599249003099673
1.6336281798666925,178.51807650635897,-79.96806391187673,177.90400926424073,-89.1674311717588,2.782995854537485,-10.723088731545111,-0.006320178725705487,-0.11172716168195063,-48.33051425494872,51.82803463608059,10.230969909989273,1.6327732916699549
1.6475908138826472,179.27868217403483,-80.0506049805186,177.75791283403802,-90.00314168760913,0.9693615993905991,-10.639927796272248,-0.006989713648301984,-0.11235917955452113,-49.11860095363535,38.6505131642448,10.063828037765495,1.66599514389601
1.6615534478986018,179.64602089189074,-81.04604826316607,177.58265979239553,-90.83795481186682,-2.617584409277816,-10.824028953874757,-0.006409927054820559,-0.11305815091935134,-110.47056890751561,91.25474459704914,10.91986301667333,1.6988243600880433
1.6755160819145565,179.37589409196974,-82.5345026198375,177.37828430524098,-91.67170779605922,-4.404388475402337,-10.929590936916334,-0.003843388599769967,-0.11369914362483335,-90.68623527380278,79.32332395246544,10.864956039275677,1.7311362376302162
1.6894787159305111,178.91242276556937,-84.04398248890388,177.14482621598054,-92.50423809839006,-4.063798429847076,-10.818602678605405,-0.00113714030098256,-0.11408348248481026,-39.755285192652956,38.15424179708119,10.21632465124228,1.7630069460811617
1.7034413499464658,177.70312850061987,-84.64418153096993,176.88233103773123,-93.33538341542736,-3.5293199021953385,-10.542588779707144,0.0002610966506854011,-0.11419719651490867,-3.0336704674350523,2.4457243506341246,9.510594282211718,1.7945916871463765
1.7174039839624202,176.45042776400547,-85.77103194823093,176.59084994444825,-94.1649817137447,0.698471773929874,-10.37610141809796,0.0006166569450667249,-0.11417108684984001,-16.064410453002697,33.20827181581095,9.58555161202751,1.8258664064561365
1.7313666179783749,176.534896263199,-86.31966140391255,176.27043976094816,-94.99287126151009,3.886100709503743,-10.142687920899101,-0.0016660569009861704,-0.11410942115533329,-2.788616603386256,15.806157738667224,9.223595611321304,1.8566677676784928
1.7453292519943295,177.14064054181787,-87.53812550083364,175.92116295183118,-95.81889066001582,1.226803291464834,-10.062356220161808,-0.004875506848573168,-0.11427602684543192,-48.045404929782265,33.90214244319996,9.519034879518559,1.8868643943551362
1.7592918860102842,177.38704783183815,-89.17672180138733,175.54308760930329,-96.64287887514348,-2.8749169874875786,-9.924717960844392,-0.005132788034603903,-0.11476357753028932,-39.10190505967408,17.628562839115524,9.243847109250149,1.9161706209516782
1.7732545200262388,176.41482033409125,-88.69276366210053,175.1362874399016,-97.46467526875789,-5.308601222921289,-9.620872803942019,-0.002862641349933958,-0.11527685633374984,0.9769130161434344,-15.240541103275682,8.588136877065363,1.9444769740392132
1.7872171540421935,176.0803724655221,-90.16234687737374,174.70084175012516,-98.2841196300238,-1.6298349344359222,-9.742551172255915,-0.0005224599944670103,-0.11556312046874329,-74.25726235716652,88.68977178942204,9.743296766993787,1.9720666158619995
1.8011797880581482,176.008581919152,-91.62717636536907,174.23683543097403,-99.10105220663935,-3.387169505327658,-9.65319378715954,-0.0010724615481456704,-0.11561536646819004,-42.09647713396037,31.324872268706322,9.126833063072414,1.999184641512966
1.8151424220741028,175.5809848570758,-92.38649695111526,173.74435894139947,-99.91531373598008,-5.24464879577001,-9.422554525718668,-0.0003502345567112263,-0.11572261262300465,-11.654338830518022,0.10456474155977252,8.591852347841025,2.025834444982418
1.8291050560900575,174.28994957201212,-92.80420902472994,173.2235082906689,-100.72674547614744,-5.222825241302992,-9.270340519677838,0.0009704917218742449,-0.11575763607867584,-22.83364904318179,19.93633451837096,8.667031857588801,2.051727050768844
1.8430676901060121,173.60164814733443,-94.37302053033366,172.6743850196487,-101.53518923691595,-1.599971200425169,-9.242690595573235,0.0015986094080866352,-0.1156605869064884,-40.08238283801533,54.35289086710092,8.879192772343492,2.076992985119742
1.8570303241219668,173.9120951162283,-96.48972659489412,172.09709618100862,-102.34048741057259,-2.317122150431135,-9.01101726768076,0.00016060729498424222,-0.11550072596567951,-6.046787843884157,0.35170645769744247,8.108280033834495,2.101698274240856
1.8709929581379212,174.3709731147625,-97.41438705236504,171.49175431835155,-103.1424830026428,-7.066061444713091,-8.52313275172328,-0.00016595379573644054,-0.11548466523618117,40.61323688010649,-65.55741570793141,7.079351481506467,2.1257823304355625
1.8849555921538759,173.3412165660604,-97.77330738557363,170.85847744427303,-103.94101966249684,-11.127588162945463,-8.157781283157632,0.0018215995057510792,-0.11550126061575483,18.295620603298136,-40.72503069525324,7.411785146834944,2.1490493534788113
1.8989182261698305,172.7839842100008,-98.08592406502568,170.19738901735445,-104.73594171383067,-8.248500645341819,-7.991166166053041,0.00458341093814489,-0.1153191006651797,-6.055220903583527,15.976982296383927,7.63949791838612,2.1716231015742244
1.9128808601857852,171.12336447982642,-99.90745021148089,169.5086179180945,-105.5270941850153,-9.25823927517246,-8.001252129963836,0.004648176371484223,-0.1148607595713651,-51.89666651343031,43.8970706615621,8.13013143195006,2.193749091305412
1.9268434942017398,169.9999447775537,-100.566036689212,168.79229842378373,-106.31432283930891,-5.255335282313493,-7.706312273555513,0.005318916869417647,-0.11439594193421687,25.40398907500517,-9.752941486796562,6.817762523500386,2.2155200599732767
1.9408061282176945,169.95106502400472,-102.34518331930211,168.0485701823268,-107.09747420492555,-4.3613129850578485,-7.5074776121127424,0.0037443918430968273,-0.1138640502472752,-0.5254037054119896,2.2013988585077118,6.816710264678066,2.236682563355728
1.9547687622336491,169.22086234416204,-102.9894847077969,167.27757818501811,-107.87639560495472,-8.45373961148493,-7.1255893430731385,0.002512131928045482,-0.11348961106296551,28.099261736924664,-49.92423167818784,6.143438876328876,2.257314177853073
1.9687313962496038,168.11014488497923,-103.53997214726093,166.47947273827506,-108.65093518712618,-7.766319251457006,-6.872805056882288,0.003305489858403277,-0.11323839787016077,13.50354285363769,-13.255993380952443,6.290249478451776,2.277207870236592
1.9826940302655585,166.88254081473573,-103.50625064009526,165.65440943433592,-109.4209419534137,-6.490924761726245,-6.731081200644058,0.003309345925717528,-0.11290784888432048,-7.391112732332361,10.624571140937617,6.373103048313825,2.2964156957277746
1.9966566642815131,165.9655620229643,-104.21110136037213,164.80254912092653,-110.18626578947251,-4.638333830738593,-6.823093016159873,0.0026329406469507936,-0.11257691429174876,-55.29410826662979,61.542552913941186,6.996353896296621,2.315158224646776
2.0106192982974678,165.64814905391242,-104.57565440378433,163.9240578699029,-110.94675749390437,-4.878260413755062,-6.905086541541674,0.0015678481804923571,-0.1123136202270536,-58.513350306086025,55.12837980745496,7.038238611766262,2.3333745613334407
2.0245819323134224,165.6679174742037,-105.81745820583225,163.01910694487503,-111.70226880734465,-7.350174232523319,-7.090247081192079,0.001018040158356692,-0.11215683540900434,-86.5338820019808,72.46928603190558,7.596084206229235,2.351014666204128
2.038544566329377,164.36046549981816,-107.68530438663464,162.0878727678188,-112.45265244136586,-11.422020551802625,-7.124275845266364,0.0018333665004721315,-0.11205503139316875,-59.19763229049447,37.022598673297004,7.539398029217783,2.3680574931356517
2.0525072003453317,163.73307464455036,-107.96854929551994,161.1305368846822,-113.19776210719172,-9.466791225734188,-6.846174876804205,0.004133535270415174,-0.11187169474312153,21.657706741272165,-15.9275438249971,6.389024102302601,2.3845721493634917
2.0664698343612864,162.21485465339595,-108.35175618136317,160.14728592999245,-113.93745254421653,-11.31648619061916,-6.765891127150178,0.004396578469585304,-0.11145834121608011,-27.982831800868002,16.048058132356548,6.963166427549435,2.400712417807814
2.080432468377241,161.06730158288437,-108.93343745855981,159.13831159047143,-114.67157954832398,-8.349578629762455,-6.783235809829035,0.005160732432224703,-0.1110186833691218,-37.195467578906445,47.846921775597195,7.028889286908192,2.4166436900462243
2.0943951023931957,160.2721897395979,-109.7157551344721,158.1038105676658,-115.40000000000002,-8.452363640325943,-6.831527917697933,0.004446489037378315,-0.11050261012589946,-50.932931180665655,47.527805743314595,7.113277029586219,2.4321787569568625
2.1083577364091504,159.71152043464815,-110.57630819329597,157.04398453959965,-116.1225718922343,-9.702378059407081,-6.859212577790696,0.004113240868503629,-0.11005796122216172,-49.55825220029668,40.66593473936173,7.174162653636893,2.447383797048869
2.1223203704251046,159.18607696481655,-110.2479472150409,155.95904012145715,-116.83915435820475,-11.926280805749045,-6.856975974316482,0.00444002833050653,-0.10964663713531131,-45.73787445164831,31.976846217638478,7.300982850698845,2.4621265782484865
2.1362830044410592,158.167087830288,-111.05856854444357,154.84918882530226,-117.54960769873979,-13.537161154330015,-7.158342641695675,0.005321542798888411,-0.10920263430226074,-109.6794057291531,98.42517920328481,8.492516974011279,2.476460331350564
2.150245638457014,156.73169722260138,-111.70149194838798,153.71464701884426,-118.25379340955301,-13.768977008450545,-7.353665013284869,0.006737569566361184,-0.10867048002237212,-85.468312364323,80.40205587057882,8.461411823029241,2.490465704272129
2.1642082724729685,155.35534839395794,-112.3227842212919,152.55563588325626,-118.9515742082448,-12.430058245060856,-7.503118526137515,0.007813894395033551,-0.10799672306573616,-72.96144626029432,75.27527084234748,8.366790369350941,2.504212321769277
2.178170906488923,154.38403154514293,-112.82372813875305,151.37238137005562,-119.6428140610659,-11.842846632588016,-7.625724821451018,0.00798603131981103,-0.10721533362623292,-69.67032585324726,68.61918078766791,8.33347845552355,2.5177672937669975
2.192133540504878,153.838311678057,-113.35064555375422,150.16511415705415,-120.32737820943737,-12.998233842179596,-7.773446086932686,0.007900463566386778,-0.10641673049425204,-79.85707899232843,70.59622384600503,8.608369666249157,2.5311098179330105
2.2060961745208325,152.64556103951196,-114.03923245126467,148.93406960338712,-121.00513319622209,-15.834518536318557,-7.944793529637626,0.008445858956589586,-0.10562668413761322,-89.89570054184745,72.39177466166548,9.090806971642056,2.5441621579853613
2.220058808536787,150.3158947158711,-115.16073073498713,147.67948770362946,-121.6759468917425,-15.498994201901697,-8.066343381186686,0.01018822658287358,-0.10478209824195428,-72.88138903993453,69.89837830117692,9.109406776665853,2.556910748492912
2.234021442552742,148.28114493794322,-116.06190029974131,146.4016130410083,-122.3396885195395,-11.038384161636493,-7.997208234833307,0.011240994698746344,-0.10376327558366683,-22.693728178905946,39.36175431925046,8.176737485241404,2.569430423140777
2.2479840765686965,147.04769801769126,-116.15046767773376,145.10069473972112,-122.99622868186763,-8.855948189002742,-7.8591451765168765,0.009793115217623168,-0.10263917611379236,-12.440704705546498,19.11161365191216,7.62890382522507,2.5818521601787072
2.261946710584651,145.74716671558627,-116.85704316674237,143.77698641636837,-123.64543938492139,-9.506173545966124,-7.910478421710341,0.0078038453527547675,-0.10165986459203014,-58.93647569876546,52.570244198476544,8.177539683215924,2.5941178368228965
2.275909344600606,144.29530433438296,-119.01645016256386,142.4307461305105,-124.28719406378787,-9.642392828539165,-7.931049126940221,0.007005159470140913,-0.10087948005675473,-51.560980552058524,47.50594120249067,8.136693913991131,2.6059877949753045
2.2898719786165604,143.8262867070093,-119.3005838905886,141.06223633435866,-124.92136760712084,-10.04883972945965,-7.541291179567605,0.006851590341847372,-0.10017896410974059,35.776969423479336,-41.14773971331445,6.732070908703692,2.6174178857219417
2.303834612632515,142.85052386436655,-119.87169504768785,139.67172382160913,-125.5478363815315,-14.047808446581875,-7.361279356778122,0.006613337981727567,-0.09949380507555583,-15.613497836223022,-6.820651434160591,7.502569989965893,2.6285367554198804
2.3177972466484698,141.49219564659498,-121.36049811740016,138.25947967543144,-126.166478255691,-15.127754870127953,-7.251394519340856,0.00801041682529977,-0.09883247127738315,-23.074954875623774,13.831951232079598,7.791147693409062,2.6394181161359866
2.3317598806644244,139.53420828223273,-121.49557933040275,136.82577921562012,-126.77717262414019,-15.724496431123145,-6.9394673744438755,0.009277795491166405,-0.09803142959485323,22.08568306074206,-29.200844754682628,7.1495318041980624,2.650062327048358
2.345722514680379,137.78673374630853,-121.37150620576666,135.3709019449205,-127.37980043080194,-13.000585607259733,-6.817371406655257,0.009865446531424465,-0.09710365004573651,-8.985354355178389,17.631225994516686,7.208132741333725,2.6606413905242148
2.3596851486963337,136.11229496308343,-121.4557511133111,133.89513149453919,-127.97424419219126,-12.009252720726415,-6.911156862329793,0.008917567664380628,-0.09611710539259422,-58.49688618585449,59.43433773962644,7.66424927852367,2.67115046203348
2.3736477827122884,135.70577291649766,-122.79268531214088,132.39875556884957,-128.56038802031907,-11.199855507852707,-7.112008669340753,0.007996572583960219,-0.09522534862615606,-82.42987022913998,82.66031594897348,8.016622756057977,2.6815293648175027
2.387610416728243,133.49729854145488,-123.27643745023794,130.88206588930328,-129.1381176452847,-16.957094269791174,-7.0824033129961474,0.007407778526005289,-0.09442569136776013,-49.66948448379429,18.768914885963387,7.970737793875266,2.6916320263979627
2.4015730507441977,132.0267281580099,-123.95047008494207,129.3453581375585,-129.70732043755305,-12.489026646313015,-7.065283999807705,0.009363054332348297,-0.09368491351515962,-28.424367742893725,45.10123801908997,7.654728284795372,2.701468313834018
2.4155356847601523,130.1387311133998,-124.11318195922684,127.7889318978362,-130.26788542991193,-14.005960220633852,-7.02358020412535,0.008681204918866469,-0.09274860808192464,-36.7675313286232,25.808413622107604,7.60714491669527,2.711078337365792
2.429498318776107,128.19969752136655,-125.73032246240518,126.21309059851579,-130.8197033391054,-12.0364419860351,-7.088907186706365,0.008809234743355385,-0.09188048759003786,-51.40250069306553,56.755147141638716,7.770976931561888,2.7207231184664527
2.443460952792061,126.22953947096902,-124.94224754512118,124.61814145298092,-131.36266658713868,-11.473856196226794,-6.844167381154335,0.008313333673769916,-0.0909995641157022,11.673265293420634,-12.66574714568226,6.674641878813408,2.7301452959233727
2.457423586808016,125.32553054693923,-125.49540663301862,123.00439539972766,-131.89666932225077,-9.32083344964228,-7.003682552561936,0.007422646656572411,-0.09016823074832514,-69.9472322620034,76.68226215921831,7.665868283141686,2.7394319578359867
2.4713862208239705,125.08655541315186,-125.25040849775893,121.37216704174658,-132.4216074395504,-13.245931529320147,-7.1325089181136665,0.006177567851155058,-0.08942596608266795,-78.57738255452003,56.76205967097956,7.975044866117723,2.7485265717636995
2.485348854839925,123.60616409299857,-125.73280138484714,119.72177458519016,-132.93737860131145,-18.50159953699488,-7.478689781115912,0.00700343022516808,-0.0888082092975524,-129.60478830388914,100.70691972286427,9.373920348764209,2.757395291401464
2.49931148885588,121.69277729209918,-126.16359661216336,118.05353977733789,-133.443882256924,-18.141532268360553,-7.7429770097766735,0.010007492512328757,-0.08810786627503564,-101.10507147816601,97.86254128300313,9.502231580348699,2.766008092231797
2.5132741228718345,119.87354792109957,-126.63890716649342,116.36778784387099,-133.94101966249684,-17.17289572581484,-7.94756818100903,0.011867437797851156,-0.0871071170238027,-88.18136794787874,87.83688293820805,9.425700076259597,2.7745772757039675
2.527236756887789,118.3682975871646,-126.32423623652285,114.66484742546899,-134.4286939001077,-16.90949579141296,-8.096120348695242,0.012728705903393457,-0.08592037324401769,-78.82277059066132,75.25343158372657,9.370770417013494,2.7833256716842345
2.541199390903744,116.74704777241953,-127.42320106751404,112.9450505137407,-134.90680989669772,-17.583284178112162,-8.434437714070993,0.013134873977412743,-0.08464750265367815,-122.61226226110371,114.59824769292676,10.152446968673539,2.792143690349421
2.5551620249196985,114.87816021528467,-128.16889482334525,111.20873238650162,-135.37527444260598,-18.39299010302717,-8.502395320205911,0.014159991367329029,-0.08333401525593676,-66.85454130244479,57.986959927901935,9.690635081187468,2.8009361069144902
2.569124658935653,112.51234880802618,-127.91386412707575,109.45623154241098,-135.83399620974106,-17.884361323685518,-8.466904037969009,0.015259588042665258,-0.08191801611920368,-41.91243580500162,39.15015675796042,9.388881179217082,2.809661884027272
2.5830872929516078,110.26266381684154,-127.83754584289143,107.68788963498073,-136.28288576938556,-14.903774855415552,-8.623081309158723,0.015497694954327684,-0.08039205731493704,-76.9040260017569,86.00106635914607,9.660017058050787,2.8183872272713044
2.5970499269675624,108.90488915961903,-128.86021725934174,105.90405140596953,-136.7218556096304,-13.273702893338017,-8.87045326597414,0.01427886685802848,-0.07884228781950409,-100.32623592794091,103.5087600514674,9.89588107141457,2.8271237411455377
2.611012560983517,107.65203102967119,-129.9739836734044,104.10506461817457,-137.15082015243547,-16.102742172646455,-8.890822151515815,0.013095882224255475,-0.07741440113370146,-63.505599490039074,45.71834606767663,9.5797918536692,2.835789286728621
2.6249751949994717,105.61323645053903,-130.62591019721054,102.29127998763464,-137.56969577031316,-18.453728770728166,-8.722019259294925,0.013971435538543475,-0.07610481291127602,-22.165008066771342,6.126010776798809,9.296907765156218,2.844242041288412
2.6389378290154264,103.61719370292492,-131.5504473064317,100.46305111525729,-137.97840080263182,-17.087559492291618,-8.525649153954276,0.01549834768786083,-0.07470766935742157,-6.598297796836547,7.848472434880129,8.976832798407207,2.8524893275596654
2.652900463031381,101.40509796917217,-132.34564003696735,98.62073441788361,-138.37685557153563,-16.98799612541139,-8.233546077152402,0.015557038321840721,-0.07315783458863567,12.294933866697356,-16.767535303976054,8.459577719304603,2.8607406119431116
2.6668630970473357,99.80866047649047,-133.6690029703092,96.76468905880411,-138.76498239747787,-15.572404659209477,-7.901540150453092,0.015286991315264883,-0.07160213075645139,25.700471759480383,-23.823598728243056,7.920943832452545,2.869064523448575
2.6808257310632904,98.14400032796632,-134.7666457033428,94.89527687773911,-139.1427056143648,-17.620913880926132,-7.410048578310481,0.014271460807501132,-0.07007343162492496,53.76508681309474,-68.02093609763052,7.355457771207714,2.877317619593593
2.694788365079245,96.64665977856714,-135.1520164160994,93.01286232029733,-139.50995158430683,-18.47933211040573,-6.85812143543637,0.014161481312947536,-0.06864628554417473,72.18655904591611,-81.03753147429943,6.9876697070005696,2.885470298581023
2.7087509990951997,94.81182002317654,-135.598417071323,91.11781236692654,-139.86664871197453,-20.102604099083234,-6.442397114410415,0.013812875153023752,-0.06723013741288009,44.21936599333015,-56.728567558200375,7.266079505931227,2.893451181826738
2.7227136331111543,92.85394513643585,-136.71673194406145,89.21049646137,-140.21272745855606,-20.089715674728023,-6.106617368673908,0.013733426443262062,-0.06584884989757755,33.17668441360223,-38.09987079853127,7.257181683944248,2.901353897257051
2.736676267127109,90.27503871057509,-136.81555764358097,87.29128643864264,-140.54812035531407,-20.24847296381635,-5.652638696362257,0.013371268749692461,-0.06447550725325124,60.103340607212466,-65.75729569871146,6.75445844949951,2.9091575631208304
2.7506389011430636,87.80090584654907,-137.32156104962624,85.36055645254109,-140.87276201673882,-17.065946166693575,-5.363169667967657,0.012612722999264097,-0.06313838037828212,35.30319842559866,-24.983774237941653,6.372836353626389,2.916891988983573
2.764601535159018,85.8656262468931,-138.05511356153036,83.41868290270172,-141.18658915329507,-15.388883006925925,-5.090456202608928,0.01087315203300919,-0.06187710807835556,30.054555631732594,-26.239603610720817,5.843143004559453,2.9245317152818306
2.7785641691749725,84.0553906278869,-138.1673075649923,81.46604436122058,-141.48954058376086,-16.007064378201157,-4.77738827479436,0.00915959374327388,-0.060789792875054705,34.91310403454534,-41.63983251756343,5.581362713510453,2.93203983647527
2.792526803190927,82.5254515793574,-138.82292308233906,79.50302149885033,-141.7815572471545,-16.50054217437868,-4.585516047909071,0.008014565062105206,-0.05987383350072717,10.844117327460152,-17.01528821186442,5.812647026270781,2.939320909470409
2.806489437206882,80.60430568721557,-139.45365730657815,77.52999701078751,-142.06258221424886,-18.579106471659003,-4.350809811676438,0.007343187953008645,-0.05907237699451651,17.28604312640516,-31.039719543969728,5.9539867011618615,2.9463801251856157
2.8204520712228365,78.1286829689255,-139.95320978621868,75.54735554206539,-142.3325606986698,-18.508243151982377,-4.083559641575252,0.007276100671867363,-0.05833805819921567,30.523421916256236,-34.37959132297022,5.819005886878894,2.9532768603519615
2.834414705238791,76.5192901228788,-139.99962205379384,73.55548361256669,-142.59144006757683,-16.347163395381582,-3.8182376511638894,0.00694228499094759,-0.05761044813202876,36.630436043623504,-30.46679595914476,5.279622275359834,2.9600609417600277
2.848377339254746,75.90946609494395,-140.373134608183,71.55476954167075,-142.83916985192405,-18.591912383620535,-3.66929963874501,0.005943434447108954,-0.05691621963293381,2.8696161887087004,-17.1961761037752,5.719221651510321,2.966795201488645
2.8623399732707004,73.92939433469155,-140.64769146490931,69.54560337254988,-143.07570175629914,-24.62855521352436,-3.53815246406989,0.005696295981207716,-0.05632187618822293,-9.362664061703054,-23.374232324605938,6.913943732744254,2.9734553147206078
2.876302607286655,71.87106127950456,-140.7691783298719,67.52837679612972,-143.30098966833867,-23.43055503632481,-3.427207493170251,0.006620846245141138,-0.05575224659010214,3.692300902549771,-3.101330759266153,6.929142579374278,2.97997707425642
2.8902652413026098,70.02203314635462,-140.60536766967795,65.50348307472822,-143.51498966771788,-23.522479264099825,-3.3674701690320874,0.006732092752327875,-0.055090161965587914,-9.577134343002424,4.28270457835463,6.934373230291706,2.986437899073198
2.9042278753185644,69.06955221093959,-141.51671752797884,63.47131696538851,-143.7176600347128,-24.23810020420889,-3.4218076210453563,0.0066707019668667536,-0.05441695269035529,-35.22405567644848,26.961527528936745,7.252464839558022,2.992957160402944
2.918190509334519,66.76173258358816,-141.29818997515096,61.43227464292009,-143.90896125833382,-29.376063698582787,-3.283689420705726,0.006954117818101235,-0.05374988249366863,-4.777806569537672,-24.661526018379703,8.0031767890255,2.999455687822712
2.9321531433504737,63.91194269813432,-142.75447309308308,59.386753622663896,-144.08885604402835,-26.839580966753147,-3.2845148319687794,0.007808127412125405,-0.053054470711858315,-16.03680969818776,22.185052875938286,7.885311140472457,3.005918338056974
2.9461157773664284,61.66862625649632,-143.04981518981361,57.33515268299578,-144.2573093209515,-24.14849526542582,-2.9348594571073665,0.008018495475805819,-0.05227365797064598,59.8964833911305,-52.545373814115024,6.746308889386825,3.0123816755421675
2.960078411382383,58.80912507345592,-143.94707766132038,55.27787178758398,-144.41428824880316,-23.919298184114563,-2.6357618258931534,0.007133584467718926,-0.0514718084230652,45.46391435605776,-49.23917814466026,6.534793754253554,3.0189048094794937
2.9740410453983377,57.496103151641925,-143.80084243323796,53.21531200741532,-144.5597622242303,-20.462839395747075,-2.2185392039537346,0.006255359966810664,-0.050758449976293196,80.22410689839337,-68.53618772609747,5.627266387104365,3.0254253942556564
2.9880036794142923,55.20021274823937,-143.60322539462248,51.147875442605695,-144.69370288679318,-24.660129671035797,-1.9756115512294379,0.004661511520639957,-0.05013291397961206,27.27066767799169,-51.24410996178564,6.410709386276858,3.031835891804652
3.001966313430247,53.20692748058082,-144.06918990398393,49.0759651440098,-144.81608412449424,-22.55785082363293,-1.8730474771860817,0.00386747734508052,-0.049666762827548006,13.036969473157077,-7.765274810498476,6.243191092425235,3.0381389344440963
3.0159289474462017,51.30611485293454,-144.47582355165116,46.99998503464561,-144.9268820788687,-23.515591665609858,-1.7050540523119926,0.0030859319472809213,-0.04928001509304014,20.564764675644657,-29.434493155051417,6.265921352363972,3.04426489973799
3.0298915814621563,48.86532346968188,-144.55957885961723,44.92033983094879,-145.0260751496358,-24.199765402504738,-1.5007935708220386,0.0025410026770907746,-0.04897142189831216,29.852367710611272,-37.55679052831824,6.4094383102189045,3.0502956877768024
3.043854215478111,46.2358072182171,-144.60135349182804,42.83743496387239,-145.11364399890988,-22.370903611578083,-1.3455614141584158,0.0019917295971925405,-0.04871732163060294,26.387993016893237,-22.217100316790432,6.053298936699688,3.0562344471724403
3.0578168494940656,43.05300027850455,-144.8963101461173,40.75167649984729,-145.18957155497026,-20.249636390276663,-1.232466130834147,0.0013044645845664473,-0.048518148670883665,19.0709878548971,-13.134882837635026,5.5155861180815675,3.062106722666536
3.0717794835100203,41.62013415292432,-144.98851363393055,38.663471061618765,-145.25384301558947,-15.691547617496857,-1.0835143675769752,0.0006424886030835687,-0.04838770221242683,33.384702515835265,-15.441669515375374,4.4040659053477995,3.0679139486890485
3.085742117525975,40.258552385770116,-145.20398495140626,36.57322574897454,-145.30644585091886,-19.80654139425665,-0.9631778748972025,-0.00020020457884786064,-0.048323453352118406,7.86330521456558,-30.29130316271781,5.056912628517332,3.0736441827952454
3.099704751541929,38.12319885271961,-145.19230139979337,34.48134805937997,-145.34736980593152,-22.296925728453246,-0.833791371846574,-0.0005555035060315888,-0.04834347381000326,13.946473814706268,-29.377634619565185,5.77898339203084,3.079301800803695
3.113667385557884,36.19486590598074,-145.13706938240338,32.38824580853536,-145.37660690242126,-21.520262201627123,-0.7461424541342021,-0.0008069069240353945,-0.04839902416060626,13.250660733692673,-13.5719244745934,5.737913814035301,3.084870570283952
3.1276300195738385,33.81378563697775,-146.18670072699786,30.29432705087181,-145.39415144055826,-22.45584531797313,-0.700226569191402,-0.0011160455340270838,-0.048479714853009614,0.7802209394570139,-9.079930505285528,5.906136636184042,3.090401064516209
3.141592653589793,31.48814670600321,-146.23802589168218,28.200000000000017,-145.4,-21.1148320292916,-0.4003293704627178,-0.001168504455040254,-0.04859131940641248,60.92127213870464,-58.555523797696175,5.668640684661219,3.095905503649761
3.1555552876057478,29.15541362005856,-146.4995475588723,26.105672949128223,-145.39415144055826,-20.3602821405914,-0.159054309837321,-0.0016397195103219561,-0.048708169851916505,48.79069078840892,-48.8924670991885,5.448224282526155,3.101379943679218
3.1695179216217024,27.375394543298896,-147.38524556640195,24.01175419146468,-145.37660690242126,-19.477363059565437,0.09376254993184824,-0.0021943053064048717,-0.04887214180294874,53.01891734257324,-52.311798721693435,5.26481035131119,3.1068518831718563
3.183480555637657,25.799191520627723,-146.77251016556363,21.918651940620066,-145.34736980593152,-21.306699986820682,0.5176345397072369,-0.0026985988130998895,-0.049091572333589184,84.83558977247186,-96.80243767687712,5.8248585774251245,3.112281280368965
3.1974431896536117,23.855391417244423,-146.3715516983933,19.826774251025434,-145.30644585091886,-23.195231468920515,0.6880595136495795,-0.003643886159476638,-0.04936143221489919,32.507319641916204,-44.988599349049224,6.149724596835089,3.117661637486065
3.2114058236695664,21.45183841867327,-145.3823956007349,17.736528938381205,-145.25384301558947,-23.390726727018098,0.7247188023304898,-0.00453458695985833,-0.04972582083084687,8.561663688289215,-13.298644520327635,6.220108579024579,3.122999830667548
3.225368457685521,18.694933297812682,-145.83835522945236,15.648323500152676,-145.18957155497026,-21.72777033752234,0.5215917542901931,-0.005231672168966524,-0.050179279526832765,-38.38311688416355,42.45630876871217,5.80671736199689,3.128253617277987
3.2393310917014757,17.11254989777114,-145.80372321457145,13.562565036127577,-145.11364399890988,-19.06115966352248,0.5109511913624906,-0.005205069206859097,-0.05070244674372937,4.29801004163627,4.804022987482269,5.183281811866589,3.1334303247829105
3.2532937257174304,16.090165499780984,-145.83926617939548,11.479660169051172,-145.0260751496358,-22.015291088363462,0.508800932214642,-0.005094808193744278,-0.051222953664415094,-7.057616041310843,-10.081589388904597,5.686315433461026,3.138551197870319
3.267256359733385,14.604740381641239,-145.7394112732337,9.400014965354355,-144.9268820788687,-26.284212575093857,0.5273350215949285,-0.005103527641399389,-0.051732434483789724,-6.020015501119776,-17.917793461221873,6.752078118637475,3.1394948020881097
3.2812189937493397,12.15118775722976,-145.9494897166101,7.3240348559901705,-144.8160841244942,-28.057452164820297,0.5353001601559838,-0.005265166281545135,-0.052242787247929634,-2.643261555138933,-10.209168022406086,7.339019415074839,3.134326776264748
3.2951816277652943,9.854102030854323,-146.00876837202824,5.252124557394275,-144.69370288679318,-25.930361549404928,0.6330981147093073,-0.005372748059734167,-0.05276930387608436,25.80459179921868,-20.433609895947583,7.012422805084264,3.129139989926651
3.309144261781249,7.505363410420337,-146.4172043022362,3.184687992584646,-144.5597622242303,-25.391139911394223,0.7582236338817775,-0.00549668834725857,-0.053306578682057904,28.657031995002097,-30.42079130734354,6.82500567254159,3.1239477713262236
3.3231068957972036,4.048770956671179,-146.3530972928407,1.122128212415987,-144.41428824880316,-24.286051050906092,0.9985781888041936,-0.005662146077539378,-0.05385624751678364,55.52573180161319,-54.46795950668454,6.690094491869409,3.1187427249360837
3.3370695298131583,1.7227729833783794,-146.32139537102856,-0.9351526829958203,-144.2573093209515,-18.06123088203533,1.210023923234458,-0.0060529601578415615,-0.054422462124537496,62.97508355563702,-37.30566618776991,5.40664610171102,3.1135244680674257
3.351032163829113,0.026797702083986435,-146.48477073804884,-2.986753622663926,-144.08885604402835,-18.25836480012631,1.4052006734865563,-0.006145390132322519,-0.05502775814032157,45.98915666865949,-49.65965927469503,5.211897226502352,3.108295102637591
3.3649947978450676,-1.9235555819714745,-145.2393946975569,-5.032274642920125,-143.9089612583338,-19.91539971208713,1.6375984169302977,-0.006390333852784014,-0.055642297153553955,51.62151111873271,-62.22306233560258,5.677059755522687,3.1030750805088534
3.3789574318610223,-3.1296851150249747,-145.52004987701326,-7.071316965388537,-143.71766003471276,-19.787282094400368,1.547379903018005,-0.007101775076144966,-0.05628133053883255,-12.261170519892143,9.90072878807273,5.367972023464846,3.097832442816868
3.392920065876977,-4.855263770544762,-145.77797705353314,-9.103483074728256,-143.51498966771788,-23.743847197830583,1.5882914226215803,-0.007321782545405364,-0.05699150804644715,5.6507534682891585,-27.43651174225354,6.301311649669037,3.0925802809834746
3.4068826998929316,-6.915453690627919,-145.4916306361949,-11.12837679612974,-143.30098966833867,-24.311837558352956,1.737391042966627,-0.007788988767028757,-0.057723686300987787,36.81117092813412,-43.20269571170998,6.744435746463629,3.0873630423999865
3.420845333908886,-9.429216259397352,-144.53383763916875,-13.145603372549854,-143.07570175629914,-23.989922145194832,1.8318995594584238,-0.008340540107874175,-0.05850258517769058,27.98706201554789,-30.21501634708633,6.682176098537544,3.0821293359216613
3.4348079679248404,-12.107432485789245,-144.1027233845656,-15.15476954167072,-142.83916985192405,-21.61271922948986,1.723304318952314,-0.008863769977089651,-0.0593366391884782,-10.209344729470153,17.83800506152276,5.971085269637018,3.076901585136934
3.448770601940795,-13.873036209020878,-144.44074655646494,-17.155483612566652,-142.59144006757683,-18.965950921728336,1.6071139687851002,-0.008786980500126627,-0.060223016186187195,-11.63539319902064,20.957759452810663,5.26942097794124,3.071685876534956
3.4627332359567498,-15.363225580853511,-145.0477004564654,-19.147355542065352,-142.3325606986698,-20.730545466070637,1.6626815068645775,-0.008264772286734404,-0.06110171423619981,14.34949618231092,-25.54607110073918,5.680043313033289,3.066476974872529
3.4766958699727044,-17.617535242237178,-144.2694293821385,-21.129997010787466,-142.06258221424886,-22.785998174528604,1.924479956496153,-0.008077820066796285,-0.06192819146487327,58.147646049008614,-71.03920545357805,6.4935801870090515,3.0612124165816788
3.490658503988659,-19.637845643989024,-143.8462682900485,-23.1030214988503,-141.78155724715452,-20.946584316351665,1.9933865820443395,-0.008608165282372437,-0.06273597347155269,27.305466796885074,-21.98862058810665,6.023293719512702,3.055845136018485
3.5046211380046137,-22.039530569940798,-142.80542282707393,-25.066044361220552,-141.48954058376086,-21.09388753877977,2.0113659709129155,-0.00881859668756036,-0.06359678999979002,12.183070992472992,-15.958250587016613,5.917728178561247,3.0504060691316797
3.5185837720205684,-24.326259815523873,-142.84647481326584,-27.018682902701688,-141.1865891532951,-18.838918462001544,1.848272868426512,-0.009077554111833303,-0.06447864966854588,-20.924746270595083,28.551188451883622,5.235702475905067,3.04496428623659
3.532546406036523,-25.56766819735151,-142.35162560188343,-28.96055645254111,-140.8727620167388,-17.811361621653653,1.8161842922560683,-0.008722147326516902,-0.06538640507972904,3.551515044720033,-1.3863098172237425,5.037087206217885,3.0394850626869676
3.5465090400524777,-27.24386573184862,-141.4867715665897,-30.891286438642663,-140.54812035531407,-21.227886018593455,1.7363545193235475,-0.00840650820435461,-0.0662586198123809,-17.345518382558136,-1.4419424730243462,5.620813317786948,3.0339704397496616
3.5604716740684323,-29.710385195433595,-141.71283242620785,-32.810496461370036,-140.21272745855606,-21.463790015060045,1.5376171422847793,-0.008550505511550075,-0.0670992706328164,-36.08985366997929,31.777831511015545,5.710566177540315,3.028356087183294
3.574434308084387,-31.576410831277457,-141.7162618219072,-34.71781236692658,-139.86664871197453,-18.912102874820558,1.5394956122557426,-0.00830437506809882,-0.06795432118397127,12.457447719700454,-3.6053963366342168,5.336920571313252,3.0226430008387624
3.5883969421003417,-34.24902894924097,-141.11486663324976,-36.61286232029735,-139.50995158430683,-19.72032161417547,1.6290176643744134,-0.007894358831770162,-0.06878475869078127,23.555551298523184,-30.21011527446787,5.498513295954731,3.0168740715340157
3.6023595761162963,-36.417589718875604,-141.0652257739224,-38.49527687773913,-139.1427056143648,-15.81905616321145,1.6495625147441089,-0.007868970458598324,-0.06957419457395808,20.399854545600764,-4.783904798544914,4.681884295311484,3.011007116727992
3.616322210132251,-37.22253818750774,-139.63578302696465,-40.36468905880413,-138.76498239747787,-15.411053322407378,1.7469949726151237,-0.007468742814702292,-0.07036109161981807,29.09187169418272,-29.363101912323195,4.568447525160074,3.0050224758744895
3.6302848441482056,-38.865032860129176,-138.400323082954,-42.22073441788362,-138.37685557153563,-20.162252173422374,1.550537920952776,-0.007450552327751606,-0.07110796590128832,-45.691117047759136,20.983838073940486,5.154305374672387,2.9989552320907613
3.6442474781641603,-40.438375749339215,-138.7452975296903,-44.06305111525731,-137.97840080263182,-19.7867217490786,1.1907822684305074,-0.007780770966436166,-0.07185302113406333,-70.15788172762684,68.90566347308517,5.21511382342491,2.992764408323387
3.658210112180115,-41.8745431845775,-138.72231813571176,-45.89127998763466,-137.56969577031313,-21.21551382643638,1.0955942118788258,-0.007388989845528461,-0.07263109823070701,-19.676051703204056,9.82268844705567,5.578190040566128,2.986484595682189
3.6721727461960696,-44.470287812074496,-138.04433035265225,-47.70506461817459,-137.15082015243544,-22.738721391694355,1.115049610720655,-0.007085130864935104,-0.07336999721525972,4.064775112580884,-14.65426966002038,6.038591400241998,2.980146896691183
3.6861353802120242,-47.0452054972257,-138.2059364570734,-49.50405140596956,-136.72185560963038,-18.622658117366626,1.0811938640301924,-0.007061460099410442,-0.07407851030175339,6.008496590491479,9.944881595251916,5.204585993636203,2.9736752406057825
3.700098014227979,-49.455178223367874,-137.79270881300178,-51.28788963498077,-136.28288576938556,-16.0491155038988,1.2122970188777478,-0.006659834511931364,-0.07478465631169451,37.96428422344015,-28.594807020365273,4.658164084719981,2.9670744095849617
3.7140606482439336,-50.896032147917786,-138.32272090358515,-53.05623154241101,-135.83399620974106,-13.68301842104999,1.3274022828428127,-0.006399538542448195,-0.07545063976288757,35.05108673582925,-26.159897742870598,4.099285311949389,2.960368265879846
3.728023282259888,-52.50155183445321,-138.10895411524461,-54.808732386501646,-135.37527444260596,-15.961332752316707,1.6542352594427296,-0.006057847729045891,-0.07609059361713255,70.39117081069028,-83.12194691105861,4.8986389739756255,2.9535147033563334
3.7419859162758424,-53.472806661679044,-137.93406028943727,-56.54505051374066,-134.90680989669772,-16.139742594468665,1.966718842027472,-0.006334504100178658,-0.07669637839003718,74.0012429894091,-77.08477337157878,5.157868665037203,2.946523382325185
3.755948550291797,-54.901194981906414,-136.84474928111547,-58.26484742546896,-134.42869390010773,-19.68135461655762,2.2750017898073063,-0.006793058389771339,-0.07732982880005501,66.88104116974644,-85.9148876063595,5.9372761604346325,2.9393815203690252
3.7699111843077517,-56.25912265383658,-136.86129239845954,-59.96778784387095,-133.94101966249684,-20.011688623485583,2.348025405005259,-0.007921377783169327,-0.07800913463903214,25.411402931739687,-29.751306531289288,5.839692537022225,2.9321461303294045
3.7838738183237064,-58.3145299099428,-136.15991126462714,-61.653539777337855,-133.443882256924,-21.60113163208754,2.5295817040064605,-0.00862806023879153,-0.07880127241734902,46.069885004106254,-56.44202728313547,6.385798945926317,2.924830392123164
3.797836452339661,-61.03716464874306,-135.85975339250146,-63.32177458519013,-132.93737860131145,-19.41077632633756,2.6203046355709194,-0.009513388102878467,-0.07966407844122836,36.41329476740048,-29.05914897344908,5.954596208302393,2.9174960749293737
3.8117990863556157,-62.541285339124194,-135.88701159093333,-64.97216704174654,-132.4216074395504,-15.003513899652056,2.7586474803660117,-0.009775050247210594,-0.08061541725151633,52.59885942989148,-34.27531352062816,5.225427391777339,2.9100956003929177
3.8257617203715704,-63.91063289298327,-134.7364623803194,-66.60439539972762,-131.89666932225077,-16.787443644327983,3.001498933124648,-0.00932562831148633,-0.08159292227623727,61.52431438877586,-71.79580159751778,5.69488321090182,2.9026412007649274
3.839724354387525,-65.33027577503886,-134.10263815740433,-68.21814145298089,-131.36266658713868,-17.389744307276104,3.023461151968374,-0.00970053062837159,-0.08252548510738578,18.143931453303853,-23.065022693142335,5.471483167161965,2.895064648824623
3.8536869884034797,-66.59588409397067,-133.71318785024263,-69.8130905985158,-130.8197033391054,-18.057804144690966,3.0129361252701177,-0.010056274105226325,-0.08349553817022315,11.061142131987223,-16.40123652627061,5.556373796171754,2.887288735988343
3.8676496224194343,-68.42599059048122,-133.9035471901123,-71.38893189783624,-130.26788542991193,-19.402354323352796,3.0386761938948306,-0.010342736964944952,-0.08450116558074594,17.103019383667018,-25.78683180618316,5.90283118661522,2.879389543371998
3.881612256435389,-69.49553096090932,-133.58662523073053,-72.94535813755851,-129.70732043755305,-18.032358273294253,3.255354474573755,-0.010657342345335443,-0.0855354392772405,64.5880379854139,-60.60464532289557,6.167090236446151,2.8713585406048647
3.8955748904513436,-71.08608329220398,-133.00259616820952,-74.4820658893033,-129.1381176452847,-20.625965964913693,3.475321569225273,-0.01081698514368653,-0.08660117351177421,57.235501287157476,-71.79534587815444,6.682420993162756,2.863181909487338
3.9095375244672983,-73.48347184628781,-132.43638184916836,-75.99875556884959,-128.56038802031907,-19.723451212937427,3.6378361978520704,-0.011674039626374817,-0.08768287202614289,54.23241046415733,-52.59079784570116,6.623259177089984,2.8548552855909906
3.923500158483253,-74.44699644319772,-131.90359985103592,-77.49513149453921,-127.97424419219126,-15.787079820902866,3.7796797567621763,-0.012175278996176679,-0.08885027598878015,57.987731697420124,-41.71157557082082,6.000340457275864,2.8463556921452025
3.9374627924992076,-75.17607579503075,-131.93197071257185,-78.97090194492051,-127.37980043080192,-19.13513647754724,3.8910126858887324,-0.011789560497637406,-0.09006780388839797,35.272230332910674,-52.87620229468268,6.397693504930292,2.8377450743145207
3.9514254265151623,-76.56120967100762,-132.2917274862415,-80.42577921562014,-126.77717262414018,-21.934128413879037,4.126620614577599,-0.012338584208234521,-0.09124675993816167,63.630354469360185,-79.21451999548006,7.357399631435467,2.828979725099944
3.965388060531117,-78.2034485585286,-132.15481278294942,-81.85947967543147,-126.16647825569099,-21.796185047231145,4.565166138310706,-0.013446621332676172,-0.09248061835898502,115.28977694691852,-117.36664004543275,8.09878652491454,2.8199624794677867
3.9793506945470716,-79.04719563651062,-132.22900483505992,-83.27172382160916,-125.5478363815315,-20.954857482621414,5.0252688934978025,-0.01456985375415714,-0.0938252804922528,124.09087453118252,-122.68973141645807,8.32703736698999,2.810777984137669
3.9933133285630262,-81.70888014798207,-132.6532013476963,-84.66223633435867,-124.92136760712083,-23.938008894202106,5.548228213917762,-0.015497232105004933,-0.09528226586766841,131.1868815613213,-147.70560638970431,9.215760624802018,2.801472940059595
4.007275962578981,-83.57472221369802,-131.87524150423326,-86.03074613051054,-124.28719406378785,-17.573215404954983,6.259230612706963,-0.01747528101183809,-0.09683198907816903,196.51911648605528,-169.00516091388306,9.41640076915516,2.792039278804353
4.0212385965949355,-85.92972703104273,-131.43051692832435,-87.3769864163684,-123.64543938492137,-16.811015301602463,6.74870137555902,-0.01741913810071315,-0.09857951717935265,140.21351553846836,-137.99105365541422,9.065696663243203,2.782447424840539
4.03520123061089,-87.42840055805956,-130.40197997775476,-88.70069473972113,-122.99622868186762,-12.410810467591201,7.188264937625044,-0.017604220913686235,-0.10032143098942381,141.050795288365,-121.26415145469208,8.87780830311494,2.7727920385620974
4.049163864626845,-89.37728187260099,-129.23331252836235,-90.00161304100831,-122.3396885195395,-12.58341099874872,7.409064131092725,-0.016448510110912737,-0.10208185308079232,86.12389788257147,-87.16012442906504,8.462976192783136,2.762858863619936
4.0631264986427995,-90.62157728136063,-129.28741397630156,-91.27948770362947,-121.67594689174248,-9.38906472286379,7.449321784753647,-0.016116091620684114,-0.10372670409188345,56.66409366515359,-41.664306693222144,7.793084266781767,2.752660741560419
4.077089132658754,-91.5114358858543,-129.69180744157572,-92.53406960338714,-121.00513319622209,-10.475611483684485,7.677024837154705,-0.014498629571048617,-0.10533831325395182,87.29941312425763,-92.05658498833063,8.500223632463102,2.7420518556511126
4.091051766674709,-91.76946891142364,-129.5863860967229,-93.76511415705416,-120.32737820943736,-12.240793434922386,8.140125459790776,-0.014037709890794284,-0.10678817621105674,137.5548648245842,-145.6833007072976,9.631801523796359,2.731102330086685
4.1050144006906635,-93.51410079436462,-128.81668631117324,-94.97238137005563,-119.64281406106589,-16.50903281665399,8.61639146981968,-0.0148526915440814,-0.10819194720013625,136.9727318160178,-157.21678535822096,10.446687180439541,2.7196709780027195
4.118977034706618,-94.5028801945239,-127.96277515126809,-96.15563588325628,-118.9515742082448,-12.990031429870365,8.954739125162886,-0.017806984199478595,-0.10967721635454453,128.18330478671552,-112.06590490705746,10.212646299034885,2.7078602857745118
4.132939668722573,-95.30177339603233,-128.05400650892605,-97.31464701884427,-118.253793409553,-14.68560887938953,9.149124740219866,-0.018092584378058493,-0.1114579147744923,86.99478112256003,-94.94338704606223,10.107935453657474,2.6957841848404254
4.1469023027385274,-97.64266243840787,-127.72296904732494,-98.44918882530229,-117.54960769873978,-16.164956989429026,9.506954787347333,-0.01918566956477631,-0.11326717321229829,123.57651500109661,-130.76308871636914,10.96579309707462,2.683642454245126
4.160864936754482,-98.64292305073965,-126.83541675682103,-99.55904012145716,-116.83915435820472,-10.361261648724355,9.913674027471611,-0.020873033266789996,-0.11518574016877592,153.27864122193398,-126.01526971540402,11.051240908205662,2.671153580387079
4.174827570770437,-99.14186890530306,-124.97021140332194,-100.64398453959969,-116.12257189223428,-12.272565467910866,10.153557954765475,-0.019026747625898323,-0.11727304349545475,101.90171758475198,-110.15308600654137,10.898132508595294,2.6583831804947504
4.188790204786391,-99.24494001771654,-123.15916064182501,-101.70381056766583,-115.39999999999998,-14.222324220901971,9.982418481644483,-0.019444616897317794,-0.1191757182580444,14.812855379831218,-23.54089812259153,9.907193920864971,2.6453750747577685
4.202752838802346,-101.30081049289747,-121.24605890110814,-102.73831159047147,-114.67157954832395,-17.833098272839216,9.525470722851766,-0.02083101713212188,-0.12112017994777613,-51.73026942494575,34.69853352271152,9.178380999069985,2.6317598308089796
4.216715472818301,-103.36551247405883,-119.93475946456655,-103.74728592999249,-113.9374525442165,-11.73720470447666,8.916308867871425,-0.023296928873037127,-0.12320328166098848,-64.39959561966835,92.74617722958797,7.707202407119344,2.6177473607044277
4.2306781068342545,-104.51195513047796,-119.22961952316784,-104.73053688468217,-113.19776210719172,-7.799197301027593,8.358312576417742,-0.020977636382665067,-0.12553297454829204,-61.62356608506971,80.68591734553546,6.873894459101992,2.6034176102056534
4.244640740850209,-106.18848262028698,-117.333433294938,-105.68787276781877,-112.45265244136587,-7.771122098298269,7.9572987480361075,-0.01733552433045898,-0.12763073818655846,-39.94742718184661,41.00886796239716,6.878231249212019,2.588861260979474
4.258603374866164,-106.90366009114408,-116.50486560439428,-106.61910694487501,-111.70226880734467,-3.7754007602344304,7.404182081706678,-0.01516150601910851,-0.1293642906196042,-65.32911416579083,85.16715157544063,5.647605757775524,2.573582213811763
4.2725660088821185,-106.56033803186439,-115.46640244554668,-107.5240578699029,-110.94675749390439,-5.483565130951458,6.961437307881112,-0.011945107709625901,-0.1308804412215152,-57.906736992825984,51.22221982098652,5.592625427451981,2.557430364150701
4.286528642898073,-106.51823700768898,-115.59513048533069,-108.40254912092654,-110.18626578947253,-10.603827844244353,6.5159645303502645,-0.01070157338509585,-0.13207495199247798,-69.16982260362309,45.83306011922867,5.592279034837356,2.54053453481945
4.300491276914028,-107.16084148514486,-115.04245284251304,-109.25440943433593,-109.42094195341372,-13.996308366675128,6.3681777347478405,-0.01158983707797251,-0.13314510933098767,-4.100872664465221,-12.075940173792272,6.75331352567005,2.522772433292035
4.314453910929982,-108.60722623238853,-114.91971156684794,-110.07947273827507,-108.6509351871262,-14.171360095268614,6.307272881348301,-0.013187532547715174,-0.13430409303878488,21.00112216312846,-22.541345817675168,7.026372202699645,2.5043233374313267
4.328416544945937,-109.50508157498666,-114.21111741025832,-110.8775781850181,-107.87639560495475,-11.449159377318473,6.457258930464712,-0.013994976977942693,-0.13562284629355625,72.74832040054883,-60.55868451124937,7.4001890332523415,2.485382598328721
4.342379178961892,-110.96676934182315,-112.8921615867534,-111.6485701823268,-107.09747420492556,-11.591786787531426,6.590672679087536,-0.013584245534049168,-0.1370223439913505,63.45636520759179,-64.35070549217167,7.4295668152708565,2.4660036658381976
4.356341812977846,-112.01473609267423,-112.766191055936,-112.39229842378371,-106.31432283930893,-8.039629814265341,6.571939697342793,-0.013573463360800479,-0.13838076854475556,40.33596891692243,-23.651827072594962,6.730534581361068,2.446090535961962
4.370304446993801,-111.90807859944094,-111.73596153833357,-113.10861791809451,-105.52709418501532,-7.706344247920983,6.7450182647973715,-0.012122153855991899,-0.13973811488083543,74.10992166657729,-72.08111477570343,7.321277276169681,2.425505130734715
4.384267081009756,-113.65359965003321,-111.19051315201649,-113.79738901735443,-104.73594171383068,-11.407451467669953,6.779225812894679,-0.011321853578933385,-0.14095033026643478,35.787684145372175,-52.84024619659487,7.250501458428228,2.4042721335958284
4.39822971502571,-113.7621922258243,-109.77984013907002,-114.45847744427302,-103.94101966249686,-5.702489606217304,6.9109547948180605,-0.012251147637885046,-0.14208251562432794,79.00033927295462,-51.995594409434396,7.294037573131079,2.382233386667677
4.412192349041665,-114.48881637288235,-109.85100435607028,-115.09175431835153,-103.14248300264282,-9.181972241623043,6.826489722151652,-0.010745205767884122,-0.14330763038811645,11.960027398363549,-27.546746250037796,6.769213035085132,2.359441376771686
4.42615498305762,-115.76390118626588,-108.40233713490643,-115.69709618100863,-102.34048741057259,-8.314127436715843,7.000080473172087,-0.011066316353672338,-0.1443821509649048,76.99958739042074,-72.57536569863984,7.607089120243928,2.3360582515865342
4.440117617073574,-116.32982382488309,-107.47474252545992,-116.2743850196487,-101.53518923691595,-4.994227237541164,6.982891085196932,-0.011098700813966541,-0.14548878260027198,42.91432128604466,-26.625312530802876,6.8860957005418,2.3118318143567533
4.454080251089529,-117.24691504114467,-107.16739648118623,-116.8235082906689,-100.72674547614744,-5.6544594475510515,6.938958067364558,-0.00980745469125897,-0.14659865268166872,27.910508502847733,-29.94031860256203,6.766031963365831,2.2869385940508806
4.468042885105484,-117.36093032198693,-106.61196245965692,-117.34435894139948,-99.91531373598008,-3.9989159910364753,7.054702235812428,-0.009231173902540435,-0.14757939815079446,67.46921377031325,-58.61832447513136,7.252737376812542,2.261346414663378
4.482005519121438,-118.79596928879283,-106.98483944952912,-117.83683543097403,-99.10105220663935,-6.330834037586992,7.195000186157016,-0.008261289381914404,-0.14850251554104865,64.11425085049225,-73.89187889731424,7.525972262880358,2.2349228703465442
4.495968153137393,-120.74982089136321,-105.63838444773258,-118.30084175012517,-98.2841196300238,-2.0716822892435687,7.668320665750947,-0.008505626788828994,-0.14932864447924032,151.9758822192197,-130.80383417644825,8.714796420862616,2.2077430671105507
4.509930787153348,-120.6266884847859,-104.73083092106233,-118.7362874399016,-97.46467526875789,4.152466104441898,7.9327845080324515,-0.0070695697978714715,-0.15017920715812316,114.90204930781273,-83.48053947106345,8.418066209208028,2.17977529227635
4.523893421169302,-119.04278250548556,-103.06084109254373,-119.1430876093033,-96.64287887514348,0.24574406843341912,8.080772515865645,-0.0035393821526276997,-0.15088616413791023,67.96660286792438,-83.50963945424218,8.222897290786,2.151153022668593
4.537856055185257,-118.6622300502176,-102.75059039785015,-119.52116295183119,-95.81889066001582,-7.337055948410162,7.882466866316961,-0.0034780638374956336,-0.1512401023531731,-14.499602600256445,-19.211012174645965,7.2577333871283045,2.1217250186662433
4.551818689201212,-119.65689513145563,-101.44162623151922,-119.87043976094817,-94.99287126151009,-9.277251783647184,7.842175128908799,-0.006755568710272846,-0.15158790873692274,31.01925002232549,-39.34328299262283,7.851240469087696,2.0913037053242185
4.565781323217166,-120.04190976858214,-100.78162243405518,-120.19084994444826,-94.1649817137447,-5.4285530688376475,7.712286776247644,-0.009520518408664129,-0.15226346560795,24.961739235880465,-6.124892931255331,7.296208822421141,2.060263078368104
4.579743957233121,-120.22133421354445,-100.76733950530434,-120.48233103773124,-93.33538341542734,-6.005793144288535,7.664427111082132,-0.00929713483621446,-0.15321551744881656,31.52637716340134,-33.0604601734753,7.459252403348108,2.0289695553139495
4.5937065912490755,-120.61869849737825,-99.05775429449338,-120.74482621598055,-92.50423809839006,-6.780865868452229,7.8466089620237325,-0.009278646108291148,-0.15414523093243782,80.1567357034147,-82.75016609771168,8.279667187608643,1.9974099059984116
4.60766922526503,-121.38400870234305,-98.60448688171371,-120.97828430524102,-91.67170779605921,-5.3568678692926515,7.750668423503037,-0.009828366952372738,-0.15507309554326687,26.62066412422759,-18.853919991505194,7.394794441378879,1.9653287705749705
4.621631859280985,-121.89066794543335,-98.57071574095143,-121.18265979239554,-90.83795481186681,-3.3624454654519607,7.804496094448555,-0.009395397389773328,-0.156055932238504,59.7008912306164,-48.98207661854939,7.769141636982652,1.9327954011212274
4.6355944932969395,-122.1313877597372,-97.7839968204814,-121.35791283403803,-90.00314168760912,-2.8622169002268416,8.078283617107951,-0.008157382785897567,-0.15699547197748132,103.91975963638045,-99.92481457493719,8.584122154782179,1.8999203867844479
4.649557127312894,-122.56414989949857,-96.43363733545031,-121.50400926424074,-89.16743117175879,-2.6425791313097653,8.296836133062532,-0.007301788059554996,-0.15781121025607092,93.07923922448273,-90.25814993168015,8.639375403080823,1.8666638214333968
4.663519761328849,-122.44145075810985,-95.1039567928141,-121.6209206012151,-88.33098618773678,-0.9477278273109544,8.3298228748975,-0.006846894616601567,-0.15854138906202664,58.04989266184302,-48.1181218448124,8.157367046460745,1.8330076225179486
4.6774823953448035,-122.68695471990901,-95.06998450150124,-121.70862405286435,-87.49396980215005,-2.00477578792534,8.212513136929559,-0.005874310485456669,-0.15922607852368698,19.587709340253486,-22.422020019867684,7.645190447464153,1.799055860999486
4.691445029360758,-123.18655467296986,-93.53580759748002,-121.76710252122682,-86.6565451930014,-1.4739672889094588,8.351505224014469,-0.0056656605867770925,-0.15981350957223261,77.69619887807016,-73.20326157473183,8.463574248816549,1.7649170889979553
4.705407663376713,-122.97715922400168,-92.612706170879,-121.79634460580921,-85.81887561787768,1.0216371954022112,8.285335093363676,-0.0054233913188569075,-0.1603800756309104,39.15710806400246,-25.187561989259407,7.841155731691856,1.7306098363671296
4.7193702973926674,-122.36578153670716,-92.03884231640434,-121.79634460580921,-84.9811243821223,-0.480887544371726,8.204400421694777,-0.004114627630601196,-0.1609224147627959,26.337222917969765,-30.9374708841698,7.7223936548857575,1.6962817187464356
4.733332931408622,-122.14236134414026,-91.73221702798521,-121.76710252122682,-84.14345480699858,-3.0140098048543496,8.189556570982674,-0.00403831937824076,-0.16133387752585593,37.542026387031235,-47.34099559592361,7.918052821701626,1.6620005964151296
4.747295565424577,-122.86736458350985,-91.16399194968439,-121.70862405286435,-83.30603019784994,-3.5659420886778737,8.315835054674329,-0.00509416607544381,-0.16173770946367982,72.25470603295443,-73.10276164604397,8.437342741301231,1.6277301188537727
4.761258199440531,-122.37614238140087,-90.07667081620183,-121.6209206012151,-82.46901381226319,0.09033421621125859,8.519918171911959,-0.005932575453656495,-0.16224712607122438,99.60457603560606,-80.51014083314911,8.783864036472302,1.593662013597557
4.775220833456486,-121.382140970574,-90.20548162191992,-121.50400926424074,-81.63256882824118,-2.3406025597772633,8.583374851864255,-0.0047576250603169135,-0.16284038361659015,56.397000375803806,-65.52632912252112,8.48902082440186,1.5599753251150705
4.789183467472441,-121.06778735844478,-89.89260733362259,-121.35791283403803,-80.79685831239087,-6.365903431462232,8.85961462409313,-0.005153427209813455,-0.16331614612262202,98.5194033293323,-115.66414906036341,9.408654504402493,1.5267107316284232
4.803146101488395,-121.85303712568049,-88.61124401131273,-121.18265979239554,-79.96204518813317,-6.424132837047581,9.202773226681273,-0.0073997890679725915,-0.16383148884360343,123.53771142337264,-122.49066912847323,9.93122652050134,1.4937252600698514
4.81710873550435,-122.91352551205637,-87.36981912571825,-120.97828430524099,-79.12829220394077,-1.6008098293491324,9.372351580374362,-0.008925735701388934,-0.16457146775040066,99.72588873896508,-75.38981788832969,9.523212035747498,1.461229753883834
4.831071369520305,-121.87513005806805,-86.70913658534907,-120.74482621598055,-78.29576190160992,3.4389342235800253,9.442802965988559,-0.007341969790811023,-0.1654640413205395,80.29731407620231,-53.99901486416899,9.32961795269197,1.4294580316341943
4.845034003536259,-121.43089719287192,-86.16547924515187,-120.48233103773124,-77.46461658457264,-1.4854952448878,9.504872581474107,-0.003746831932126996,-0.16619823829962055,55.75459814001044,-75.89491701300778,9.348852290832639,1.3983815252791265
4.858996637552214,-121.76541869971008,-85.06042659140978,-120.19084994444823,-76.63501828625527,-1.2764303623399589,9.622472633544294,-0.004313567111115648,-0.1665729214928331,79.97294025101462,-76.59359728300653,9.610796182802725,1.367727288918399
4.872959271568169,-120.52885283704985,-84.09723615834513,-119.87043976094817,-75.80712873848988,1.864636892719497,9.662051997796086,-0.004573883448870415,-0.1670042782039447,70.85600360753327,-53.465046483959284,9.445340985544314,1.3373267205542918
4.886921905584122,-120.39025861731776,-83.27444103979201,-119.52116295183122,-74.98110933998422,-2.8595527144941086,9.6111189989285,-0.003051171065551723,-0.16746166654883154,33.21467834448549,-52.63946706852867,9.171652363299156,1.3076231162832466
4.900884539600077,-120.17523329069817,-82.69091290672652,-119.1430876093033,-74.15712112485654,-0.6714032154657601,9.585247008390965,-0.00475496916302397,-0.16776678365538666,54.379444660955265,-41.81513447896472,9.202225706562007,1.2786076723415425
4.914847173616032,-120.09696379345488,-81.79994190854097,-118.73628743990163,-73.33532473124214,-0.4956477325934707,9.641712228269961,-0.004484322073348389,-0.16824228057168922,67.2509606264093,-63.859912417886086,9.465600629161777,1.2501188856756507
4.928809807631986,-120.75820501345997,-81.73474239513264,-118.30084175012517,-72.51588036997623,1.1303329730700327,9.68008303365884,-0.004245337051542814,-0.16869071277902403,67.16873694220392,-56.83430566003899,9.456207117359053,1.222491461965733
4.942772441647941,-120.33588430231679,-81.42374270826,-117.83683543097403,-71.69894779336067,5.278268887848681,9.975399796904417,-0.0030721943520901403,-0.16911524648417853,128.74990561549416,-106.1120348009477,10.452347751889498,1.1955356043871
4.956735075663896,-118.78992152959756,-81.52974278691475,-117.34435894139948,-70.88468626401996,4.152543325122855,10.337625000987865,6.944978992996526e-06,-0.16942246591938748,132.73451740288374,-134.3385273541616,10.955406643292104,1.1692580886233888
4.97069770967985,-117.44351879425595,-80.49798829675885,-116.82350829066893,-70.0732545238526,-1.0285407884512834,10.813791202870327,0.0012774033085736142,-0.1694217714214883,149.71475111984267,-170.72369791326176,11.624022726574253,1.143565456117332
4.984660343695805,-116.55079678481886,-78.84866263951717,-116.27438501964873,-69.26481076308409,-3.2133580425487285,11.053058716825158,-0.001194280878662689,-0.1692940310906308,108.28894439264786,-115.88514289607161,11.29385458052222,1.118263803812849
4.99862297771176,-116.5147001631232,-78.56777606053434,-115.69709618100863,-68.45951258942743,-3.470174628222261,10.971005997148541,-0.0041637429314347165,-0.16941345917849704,44.90616109498538,-43.676899603757526,10.424166320825162,1.0935278235330799
5.012585611727714,-116.31386957505356,-77.35675532254028,-115.09175431835156,-67.65751699735722,-1.185623428901145,11.0872771074121,-0.005890643843103356,-0.1698298334716406,92.91014865823293,-79.66303369131148,11.002660028501808,1.0697230563670566
5.026548245743669,-114.78289181243211,-76.49524048310445,-114.45847744427304,-66.85898033750317,0.5391334697116041,11.075802483620217,-0.005528133770310894,-0.1704188978559511,64.9342629834516,-53.89905883215634,10.660476518215928,1.0468884683464328
5.040510879759624,-114.91201179861591,-75.11123480577662,-113.79738901735446,-66.06405828616936,-3.83415418018281,11.005892643822383,-0.0042686296156889,-0.17097171123298205,37.99070458537881,-55.64074106152472,10.477632260428,1.0248871892557743
5.054473513775578,-114.71886428379446,-74.7846805294876,-113.10861791809451,-65.27290581498471,1.3711571685261292,10.829259313830711,-0.00634789157596813,-0.17139857419455096,37.09340981183303,-10.014391575203792,10.002247088497592,1.0034961728521834
5.068436147791533,-114.16858237353816,-74.01635005235148,-112.39229842378374,-64.4856771606911,2.1699384830948736,10.855859154269327,-0.004181061066435046,-0.1720333633521478,69.6312669094331,-62.59160913627128,10.558521633801258,0.9826104082397125
5.082398781807488,-113.16390082872415,-72.97514883046446,-111.64857018232685,-63.70252579507448,2.813955274009106,10.88879540508304,-0.002448290746886651,-0.17245146945879153,70.95888528851566,-64.50140693125509,10.617223377788054,0.9625475116519873
5.096361415823442,-113.40923392837975,-71.66005578120273,-110.87757818501812,-62.92360439504529,1.7842314990750159,10.827043454634685,-0.0011113339090092417,-0.17269629853348034,46.97222640036835,-48.34792254106206,10.308288741024336,0.9428658949482367
5.110324049839397,-112.82157040941156,-70.27041562046051,-110.07947273827507,-62.14906481287383,7.236749092277241,10.682464879618987,-0.001040101379618368,-0.1728074319243813,44.20557890303248,-14.95864595253075,10.07701636312858,0.9235914708237329
5.124286683855352,-112.71622636273189,-69.48570513456828,-109.25440943433595,-61.37905804658631,7.579081700846414,10.417662973146602,0.002224929149415465,-0.1729114420623432,5.895167372826149,0.018371391643609566,9.58023365730672,0.9047459919162346
5.138249317871306,-111.50862163319462,-67.9119553443165,-108.40254912092657,-60.613734210527504,10.90609606648271,10.254659120100772,0.004231372218488565,-0.17268894914740152,33.51987133830457,-13.415863532403975,9.865073716069945,0.8864380221210357
5.152211951887261,-110.39150698592164,-67.637010427258,-107.52405786990293,-59.853242506095654,9.388559906379477,9.897506883510452,0.007131094323041619,-0.17226581192555246,-20.24867185676065,17.88423798516088,8.989972246489009,0.8683301271119994
5.1661745859032155,-109.2429713302964,-66.4637865277905,-106.61910694487504,-59.09773119265536,8.297848205613647,9.755906634679647,0.007823545465580601,-0.17155270249324817,25.007601285624997,-25.711629056635363,9.335432069069126,0.8505301790841742
5.18013721991917,-108.25462922752988,-65.07981533257923,-105.68787276781883,-58.34734755863416,7.968229795945037,9.52612647485507,0.007486712394265412,-0.17077034794669022,6.9870815400513955,-4.3075580733371215,8.86088637377603,0.832931027538371
5.194099853935125,-106.67378771951901,-64.3531555214505,-104.7305368846822,-57.6022378928083,8.494202167468083,9.184503199995415,0.006942343861586871,-0.17002167670726376,-16.383488576441515,23.014571916050027,8.266401345730127,0.8157358207798229
5.2080624879510795,-105.26758533480326,-62.86475419342301,-103.74728592999246,-56.86254745578349,5.614941832922391,8.90917645480638,0.00678403984656367,-0.16932744232110508,-12.194943319814763,2.6438090180779277,8.041991166218589,0.7990302177461213
5.222025121967034,-103.52241902192331,-61.82454256766428,-102.73831159047144,-56.12842045167604,5.118373338875947,8.492173545528523,0.005020816043659792,-0.1686490383364485,-38.83285005846513,40.0154819596997,7.195513738015166,0.7828180646485938
5.235987755982989,-102.96422700106075,-61.14046114836649,-101.7038105676658,-55.4,2.2150282459159025,8.07367048312972,0.0036369827261894198,-0.16814695673208258,-47.42546207752937,36.967814465521606,6.67698164694402,0.7670442516002622
5.2499503899989435,-102.56938972890329,-61.18347301561819,-100.64398453959966,-54.67742810776571,5.133895368856405,7.792077083922148,0.0014659580902171075,-0.16778325845946362,-6.927304679262317,23.52084461162775,6.866900404393852,0.7518532031471001
5.263913024014898,-102.0290031119237,-59.823414941538,-99.55904012145713,-53.96084564179525,6.989202015076825,7.8131578457171384,0.001650686732996951,-0.16763666265044197,54.09903150957834,-42.095343754341016,7.824867471091614,0.7371913725786174
5.277875658030853,-101.34145668878318,-58.81065632365933,-98.44918882530224,-53.2503923012602,9.715251018846619,7.6818340622462715,0.002500600313241315,-0.16747159397714206,23.73023025967172,-7.238540691191457,7.484630716094389,0.7231223477543551
5.2918382920468074,-100.88803062452867,-58.64945661921057,-97.31464701884424,-52.546206590446985,11.39313530480549,7.523000692981398,0.004104729089220124,-0.16722153394581785,14.86001874519587,-2.8840065980927854,7.447048178832872,0.7093959089925499
5.305800926062762,-99.65692945230036,-57.49066960565269,-96.15563588325624,-51.84842579175518,13.748446626007146,7.580985022415095,0.0057665305359804525,-0.16681106103689602,62.36331823899402,-46.89704912213058,8.285504227457821,0.6959313857439478
5.319763560078717,-98.11349334584436,-56.31373925878909,-94.97238137005559,-51.1571859389341,13.418893737970082,7.494897904601113,0.007685195926652131,-0.16623440798329803,25.661628121356706,-22.51732545181616,7.877690403376765,0.6826396977939599
5.333726194094671,-96.40450071440013,-55.828931420899195,-93.76511415705411,-50.47262179056263,12.416639142450109,7.285715155124558,0.008500523790486804,-0.1654658883906328,-2.8180228224512396,2.6796472317824747,7.281967786740371,0.6695019100138437
5.347688828110626,-94.96412073257278,-56.07582693552351,-92.53406960338708,-49.794866803777914,10.288608215903443,7.15921835647807,0.00843383889388972,-0.16461583601158392,11.00482641194836,-16.73387202902887,7.16869393883521,0.6564796535008126
5.361651462126581,-93.12535062405233,-55.977959765939985,-91.27948770362941,-49.1240531082575,9.13611299779594,7.300911077379074,0.00758922797042094,-0.16377245212219504,70.00876484597697,-71.52090148975456,7.86788916441005,0.6436710569708657
5.375614096142535,-93.21755567652981,-55.038011883972395,-90.00161304100827,-48.4603114804605,6.402543201276584,7.53341864291633,0.0067658245356950935,-0.1630135293251529,86.4324117961598,-95.64004567921846,8.140809064945243,0.6311525843292478
5.38957673015849,-91.68098923848977,-54.21235328677011,-88.70069473972109,-47.80377131813236,13.701526131553576,7.692294282026816,0.005210077126642845,-0.16233694687158362,95.52501275471039,-57.46485735420546,8.528556107977135,0.6189907471525764
5.403539364174445,-89.9166418389083,-53.91841579346449,-87.37698641636835,-47.15456061507861,11.209961543264775,7.750884026534869,0.007517113030817256,-0.16181593915891934,52.21499272281805,-59.333300239169276,8.266612225658792,0.6071725875246838
5.417501998190399,-88.91417125696243,-53.48629891722083,-86.03074613051048,-46.51280593621214,9.597945210073087,7.868751907908482,0.007813862171474355,-0.16106422785583785,67.26422392686588,-70.64505324654243,8.363207686909242,0.5957609331813782
5.431464632206354,-88.31170902194981,-53.071319085344776,-84.66223633435862,-45.878632392879155,11.50971390223685,8.027408609752811,0.007361977446715134,-0.16028284163869033,84.95506860254989,-71.8449573109571,8.715247588660164,0.5843595156669346
5.445427266222309,-87.34710364084275,-52.73737029092885,-83.2717238216091,-45.2521636184685,14.509534931557067,8.239263018108202,0.008094813432662652,-0.15954664389401874,100.04341388904207,-81.3676342567044,9.302722345358616,0.5731597756988664
5.459389900238263,-84.97558062854966,-52.586896856297905,-81.85947967543142,-44.63352174430899,15.622740791278263,8.494644143750985,0.010082058551931483,-0.15873716255075232,106.44674663419926,-96.13971168224573,9.787051550508435,0.5622273762722658
5.473352534254218,-83.18123448967214,-51.65702042758395,-80.42577921562008,-44.022827375859805,10.721704617867664,8.765022826848249,0.011973722807392697,-0.1577289566955593,97.04586270284267,-115.07495804061178,9.697627491446932,0.5514350178148044
5.487315168270173,-81.70942816228131,-50.66330371132333,-78.97090194492046,-43.42019956919806,10.712919092264388,8.85338778507671,0.010753463886375943,-0.15653158441481985,70.78490608184109,-66.38220672776694,9.250519876771035,0.5406487901662844
5.501277802286127,-80.95016880997802,-49.504026546158194,-77.49513149453915,-42.82575580780873,11.155349845273339,8.80718805791351,0.010033938138510104,-0.15545623802618236,43.40030035976716,-36.83066776400897,8.898733254999204,0.5298701259254006
5.515240436302082,-79.85130569640269,-47.30283323441737,-75.99875556884953,-42.23961197968092,14.967683916455972,8.647726653033649,0.009753364004031737,-0.1544528442123312,26.81917580550976,-4.152795064267607,8.791371456039707,0.5194024214058803
5.529203070318036,-78.23798149228556,-46.71111458450826,-74.48206588930334,-41.66188235471533,17.480578009346246,8.11478536871911,0.011154131998774871,-0.15347750781192815,-57.09315738754067,74.24086447753203,7.787750826352333,0.5091881227779944
5.54316570433399,-76.41094786005301,-47.06756568291572,-72.94535813755854,-41.09267956244699,16.519391917108702,7.710742488796437,0.012721310379978056,-0.15236209461205075,-40.450011032435235,41.403983300208296,7.7187223082662095,0.49917615619995015
5.557128338349945,-74.27807646238938,-45.998386444684336,-71.38893189783627,-40.532114570088105,14.637453125825932,7.643500389363292,0.012974003610611264,-0.1510899635740528,27.364258306412058,-31.067399329808982,8.242133557090632,0.4891914973208964
5.5710909723659,-72.69753512453502,-45.182654490228096,-69.81309059851586,-39.98029666089464,13.01692357486238,7.4321362401769,0.012156307148697872,-0.1497925632129915,-3.5260105415276364,0.7036973867204415,7.49356413266373,0.47921089061546596
5.585053606381854,-70.83068559412996,-44.65527386428518,-68.21814145298093,-39.437333412861335,13.697502302143354,7.203410535988396,0.010817905697229298,-0.14857693249812165,-3.1968707454836416,10.968818496794684,7.28516862857639,0.469359433289374
5.599016240397809,-68.22347510658881,-44.23935035878506,-66.60439539972766,-38.90333067774924,12.375424018816512,7.024821736042875,0.010189535621987579,-0.14749514192839852,1.4845008717435413,-3.1674163134524536,7.137673236317156,0.4597380641362183
5.612978874413764,-66.61699930620482,-44.10934363056049,-64.97216704174659,-38.378392560449626,8.126711274194017,6.88231527211593,0.009182670494288591,-0.1464761883661998,1.0905081477804432,-16.978498023509466,6.702374985509018,0.45039299300617097
5.626941508429718,-65.47548822163931,-43.46309331115205,-63.32177458519017,-37.86262139868857,9.022774179688255,6.8777013212513936,0.006923022039998697,-0.14555792131677103,41.682939676652765,-33.919046608183564,7.062580590984359,0.4412475844718631
5.640904142445673,-64.9569917386207,-42.96670026767801,-61.65353977733791,-37.356117743076005,11.371354795042148,6.858154977088075,0.005975435798482773,-0.14486561911277107,41.87384946425633,-27.03740719073678,7.204334840911797,0.4323342733772204
5.654866776461628,-64.47059316072844,-42.42571874809974,-59.967787843870994,-36.85898033750316,16.19837782278158,6.890719222925805,0.006369365076726709,-0.14426807553292287,59.01873763084129,-31.967691536911033,7.886469314518421,0.42377313072356326
5.668829410477582,-62.95990794154593,-41.50259093154624,-58.264847425469014,-36.3713060998923,20.70744504183765,6.950040648303348,0.008519468309215905,-0.14363113902525004,64.66279403007432,-38.228141519122886,8.669901536088215,0.4154279404146677
5.682792044493537,-60.36654418956464,-40.87322324261128,-56.54505051374072,-35.8931901033023,21.016064588494732,6.879396644525822,0.011507038833907694,-0.14277919219432844,27.616742274329965,-20.316869145785653,8.521488923361423,0.40715972902160225
5.696754678509492,-58.078791771539684,-39.63279854376138,-54.80873238650163,-35.42472555739404,17.172662395272287,6.749023599244961,0.013211861057391434,-0.14162848831093777,4.676528157347663,-17.087111100818206,7.7830199192912355,0.39878823621595894
5.710717312525446,-56.554600469245734,-40.19983314965815,-53.056231542411,-34.96600379025896,16.275098712783436,6.427539000259595,0.012445285179873833,-0.1403073022051986,-30.400372698189784,31.259646435113147,6.856025417582911,0.39022524261752434
5.724679946541401,-55.39117176508643,-40.01380081642216,-51.28788963498074,-34.51711423061445,16.74621981564402,6.462664299198563,0.011561830033003486,-0.1390627736872112,47.48377672475365,-40.35910727114242,7.748002150530249,0.38159471240448006
5.7386425805573555,-54.15782946367254,-38.642587206621464,-49.504051405969534,-34.07814439036961,19.314239925807144,6.580934913040232,0.011310982221310462,-0.13790659068391076,70.53583578442986,-53.34274606197221,8.360036084304161,0.3731396288165225
5.75260521457331,-53.434609472652454,-38.972090202792685,-47.705064618174575,-33.64917984756456,22.145196332723565,6.433113088525505,0.012093628162874933,-0.1367754924617799,14.904454824709717,4.040313770026923,8.159184469343614,0.3648676697255828
5.766567848589265,-51.448197796188495,-38.13804730265674,-45.89127998763465,-33.230304229686865,25.853781800773515,6.570210441579166,0.013568657182010911,-0.13556612964549242,77.64300130975028,-54.04215685904104,9.479974993663948,0.35671170362946336
5.7805304826052195,-48.474170972765116,-37.9347537315676,-44.063051115257295,-32.821599197368194,24.694497197224198,6.543871362424699,0.015876012629076446,-0.13420926392729138,32.16240462012789,-30.999260671699428,9.099725927471402,0.34856464276434806
5.794493116621174,-46.02373950141746,-37.59998846635004,-42.22073441788362,-32.42314442846438,19.64713734709894,6.532095836445355,0.016728455461488954,-0.1326216626643837,25.898771967260462,-43.448989361567705,8.335664691911624,0.3403536362165478
5.808455750637129,-44.49376532526449,-36.881635556685275,-40.36468905880412,-32.03501760252215,18.098181787099854,6.512879315716262,0.015320474171114906,-0.13094881711823492,32.129457725862714,-33.97164393446611,7.936860375948135,0.3319919582169666
5.8224183846530835,-43.74716608831073,-35.6794980969896,-38.495276877739116,-31.657294385635232,20.34169542961803,6.417218278245411,0.013881052134005574,-0.12941676970112326,24.40289536642042,-8.496278334832423,7.954596427640054,0.32362172035798764
5.836381018669038,-41.917083641992804,-35.19107131754617,-36.61286232029734,-31.290048415693178,25.745265878448382,6.1587014187544264,0.013688200043645144,-0.12802866448772265,-3.487789276964838,34.81239098175026,8.376488450354557,0.3154656930849651
5.850343652684993,-39.78064886721628,-35.719391454384144,-34.71781236692655,-30.933351288025484,24.895347049310715,5.933001722585901,0.015184425751068644,-0.126659844483358,-12.318421233045788,14.830698383022678,8.364071182251838,0.3075238507066116
5.8643062867009474,-36.068948380940036,-34.94646694725059,-32.81049646137002,-30.587272541443944,23.314375850714022,5.993905310065049,0.015576971867087851,-0.1251414019082513,46.202240169303934,-47.3807769733458,8.65573041962854,0.2996684634032194
5.878268920716902,-33.758439741880245,-35.22094152469079,-30.891286438642656,-30.251879644685935,15.855204436255914,5.857633440201002,0.01523920236799046,-0.12358370472154245,-9.90824506406976,-19.501067182937792,6.989086716454159,0.29172764247962224
5.892231554732857,-31.517090322737403,-35.76334260762241,-28.960556452541102,-29.927237983261215,15.40028633852904,5.898842927719693,0.012481708526996909,-0.12205978448474353,43.38596675860301,-40.88629528053181,7.144437083680127,0.2838088620745287
5.906194188748811,-30.310942638206253,-34.336108451766236,-27.01868290270168,-29.613410846704916,13.564946849914893,6.148249610816658,0.010912626048210142,-0.12081161363204362,84.89330373680353,-89.02936680344247,7.61953607384165,0.2759823424144243
5.920156822764766,-29.19703151159858,-33.624909047560834,-25.066044361220545,-29.310459416239134,18.30151893185968,6.056467053390147,0.009409201376284301,-0.11972035102722245,28.42149260737784,-1.576965823867019,7.264028232614611,0.2684873226682081
5.934119456780721,-27.495619866152328,-32.89870690071789,-23.103021498850293,-29.018442752845502,21.433919731593935,5.9031972025817785,0.010075850356180343,-0.1187794308895942,11.22774947294103,8.836577106438183,7.639141951804849,0.2612023022715473
5.948082090796675,-24.73104249558879,-32.79313519476515,-21.12999701078746,-28.73741778575114,22.289375380415393,5.6784223620439755,0.011304346618534918,-0.11777184585397604,-10.115550419156524,19.888070934607104,7.605095754498055,0.2541181257930454
5.96204472481263,-21.5163414466934,-32.00328377344403,-19.147355542065345,-28.46743930133021,18.361490326755344,5.530376632569775,0.012045907581058913,-0.11664141119212257,-6.1694071856682955,-6.706664213134452,7.0632290743984685,0.24701526209728764
5.976007358828585,-20.184098759320065,-31.573538301709682,-17.155483612566645,-28.208559932423185,13.997928188944986,5.25060047892206,0.010971260344432823,-0.1154368204340166,-36.68729659293515,20.9803487026225,5.780744768546412,0.23983506482266836
5.989969992844539,-18.8427344297549,-31.376709057003108,-15.1547695416707,-27.960830148075964,18.190035697735595,5.009350109279774,0.008783385973803223,-0.11433969439957314,-10.139767486219869,34.25183814029653,6.19239958197411,0.23262382440314022
6.003932626860494,-17.125289784185696,-31.777271313220282,-13.14560337254984,-27.724298243700872,20.27365110122598,4.855668383282987,0.008583499385651451,-0.11346135580219263,2.540256658827945,12.256804268109649,6.767378150517195,0.22556081363583447
6.017895260876449,-15.060365851775584,-32.017283232689174,-11.128376796129668,-27.499010331661317,20.761954499684602,4.913793102501814,0.00900156868022154,-0.11260300586362737,43.541311262268096,-35.986072046483876,7.3665787454316245,0.21875505894732905
6.031857894892403,-12.915890380459091,-30.981849148504033,-9.103483074728171,-27.285010332282134,20.186198162369745,5.076116740612636,0.009501979814608166,-0.11170284899560512,63.79820788892253,-61.1997159886561,7.607815667023679,0.21200551379012023
6.045820528908358,-10.326470778560447,-31.341532335133703,-7.071316965388458,-27.082339965287225,20.39644419977107,4.970115379340899,0.00966495073306305,-0.11075265101414411,8.933968924847331,-2.663586432985015,7.026038021114219,0.2052481802168633
6.059783162924313,-8.741432403151418,-31.507143590541137,-5.032274642920047,-26.891038741666208,17.455684089995767,5.017933471086403,0.009779949384453946,-0.10978615594083774,33.89992489242691,-42.60282993376244,6.916314477243278,0.19847266409087716
6.073745796940267,-6.839920884302724,-31.78582435029756,-2.986753622663848,-26.711143955971664,20.06437577711081,5.159218921641188,0.009115591505683097,-0.10880816100239254,67.18800209412622,-50.027657267231106,7.491190850684851,0.19171058897999593
6.087708430956222,-4.559505006086949,-31.305089947277057,-0.9351526829957457,-26.542690679048505,19.896280539400657,5.389217456075688,0.009693349030218039,-0.10789660185182415,80.66914112200294,-76.19939238766698,7.896628280839337,0.18496466833815273
6.101671064972177,-3.3570823598018573,-31.47405303416703,1.1221282124160616,-26.38571175119685,19.168927334511313,5.46277120666596,0.010149109218697487,-0.10692726694880239,47.074653131756314,-45.23912823174007,7.515400046948015,0.17831078799148115
6.115633698988131,-0.6413930417104293,-31.77325062579326,3.1846879925847205,-26.240237775769707,23.125026999156294,5.628978548960091,0.010318984035937999,-0.10591235602693283,78.49765940420674,-54.504651510583045,8.377802904246236,0.17162271785987038
6.129596333004086,1.3580467287236508,-30.71409576773656,5.252124557394353,-26.106297113206836,18.973764593387237,5.847527514517464,0.01189326373577583,-0.10488045762333886,71.79822529291617,-85.59409423453594,8.17605722856521,0.16491066783577413
6.143558967020041,2.2481594097391513,-29.943177522958347,7.324034855990249,-25.983915875505787,20.956338212718826,5.755287326776961,0.01152786587549625,-0.10369113124976126,20.577360309305337,-5.912338332844959,7.613646704933867,0.15820126278942714
6.157521601035995,3.797430887517301,-29.4516292120039,9.40001496535443,-25.873117921131332,26.428436516613573,5.540108369520375,0.011798402428622705,-0.10253834466221168,2.09390549790468,29.50810045615806,8.22887738703217,0.15135212227401684
6.17148423505195,6.989770911211391,-29.226465878245328,11.47966016905125,-25.773924850364217,27.878235374038795,5.287030631305368,0.013393978630569799,-0.10135850441934924,-16.343148749793848,29.76721177470569,8.517168314978939,0.1445552953821685
6.185446869067904,10.382235964099475,-29.058812001855618,13.562565036127522,-25.686356001090132,22.495774854280402,5.034774917669179,0.014355025746565686,-0.10001910655629231,-33.66817378612819,14.80051767406724,7.4655207822940115,0.13774528893839344
6.199409503083858,11.694740391554754,-27.917009207207357,15.648323500152623,-25.610428445029747,17.73117424424745,4.792198440555503,0.012965435265213059,-0.0985836039816359,-32.027762841753955,15.046801837201864,6.294682445712519,0.1307877158489399
6.213372137099813,13.149142524438096,-27.636061485287467,17.736528938381156,-25.54615698441055,23.049308670391483,4.349141769027604,0.010451503988892195,-0.09728706045511437,-53.03147252421634,83.068671553465,6.49031194218762,0.12374416021150392
6.227334771115768,15.36548658319499,-28.150292840759036,19.82677425102538,-25.49355414908114,24.857166021890478,3.9682194118276137,0.00991527311193877,-0.09624191005622507,-50.23002206505655,64.442873042533,7.012924009400288,0.11684782903722457
6.241297405131722,18.996292908490563,-27.266175591834013,21.91865194062001,-25.452630194068504,23.502835764663367,3.8254342823402823,0.009646015028513675,-0.09525038274503128,-8.655909185283289,8.06857139925091,7.086703038586049,0.11020930949021501
6.255260039147677,21.9826930370803,-25.911909740480468,24.011754191464625,-25.423393097578746,17.165920926638467,3.4739116258135847,0.008878076583815933,-0.09428578124218001,-66.311851332137,41.74462264046502,5.343285431468685,0.10362899224086553
6.269222673163632,23.711821159559406,-25.934079410649257,26.10567294912817,-25.40584855944175,15.122729555988716,2.8923968948958616,0.00658735557858371,-0.09339797358379842,-108.16704335710321,102.76889605466512,4.153921192572696,0.09707834615515765
6.283185307179586,25.89267716522723,-25.29139593527192,28.199999999999964,-25.400000000000006,17.200859053795938,2.4469372953937856,0.004447322117534347,-0.09273923802594006,-72.80543913751008,86.48958586718297,4.519844037205023,0.09339797358379842
