Time,X,Y,Ref_X,Ref_Y,u,v,r,psi,Tp,Ts,Lateral_Error,Heading_Error
0.0,-169.30039944090478,-270.0418230067553,-180.0,-260.0,-23.178442251121727,1.7402935523140624,0.009575444288418385,0.0,394.222204119682,-500.00000499110666,14.142135623730951,0.6747409422235626
0.013962634015954637,-172.0276586822269,-270.60249637859414,-179.30186829920225,-259.4414946393618,-22.743334191425728,3.6225701327773985,0.014440313145498472,0.0009575444288416612,500.0000049823257,-500.00000499904195,14.573823822870287,0.6747409422235329
0.027925268031909273,-173.155023571627,-270.35985529368395,-178.60373659840454,-258.88298927872364,-22.51095498082381,5.438368595441506,0.015407931424580846,0.002401575743391504,500.0000049969715,-500.0000049906079,13.438439173637475,0.673783397794721
0.04188790204786391,-174.79211533702767,-269.96322136050355,-177.9056048976068,-258.32448391808543,-22.02091820701451,7.187520409167573,0.014306104984172516,0.003942368885849756,500.0000049922663,-497.95457907860816,12.939018010781346,0.6723393664801414
0.05585053606381855,-177.28326714125453,-269.20855242660593,-177.20747319680908,-257.7659785574473,-7.451187156084211,8.609528944215343,0.010627858743991322,0.0053729793842669515,463.80528557817104,-396.37865960912455,12.434093677768226,0.6707985733377129
0.06981317007977318,-178.23245412885854,-266.96926662064385,-176.50934149601133,-257.2074731968091,4.502925658832346,9.589785480963656,0.009979017839936136,0.00643576525866596,357.6061905911519,-299.49676369853944,12.02600779910884,0.6693679628393157
0.08377580409572782,-177.8398050404333,-265.4873717825392,-175.8112097952136,-256.64896783617087,10.169178754071591,9.83814932608066,0.009649047270804135,0.007433667042659575,164.4191642330536,-133.01341541199002,10.60051843656725,0.6683051769648469
0.09773843811168245,-176.8285769193011,-263.50808008142224,-175.11307809441587,-256.0904624755327,10.55855242046741,9.773411793471828,0.009882205531789947,0.008398571769740126,74.33139176996328,-66.20425988177948,9.784525760722506,0.667307275180923
0.1117010721276371,-175.08261556382695,-263.1016859053963,-174.41494639361815,-255.5319571148945,9.29161223667017,9.361636252072453,0.00799611396813645,0.009386792322918946,-19.345558289982105,19.907619295919517,8.3333156601487,0.6663423704537976
0.12566370614359174,-173.04618850259698,-261.67291141397675,-173.7168146928204,-254.97345175425633,4.56401945743133,9.091014736948042,0.007091075078446088,0.010186403719732784,5.05804151093704,-20.716208577371475,8.242184324255355,0.6653541499006388
0.13962634015954636,-172.50948579014087,-260.3700274636113,-173.0186829920227,-254.41494639361815,-0.5788630354901567,8.678584669731475,0.0038451072647521286,0.01089551122757726,-35.27404807764555,16.932598601000006,7.258017138989197,0.664554538503805
0.153588974175501,-172.60704470991692,-259.48374141322967,-172.32055129122494,-253.85644103297997,1.411947419913962,8.193112202487068,-0.0003329425057231926,0.011280021954052533,-42.1568359514134,55.59875173337715,6.516325992013053,0.6638454309960053
0.16755160819145565,-172.19035625207906,-258.57759488307926,-171.62241959042723,-253.29793567234177,4.678324181187215,7.745230273540444,-0.001828561559612652,0.011246727703480008,-34.23748940432342,53.57930628657877,6.263679373174508,0.6634609202694852
0.18151424220741028,-171.23674211027895,-258.2330986118416,-170.92428788962948,-252.7394303117036,5.1930845065010764,7.322507838906014,-0.0015989056100618319,0.011063871547518644,-38.04520538288553,45.02975724749541,5.9738676467479435,0.6634942145200777
0.1954768762233649,-170.85918462427898,-257.5956034804523,-170.22615618883177,-252.1809249510654,3.850466470921244,7.043409180727276,-0.0006100503209431917,0.010903980986512352,-9.095650307692196,7.4477965693239625,6.135966910342712,0.6636770706760191
0.20943951023931956,-170.3617298011745,-256.3557170840662,-169.52802448803402,-251.62241959042723,5.692928389437403,6.808658175135908,-0.0002925038515460005,0.010842975954417966,7.095576809792934,5.535492186899243,6.119715115296059,0.6638369612370703
0.2234021442552742,-168.42701116258183,-255.68780484068483,-168.8298927872363,-251.06391422978902,6.173874074010975,6.475980160189352,-0.00030110373787749526,0.010813725569263521,-23.202179792993014,29.744039272162084,5.509056369815738,0.6638979662691198
0.23736477827122882,-168.08504614717577,-254.53664397596165,-168.13176108643856,-250.50540886915084,0.16155466795941464,6.197118137047062,2.9504072991434586e-06,0.010783615195475882,-27.205269492489762,3.9093343689436826,5.190799612124741,0.6639272166542742
0.25132741228718347,-168.71287104594566,-253.0686159739812,-167.4336293856408,-249.94690350851266,3.2927265791353655,5.856337309932973,-0.0018316011932921128,0.010783910236205951,-25.113918451256367,42.74807855021114,4.635737412294572,0.6639573270280819
0.26529004630313807,-168.45776548071535,-252.24336557420355,-166.7354976848431,-249.38839814787448,8.764592294235836,5.406685494487485,-0.0028424059916262287,0.010600750116876778,-50.83466508817929,79.4749048311384,4.1777994993527,0.6639570319873318
0.2792526803190927,-167.03319896014975,-251.09244595781044,-166.03736598404535,-248.8298927872363,9.52158775312523,4.993882998952548,-0.00213800633145594,0.010316509517714234,-55.94386438773254,63.538405243657216,4.184510746891008,0.6641401921067058
0.2932153143350474,-166.10663139456912,-251.04489483925914,-165.33923428324763,-248.2713874265981,5.841892290260326,4.575514127090084,-0.0018664294985643733,0.010102708884568656,-71.15867632539123,58.340286284329956,3.2905755671490096,0.6644244327058235
0.307177948351002,-165.1937070310404,-250.47725010302403,-164.6411025824499,-247.71288206595992,5.690879632214939,4.323400717993246,-0.0016217473501841052,0.009916065934712393,-24.291872103011023,26.937028067473666,3.6400664582643,0.6646382333389891
0.32114058236695664,-165.95194333055215,-249.31021615387132,-163.94297088165217,-247.15437670532174,4.704980205210797,4.119464095627535,-0.0013307228980674712,0.009753891199693943,-16.071851463367903,14.754927253668912,3.5504687764496765,0.6648248762888254
0.3351032163829113,-165.84994850801644,-249.01384319285796,-163.24483918085443,-246.59587134468356,11.836678868322963,3.832275185231829,-0.0019336555020134797,0.009620818909886975,-20.795266259145908,56.442697793100095,3.8335467416578104,0.6649870510238887
0.3490658503988659,-166.3595016953889,-248.72045479381885,-162.5467074800567,-246.03736598404535,12.939440107127917,3.647008874885306,-0.0006580920971577442,0.009427453359685423,-10.532868024291911,19.419099100975902,4.446438784395593,0.6651201233136508
0.36302848441482055,-166.4603209511967,-248.29723449231773,-161.84857577925897,-245.47886062340717,18.413016363825296,3.551992707695245,0.0006282016024402811,0.009361644149969539,21.241975919304938,7.739643370848487,5.554852418062935,0.6653134888638723
0.3769911184307752,-165.65893289893307,-247.60735401282597,-161.15044407846125,-244.920355262769,20.85680507147809,3.5079501269934616,0.0023556746413863766,0.009424464310213487,27.073307756285775,-11.25602460604856,6.292702577952381,0.6653792980735682
0.3909537524467298,-163.1007857788582,-246.54973007224564,-160.4523123776635,-244.3618499021308,19.766923135220214,3.442986365955838,0.0034759850218632916,0.009660031774352262,13.53524945013702,-13.591244949785528,6.1353234784357165,0.6653164779133691
0.40491638646268446,-162.35177376480635,-246.6372311812772,-159.7541806768658,-243.8033445414926,11.20190488730021,3.289653533190501,0.0033298903469450927,0.010007630276538393,-26.893947086102877,-7.596476896235551,4.329249264273349,0.6650809104491855
0.4188790204786391,-161.75955451544536,-246.69247084512122,-159.05604897606804,-243.24483918085443,13.05011786593666,3.301838464094782,0.002980405491965229,0.010340619311232757,37.57598621472588,-25.61465077218804,4.7297066893874735,0.6647333119470193
0.4328416544945937,-161.2382438357496,-245.78972620462739,-158.35791727527032,-242.68633382021625,13.072636779098982,3.4483145792847525,0.003864515397773247,0.010638659860429112,68.17099826556597,-64.31196784118453,5.2554990035257445,0.664400322912305
0.4468042885105484,-160.32861700899878,-245.31404442060568,-157.65978557447258,-242.12782845957807,13.939985694892835,3.486025890635681,0.003793050065624618,0.011025111400206455,43.522151828969896,-35.722571344278556,5.120044787196605,0.6641022823631086
0.46076692252650303,-158.779832054953,-244.8420583726106,-156.96165387367483,-241.5693230989399,12.727093533954022,3.532891722420618,0.003958928843774625,0.011404416406768814,41.50803400104187,-43.10221184354205,5.03580962026652,0.6637158308233762
0.47472955654245763,-156.73281368325567,-243.614821792277,-156.26352217287712,-241.01081773830168,8.991988162308107,3.584971678218942,0.003945986495677402,0.01180030929114606,37.42885727531648,-50.72745645003919,4.583690676803206,0.6633365258167889
0.4886921905584123,-154.83886636132166,-242.4052763317749,-155.5653904720794,-240.4523123776635,3.520348779309365,3.4902908881369483,0.002540213659618174,0.012194907940713762,-4.122906902257691,-17.628556159081146,3.371104084941935,0.6629406329323917
0.5026548245743669,-153.86197537757536,-242.41714989399702,-154.86725877128166,-239.89380701702532,-0.8483204382931113,3.3083401358421813,0.0004153691536617483,0.012448929306675627,-25.44389890471855,7.941793002803234,2.511629799128852,0.662546034282824
0.5166174585903216,-154.82374006922825,-241.9543810167706,-154.1691270704839,-239.33530165638714,-1.069041219970215,3.2536891232232295,-0.0006123605175491474,0.012490466222041974,14.666120489469707,-13.853831572617601,3.097116517361864,0.6622920129168821
0.5305800926062761,-154.97830639129415,-241.32916584088315,-153.4709953696862,-238.77679629574897,6.881683164924272,3.225440571702553,-0.0010521227708490295,0.012429230170286854,39.570508277953564,-1.371994027710573,3.45354352533877,0.6622504760015206
0.5445427266222308,-155.0369613400758,-240.79356806842733,-152.77286366888845,-238.21829093511076,8.975276459648422,3.1903354703798485,-0.0003114690232125034,0.012324017893202033,24.64061738913806,-12.183884359022343,3.813334535701881,0.6623117120532709
0.5585053606381855,-154.35324150337857,-240.71203099236365,-152.07473196809073,-237.65978557447258,12.054636644279004,3.167457009864794,0.0004200381265202773,0.012292870990880722,29.949045405174818,-12.699942024659713,4.312237884401598,0.6624169243303357
0.5724679946541401,-153.5357186370212,-240.881101486347,-151.376600267293,-237.1012802138344,11.361445581119446,3.250625321664681,0.0018487160475866746,0.012334874803532792,48.688796661411146,-48.307422892686716,4.679520726849567,0.662448071232677
0.5864306286700948,-153.2854928769465,-240.40334475436043,-150.67846856649527,-236.54277485319622,10.92859853894789,3.4795011238648854,0.0034916511069998605,0.012519746408291343,87.64670578955345,-86.1319585996912,5.194704605790968,0.6624060674200298
0.6003932626860494,-151.7521890141602,-239.96310490423642,-149.98033686569752,-235.984269492558,13.16265821667797,3.6804759244336958,0.004312880267853815,0.0128689115189915,88.7820580639224,-75.0039881265846,5.5183586715770305,0.6622211958152664
0.614355896702004,-150.8577196277117,-239.74778105670606,-149.2822051648998,-235.42576413191983,8.65671206358543,3.858926308110782,0.00508487290740253,0.01330019954577688,69.60044075356885,-86.30318408858483,5.166070218234902,0.6618720307045463
0.6283185307179586,-149.34082768023353,-238.81503001978797,-148.58407346410206,-234.86725877128166,8.833296040086893,4.077595549204284,0.005188739129718893,0.013808686836517037,92.06376294381812,-87.85655381946667,5.384140103658252,0.6614407426777809
0.6422811647339133,-148.6492099456916,-238.37216040779026,-147.88594176330434,-234.30875341064348,4.96422645237338,4.159772295448595,0.004560056089210472,0.014327560749488821,49.65879269172931,-63.86440757194961,4.735316452931278,0.6609322553870456
0.6562437987498679,-149.59485970172094,-238.36317413001746,-147.1878100625066,-233.75024805000527,5.96924599000887,4.250562530313011,0.003669362608610092,0.014783566358409939,63.45546350415524,-55.82803858106132,4.847449170607031,0.6604133814740489
0.6702064327658226,-149.87129746260493,-237.96213156714356,-146.48967836170885,-233.1917426893671,13.508025483920502,4.45609658942326,0.0040928764782714655,0.015150502619270867,108.76884312155815,-71.02159754390061,6.032068824185143,0.6599573758651478
0.6841690667817772,-148.59766357942004,-237.50645052547264,-145.79154666091114,-232.6332373287289,16.263178846630566,4.657778956108959,0.005740832391467394,0.015559790267098084,99.24731619301316,-82.27591474864559,6.711294987417105,0.6595904396042869
0.6981317007977318,-146.93187500577991,-237.65317955813813,-145.09341496011342,-232.07473196809073,12.858149556050758,4.834498626522598,0.00715706478705089,0.016133873506244623,80.89167322059268,-91.67252210084081,6.464002233331872,0.6591811519564397
0.7120943348136864,-145.60709123553508,-236.9560657053051,-144.39528325931568,-231.51622660745255,9.041770479798146,5.140652335271664,0.008218425564151121,0.016849579984949514,114.77902687547294,-127.83841556681617,6.6405187453360135,0.658607068717318
0.7260569688296411,-144.67337900905946,-236.5944769383398,-143.69715155851793,-230.95772124681434,7.107806646369046,5.339466877592582,0.007577763037150006,0.017671422541364556,94.07242808596595,-98.8972661316826,6.295077903612556,0.6578913622386082
0.7400196028455958,-142.50061001389486,-235.55979771017212,-142.9990198577202,-230.39921588617617,6.508941495533947,5.541026362194891,0.006943344425974953,0.018429198845079764,99.44080134463115,-98.32547391172673,6.417533644020037,0.6570695196821932
0.7539822368615504,-142.39930462187442,-235.16167848577913,-142.3008881569225,-229.840710525538,-0.243894051614145,5.584754156448929,0.005595393744651949,0.01912353328767713,46.42870527255065,-73.50193879193934,5.722573463538836,0.656311743378458
0.7679448708775051,-142.83685666193264,-234.22695838870507,-141.60275645612475,-229.2822051648998,4.2934861743064765,5.654901158249934,0.003527023755297193,0.019683072662142198,78.88798708204638,-55.14728027538592,5.9331859494955115,0.6556174089358606
0.7819075048934596,-142.174386368694,-233.1587126353806,-140.904624755327,-228.72369980426163,8.598387221800508,5.619111384182799,0.002787571813639316,0.020035775037671844,51.824892661732676,-28.48576062821988,5.832613066898515,0.6550578695614404
0.7958701389094143,-140.99126069033258,-232.82129158390947,-140.2064930545293,-228.16519444362342,7.710362489319538,5.476263685048692,0.0026827486804146166,0.020314532219035897,12.266409933514298,-12.138370639973786,5.36729242983313,0.6547051671858659
0.8098327729253689,-140.1151581438289,-231.9989442593494,-139.50836135373154,-227.60668908298524,5.6245182250374555,5.4153191704736745,0.002852875783462187,0.02058280708707727,29.24164048732069,-34.79108198876679,5.421353123080715,0.6544264100045218
0.8237954069413236,-140.5259377392788,-231.97014622902856,-138.81022965293383,-227.04818372234706,5.291626909418806,5.3095513934721295,0.0021868373759082824,0.02086809466542361,21.03742951945165,-18.873134764137834,5.119850413936852,0.6541581351364854
0.8377580409572782,-140.1481301132905,-231.5815923690437,-138.11209795213608,-226.48967836170885,10.64655930179265,5.345089836259092,0.0025707738753465844,0.021086778403014428,69.39965595403427,-41.26794994747921,5.9885015289901125,0.6538728475581341
0.8517206749732329,-139.7713783480519,-230.96163550794054,-137.41396625133837,-225.93117300107068,10.838108342875033,5.412600370394101,0.004139823345741806,0.021343855790548982,66.53494907308709,-61.30035778914049,6.277172218281873,0.6536541638205233
0.8656833089891874,-139.4818188719323,-231.03165810696262,-136.71583455054062,-225.3726676404325,12.324614271611825,5.449173730191919,0.004894560343779362,0.021757838125123108,62.319305573261666,-51.09460138672126,6.369686783708219,0.6533970864330088
0.8796459430051421,-138.28004910785006,-230.56199689356006,-136.0177028497429,-224.81416227979432,13.848465627717559,5.63096479123803,0.006546303019962121,0.022247294159500886,100.30213515423836,-88.68328129795546,7.117397991966202,0.6529831040984146
0.8936085770210968,-136.9107557787183,-230.8376796599927,-135.31957114894516,-224.25565691915614,11.096734106288197,5.790897739345374,0.0077895394360413435,0.022901924461497192,86.79799895548679,-94.47632811410801,6.9666601480140145,0.6524936480640817
0.9075712110370514,-135.14760954587064,-229.23182744047847,-134.62143944814744,-223.69715155851793,8.514206174870054,6.124427340643273,0.009017868388671179,0.023680878405101247,133.2613338973902,-140.47450293408224,7.498540579964155,0.6518390177620406
0.9215338450530061,-134.48159463215097,-228.56472727921465,-133.9233077473497,-223.13864619787975,4.307681353979365,6.12001770289212,0.007204494089449913,0.02458266524396846,45.50331854760651,-60.36448821567569,6.214963599975342,0.6510600638184565
0.9354964790689606,-134.5700868755792,-228.2893542243649,-133.22517604655198,-222.58014083724157,5.542109022739465,6.0908947984991295,0.005024716580344906,0.02530311465291346,51.09196481822441,-41.6079940463839,6.115052129269756,0.6501582769795693
0.9494591130849153,-135.48848025715787,-228.39337989097288,-132.52704434575423,-222.0216354766034,8.989462648501279,6.133790497340703,0.004562010456416754,0.02580558631094787,74.30618599807617,-54.523494479180904,6.592292551132317,0.6494378275706443
0.9634217471008699,-134.76549577248,-228.23720409174473,-131.82891264495652,-221.4631301159652,15.767050452998719,6.3295515893004435,0.006111629275357503,0.026261787356589572,121.87359208649418,-86.33212955107018,7.837142148274903,0.6489353559126148
0.9773843811168246,-132.84900633929317,-226.90063757005797,-131.13078094415877,-220.904624755327,13.916625881256298,6.58103535031775,0.009134102942893282,0.026872950284125174,118.85308861445687,-121.81462931594447,8.184000953572669,0.6484791548669482
0.9913470151327792,-130.74731817773858,-225.73002936057097,-130.43264924336103,-220.34611939468883,8.752159755888115,6.57648809195103,0.008944915741857079,0.02778636057841455,47.797525037525546,-66.08893365499821,6.985734759229412,0.6478679919394326
1.0053096491487339,-129.87312953833415,-225.37787972795923,-129.7345175425633,-219.78761403405065,3.422393118336414,6.434258088999059,0.006632168921022046,0.028680852152600078,11.55320849687027,-31.321102756534206,6.028106256485117,0.6469545816451481
1.0192722831646885,-130.76774023377337,-225.3795826555488,-129.03638584176556,-219.22910867341244,3.9199048834192642,6.373473050651913,0.004409045925167571,0.029344069044702437,43.980614401723955,-37.852282535435805,6.2054432150314325,0.6460600900709328
1.0332349171806432,-130.421094335976,-225.4503557648361,-128.33825414096785,-218.6706033127743,11.375144990447065,6.4555369820234265,0.004172277360835564,0.029784973637219103,95.9582688895888,-57.907324530483464,7.135321050724386,0.6453968731788602
1.0471975511965979,-129.68352224870503,-224.7950998863153,-127.6401224401701,-218.11209795213608,11.152039053205241,6.676592526051499,0.006854269462057347,0.03020220137330254,115.3893280781433,-111.44599333104904,7.847536709752629,0.6449559685863386
1.0611601852125523,-129.38717120583914,-224.8716922239455,-126.94199073937239,-217.5535925914979,11.058414622259692,6.8184432478408405,0.007926035944478143,0.03088762831950831,97.55096759062182,-92.94601753350575,7.743088719468317,0.644538740850245
1.075122819228507,-128.41923234048593,-223.55917982205085,-126.24385903857466,-216.99508723085972,12.937049211791361,7.0886379919476505,0.009367346859775198,0.03168023191395619,136.49842564527614,-122.80525830557987,8.480643701864661,0.6438533139040397
1.0890854532444616,-127.56111723333383,-222.80572743594854,-125.54572733777692,-216.43658187022154,11.357957188123773,7.09889099629145,0.009274930405273657,0.03261696659993385,64.377148788772,-66.14395896687857,7.680392736312169,0.6430607103095816
1.1030480872604163,-125.42209669751713,-222.46861182583916,-124.84759563697918,-215.87807650958337,11.042587248416687,7.0582347575064235,0.008470314278647263,0.033544459640461266,54.13964865309529,-50.33048105322953,7.440130832952561,0.6421239756236488
1.117010721276371,-124.49993589127953,-221.7336429222659,-124.14946393618146,-215.31957114894516,4.294797076404711,7.09052769258,0.008360113062799398,0.03439149106832584,57.71278293321331,-83.43922594351643,7.261430764326678,0.6411964825830765
1.1309733552923256,-123.33976934075484,-221.10980868194076,-123.45133223538372,-214.76106578830698,4.9572709772300465,7.072587864137215,0.006094423906107031,0.03522750237460581,61.57028913750883,-54.26482864908212,7.050985854202566,0.6403494511552221
1.1449359893082802,-121.77914801704635,-220.35496320666067,-122.75320053458599,-214.2025604276688,2.634285357880443,7.046673901057367,0.004985172591834447,0.03583694476521648,52.33335325884941,-58.622965358175655,6.932109448826774,0.6395134398489666
1.1588986233242349,-121.94255681606333,-219.26214577728442,-122.05506883378825,-213.6440550670306,-0.8682729912536549,6.986334749492257,0.003499447309275959,0.036335462024399856,40.26020182913886,-52.289355486705574,6.7165780242371005,0.638903997458331
1.1728612573401895,-120.87499413482648,-219.43646936691235,-121.35693713299052,-213.0855497063924,4.058543744694973,6.8073201259378155,0.0009579122248396747,0.0366854067553275,28.078864765873234,-1.9990147741281752,6.204296046785713,0.6384054801991477
1.1868238913561442,-120.20160888226334,-218.60352908139208,-120.65880543219279,-212.52704434575423,1.1491169149637823,6.848071457693699,0.0022254391729092686,0.03678119797781143,65.17057534454149,-74.39241960831308,6.912806353294749,0.6380555354682103
1.2007865253720988,-120.09896645131688,-217.91849535977994,-119.96067373139505,-211.96853898511606,1.9736630137598807,6.81188128609943,0.001664738970478393,0.03700374189510214,54.210433035545684,-46.70984323245563,6.63936317161555,0.6379597442457463
1.2147491593880535,-120.07521039447991,-218.52495741925094,-119.26254203059733,-211.41003362447788,4.591654106449271,6.749142253891019,0.0014108000588995194,0.037170215792150074,51.157276066381996,-35.3406709183176,6.561987501623817,0.6377372003284703
1.228711793404008,-120.41247139257217,-217.30866163706673,-118.5644103297996,-210.85152826383967,7.167737365435501,6.987783566454944,0.0038087167866833836,0.037311295798040156,128.24094406788618,-112.28030707112143,7.820743688330014,0.6375707264313979
1.2426744274199626,-119.50806509108845,-216.250171979288,-117.86627862900187,-210.2930229032015,11.454852035651491,6.9948281794933855,0.004519449571525765,0.03769216747670834,75.11831514307842,-50.85051486776938,7.463396306867813,0.6374296464255078
1.2566370614359172,-118.56952168467637,-215.75350635361093,-117.16814692820414,-209.7345175425633,9.413641349803855,6.8788884114966775,0.005361310381468009,0.038144112433860844,29.390624397491838,-33.52021770452325,6.923075165546464,0.6370487747468392
1.270599695451872,-118.35015375681776,-215.33115645369702,-116.4700152274064,-209.17601218192513,8.7768817382596,6.806250637789304,0.0054472273802637665,0.038680243472007714,42.64837690765015,-40.680251387684066,6.904444723703635,0.6365968297896867
1.2845623294678266,-117.961199041061,-214.82747834519537,-115.77188352660868,-208.61750682128695,11.217606113145495,6.780075874168386,0.005562519095986516,0.03922496621003413,60.96717335563306,-45.01968419549646,7.19170138192224,0.6360606987515647
1.2985249634837812,-117.12912609010401,-213.77689108550504,-115.07375182581094,-208.05900146064874,12.090654569770628,6.77115143805487,0.006380261103038175,0.039781218119632644,61.76083198146331,-52.6691483301131,7.358643268802838,0.6355159760135036
1.3124875974997359,-115.1673812997175,-212.92701367424712,-114.3756201250132,-207.50049610001057,11.248330764690415,6.6450145099411975,0.006341273606070038,0.04041924422993626,27.71593726016566,-26.367475143111918,6.853825874191062,0.6349597241039149
1.3264502315156905,-114.89156747268252,-211.04599797596066,-113.67748842421547,-206.9419907393724,5.4417407856955045,6.49012177907127,0.005831591989228039,0.04105337159054345,7.733914490933278,-29.30685291805957,6.167680302305585,0.6343216979936361
1.3404128655316452,-114.1551339897999,-209.86716867326516,-112.97935672341774,-206.38348537873418,8.724138497418274,6.079363845970833,0.0023709279932217667,0.041636530789466164,-39.17465166327627,58.37004576174121,5.039402114229368,0.6336875706330041
1.3543754995475998,-113.62820354022858,-209.1902617450072,-112.28122502262,-205.824980018096,7.606134726301718,5.637385085306775,0.0009076713383660965,0.04187362358878843,-61.135200636378265,60.43790361018766,4.455426347865647,0.6331044114340818
1.3683381335635545,-112.53179936199261,-208.87480924343393,-111.58309332182228,-205.26647465745782,8.654171836056072,5.26176760378715,1.2278790101486305e-05,0.04196439072262503,-43.31756494231715,52.18784360555287,4.424769023785217,0.6328673186347693
1.382300767579509,-112.67066167234697,-207.42610577728266,-110.88496162102456,-204.70796929681964,6.540991319626528,5.016335972784821,0.0003469809594214547,0.04196561860163506,-20.463755860997573,14.82369661501261,4.4804720382764724,0.6327765515009229
1.3962634015954636,-112.76097794096245,-205.5285147446062,-110.18682992022683,-204.14946393618146,10.859966830884673,4.639346001321563,-0.0008375819130178036,0.04200031669757731,-41.93529017473235,65.36068258961059,4.111666563292217,0.6327753236219276
1.4102260356114182,-111.88306173808077,-206.1424464415311,-109.48869821942908,-203.59095857554325,13.24125727692496,4.078860362013808,-0.001985615061823032,0.041916558506275514,-96.85005519472585,111.8270669310104,3.8028855470855825,0.6327406255259707
1.424188669627373,-110.4636660559289,-204.8507279325162,-108.79056651863135,-203.03245321490508,12.066685079620687,3.8501503049085324,-0.0005541440463525675,0.041717997000093376,-24.607816320755756,23.368073012744023,4.385839093261084,0.6328243837172725
1.4381513036433275,-109.29816452532314,-203.67537169854796,-108.09243481783362,-202.4739478542669,8.778881592454908,3.5467278640159945,-0.0005784667566102083,0.041662582595458186,-50.695152259699995,39.50279420042424,3.3573532916393622,0.6330229452234546
1.4521139376592822,-108.87454263065915,-203.64525621226042,-107.39430311703589,-201.91544249362872,7.225831873344096,3.217966770529218,-0.001425260120133102,0.041604735919797076,-56.225450265445325,52.38448070628028,2.5926895433686656,0.6330783596280893
1.4660765716752369,-109.34927071534703,-203.39015379930572,-106.69617141623816,-201.35693713299054,9.023906359785812,3.021582652848924,-0.0014633616725562208,0.04146220990778371,-17.639423210252016,28.786814073492103,3.1593836988198425,0.6331362063037753
1.4800392056911915,-108.78787620389996,-202.61760432963442,-105.99803971544043,-200.79843177235233,14.21717785781999,2.902752186339502,-0.0008893591791923836,0.04131587374052792,8.447564915609135,18.417773771608804,4.236481119954439,0.6332787323157643
1.4940018397071462,-106.83217852152538,-202.63686733319892,-105.2999080146427,-200.23992641171415,13.551229095860112,2.7638243047033457,-0.00016147821333887754,0.04122693782260889,-10.807291583124469,11.494871404361062,4.22128823591048,0.63342506848302
1.5079644737231008,-104.55810811874345,-202.98557805737704,-104.60177631384497,-199.68142105107597,7.836372164119778,2.774989417264247,0.0009748040102997582,0.04121079000127503,15.035029003313644,-37.638949211938,3.7026148509587142,0.6335140044009537
1.5219271077390555,-104.09040277920114,-203.9241804714088,-103.90364461304722,-199.12291569043776,1.879684768061626,2.9752030064188286,0.0021282498835860668,0.04130827040230489,62.96898825384664,-87.47319096969277,3.9177140070782506,0.6335301522222725
1.5358897417550101,-103.818281985818,-202.99068178950208,-103.20551291224949,-198.56441032979959,4.537110206756367,3.4924116745966014,0.00409693356597831,0.04152109539066329,165.8308220797604,-151.603155221532,5.432326025517914,0.6334326718212528
1.5498523757709646,-103.97364104018725,-202.9370049484238,-102.50738121145177,-198.0059049691614,5.923447751336478,3.802126167847477,0.004424087801772257,0.04193078874726108,114.56826401136665,-105.55843888664046,5.1542662706577,0.6332198468328842
1.5638150097869192,-103.39614162042297,-202.89944893354706,-101.80924951065404,-197.44739960852323,9.673077264095337,4.166563276195012,0.005271473070385507,0.0423731975274384,137.00697396532152,-116.83380160082173,5.900877687342793,0.6328101534762869
1.5777776438028739,-102.0266672149105,-202.1487397970113,-101.11111780985631,-196.88889424788505,9.344398380008508,4.5790809497954434,0.006820040826032177,0.04290034483447691,143.69018261992028,-141.5160151522869,6.4302489410745345,0.632367744696134
1.5917402778188285,-100.9550380711309,-200.35385130507663,-100.41298610905858,-196.33038888724684,6.306501785077259,4.850315678904302,0.006989212964569667,0.043582348917079905,104.98009518185451,-115.0774800235392,6.03797764326272,0.631840597389036
1.6057029118347832,-100.13709724106663,-199.2063137893084,-99.71485440826083,-195.7718835266087,5.267479043683895,4.7773864336594,0.004540868356243061,0.04428127021353667,23.21711493304212,-24.453667868413785,4.746839394857199,0.6311585933064925
1.6196655458507379,-100.08938441778076,-198.57435561340608,-99.0167227074631,-195.21337816597048,4.880160444087893,4.600234026111825,0.0023279346191802126,0.044735357049161095,-3.101419987942716,4.674013755400368,4.147140459119798,0.6304596720100113
1.6336281798666925,-101.49311486576491,-199.1627889945334,-98.31859100666537,-194.6548728053323,8.052185005457014,4.438415339175672,0.0010632733430974593,0.04496815051107905,7.1463054384965154,10.601094211097973,4.30093650123268,0.6300055851743869
1.6475908138826472,-100.93684929267779,-199.6319866632422,-97.62045930586764,-194.09636744469412,17.403521037133025,4.552426588400869,0.0025593324653155943,0.04507447784538865,90.94423306685098,-44.51453676156235,6.376996817176487,0.6297727917124933
1.6615534478986018,-99.28719716034675,-198.92923093303625,-96.92232760506991,-193.53786208405592,15.76912262992916,4.894024674285312,0.006541453256324033,0.045330411091920375,126.20293275604182,-128.75690317190512,7.297584447398774,0.6296664643781593
1.6755160819145565,-96.40873830364723,-198.6358188526572,-96.22419590427218,-192.97935672341774,11.687011454971241,5.1194550348674985,0.008000982262934265,0.045984556417552724,94.06776025129976,-107.9123610022811,6.692008652489769,0.6294105311316276
1.6894787159305111,-94.36758816411584,-196.8792300858334,-95.52606420347445,-192.42085136277956,2.404055067615211,5.369554254643057,0.008303763052397965,0.04678465464384596,90.40890051778169,-128.54939407114864,6.277334981291962,0.6287563858060197
1.7034413499464658,-94.75272903548405,-196.05311342041378,-94.82793250267672,-191.86234600214135,-1.6863774466131174,5.295306686736646,0.004653249773563187,0.047615030949085924,20.45293506891536,-35.976088593401464,5.037960184365062,0.6279562875796767
1.7174039839624202,-94.1157632695556,-196.20047351823695,-94.12980080187899,-191.3038406415032,4.4449972491568746,5.169302353448942,0.0014445941735602005,0.04808035592644222,29.222080045929935,1.4891975131198187,4.789951097111885,0.6271259112744865
1.7313666179783749,-93.8650618438604,-196.3503331069628,-93.43166910108125,-190.745335280865,3.3422390778150737,5.227851758646843,0.0020703418437317076,0.04822481534379808,59.12471324571273,-60.76447421958485,5.497864860123264,0.6266605862971053
1.7453292519943295,-92.71059819446944,-196.46642431691964,-92.73353740028352,-190.1868299202268,5.816768222591863,5.439373113713076,0.0031420849068151254,0.048431849528171256,107.22014986892565,-92.59551601707986,6.266507727539856,0.6265161268797499
1.7592918860102842,-91.76811169352338,-196.1825028775523,-92.03540569948579,-189.62832455958863,3.082155447402011,5.775616156121893,0.005106087445833973,0.04874605801885279,129.5925409379375,-138.395408463748,6.871353083381223,0.6263090926954011
1.7732545200262388,-92.3019713886568,-195.03606569763005,-91.33727399868806,-189.06981919895043,2.6505619432678302,6.105429267638576,0.0056585746440398444,0.04925666676343621,136.26739282092248,-134.7448212308589,7.1257203306852155,0.6259948842046699
1.7872171540421935,-92.70919161350193,-193.96348794601874,-90.63914229789033,-188.51131383831228,8.634570077952727,6.198012918588519,0.004512125458971528,0.04982252422784006,92.9043901466217,-61.89425699753048,6.733304345621843,0.6254842754601264
1.8011797880581482,-91.91078906778361,-192.87923714621695,-89.94101059709259,-187.95280847767407,12.383779324216944,6.135014055224691,0.004447219994339475,0.050273736773737365,48.86914494698691,-27.22385230813841,6.617483948661251,0.6249184179957075
1.8151424220741028,-90.69896114044289,-193.06182624412722,-89.24287889629485,-187.3943031170359,10.930453564306221,5.964661382944757,0.004641160254319211,0.05071845877317127,8.994829804265917,-10.695032446423422,6.0993643920987015,0.6244672054498102
1.8291050560900575,-89.31015892234777,-192.14800259181018,-88.54474719549712,-186.8357977563977,8.913795992795013,6.012336800100279,0.005615349396092885,0.05118257479860322,62.21094595188901,-66.77270251035578,6.588176413137264,0.6240224834504011
1.8430676901060121,-88.62984594774363,-191.12682408682892,-87.84661549469939,-186.2772923957595,6.1199715649676545,5.970373239603087,0.005144586927176104,0.05174410973821253,37.742071209533975,-46.12413010742818,6.050388216521827,0.6235583674249447
1.8570303241219668,-88.9824785702724,-189.44942999636015,-87.14848379390166,-185.71878703512132,6.847463926121871,5.831683281129892,0.003601270927582529,0.05225856843093002,20.285192687676588,-12.939916648163019,5.607254103701517,0.6229968324853452
1.8709929581379212,-87.73075731132077,-188.4214470823081,-86.45035209310394,-185.16028167448314,11.453426345053712,5.471646753501954,0.0015063156168532632,0.05261869552368825,-29.17662728273071,54.33164205234899,4.980808952714199,0.622482373792618
1.8849555921538759,-86.86930179961104,-187.98452418788534,-85.75222039230621,-184.60177631384497,7.57420835955676,5.106842618940813,0.0011652987412737582,0.05276932708537352,-52.995883627286354,39.74900840834072,4.301684916327022,0.6221222466998495
1.8989182261698305,-85.95153863321265,-187.89949727455675,-85.05408869150847,-184.0432709532068,7.764472523993309,4.842365797125197,0.0005545539083716922,0.05288585695950099,-21.4531284575716,26.145579063508382,4.33917914906628,0.6219716151381989
1.9128808601857852,-84.9275159592002,-187.1494164067338,-84.35595699071074,-183.48476559256858,6.771403967662659,4.731109700206456,0.00105977719243573,0.052941312350338166,12.83836982096965,-13.662303739465257,4.69422374859137,0.6218550852640465
1.9268434942017398,-84.44311487335086,-185.83595519779144,-83.657825289913,-182.9262602319304,5.42544823613054,4.606498487449313,0.0010083361379690861,0.05304729006958153,7.564948084572114,-10.195387681423352,4.409893703078907,0.6217996298732098
1.9408061282176945,-83.68795617067246,-184.67324288270177,-82.95969358911528,-182.36775487129222,6.595655940763631,4.358656134399103,-8.359164756151487e-05,0.0531481236833784,-19.6248183638511,28.279014398632903,3.772128339711207,0.621693652153966
1.9547687622336491,-82.56905465825095,-185.62615487597583,-82.26156188831754,-181.80924951065404,5.87845935429733,4.056688098567017,-0.0009150189321957529,0.05313976451862246,-40.15771125134449,40.21374400085861,3.1995403863474103,0.6215928185401696
1.9687313962496038,-81.40081482242236,-184.99602338990942,-81.56343018751981,-181.25074415001586,4.407989058049016,4.1062477866040865,0.0005233590323417892,0.05304826262540274,45.748672082528316,-49.38212074830801,4.489487676448037,0.6216011777049499
1.9826940302655585,-80.89309376852293,-184.77722194698575,-80.86529848672208,-180.69223878937765,2.5203267970061756,4.133734181403915,0.0009561946711588274,0.05310059852863702,39.60111515447611,-45.32894425772063,4.336973556937633,0.621692679598135
1.9966566642815131,-80.24060177971634,-183.48039686763204,-80.16716678592434,-180.13373342873948,3.9543480129266335,4.228305554699693,0.0013021418529411773,0.053196217995752804,64.64348336645158,-55.40173103753534,4.6998888926388105,0.621640343694911
2.0106192982974678,-80.68291716438256,-183.6275230302486,-79.4690350851266,-179.5752280681013,3.674730252372567,4.146147570187583,0.0006813875629341187,0.05332643218104671,16.20957951584937,-14.576783845136532,3.980660562900146,0.6215447242278196
2.0245819323134224,-80.55519289731298,-182.057804457349,-78.77090338432888,-179.0167227074631,9.297729746313944,4.222235336641829,0.001234109322423964,0.053394570937340013,69.64719801157591,-41.04466983022214,4.991520440879124,0.6214145100425013
2.038544566329377,-78.86367169545913,-182.68621782332085,-78.07277168353114,-178.4582173468249,10.423801365801827,4.061860484785419,0.0010673042430908732,0.05351798186958234,-0.3967142572348589,9.212222573413321,4.372578466864282,0.621346371286208
2.0525072003453317,-78.06387123758876,-182.12097797382128,-77.37463998273341,-177.89971198618673,5.642527033279127,4.198358686187423,0.002884872570233822,0.05362471229389154,61.10878146405987,-79.27751987688215,5.012769052172845,0.6212229603539656
2.0664698343612864,-77.5867575706471,-181.60181213752998,-76.67650828193568,-177.34120662554855,6.345016527678782,4.304241639725426,0.002973963846788808,0.053913199550915,66.87659743483104,-60.52276712892791,4.977046324125119,0.6211162299296564
2.080432468377241,-77.71206421098364,-181.2830833772876,-75.97837658113795,-176.78270126491037,7.239159727556503,4.394724384898278,0.0030958814256039193,0.054210595935594075,64.36816518919748,-56.98991550838261,5.080425081626033,0.6208277426726574
2.0943951023931957,-76.48563002792883,-181.7635124572842,-75.28024488034022,-176.22419590427216,10.970332000684843,4.5155005696985375,0.0035479185499608257,0.05452018407815462,79.56143383595965,-59.017877960205965,5.61302839129854,0.6205303462879534
2.1083577364091504,-75.04851630817552,-182.0151470457232,-74.58211317954249,-175.66569054363399,7.637072409331026,4.865168785987355,0.0059341672398820645,0.054874975933150605,123.7050810271118,-134.95675356708537,6.388020701491467,0.6202207581454031
2.1223203704251046,-73.59025974379746,-181.42949309041927,-73.88398147874477,-175.1071851829958,5.0100321925715186,5.347042272805528,0.007628744063879398,0.055468392657138654,162.5358375117681,-170.85656787686685,7.0054320684632705,0.6198659662903969
2.1362830044410592,-73.46804731812122,-180.66623763604085,-73.18584977794704,-174.54867982235763,2.151040619843761,5.716049433210049,0.007551249171957361,0.05623126706352677,137.30076085648992,-146.82949977308584,6.8926873315429225,0.6192725495664089
2.150245638457014,-72.71045691506303,-180.00294464478512,-72.48771807714931,-173.99017446171945,5.679803080261365,5.940100233800021,0.0061169707270473175,0.056986391980722306,117.75318879672042,-98.2411244115489,6.747656254451236,0.6185096751600456
2.1642082724729685,-72.13035672106793,-178.24807055438185,-71.78958637635158,-173.43166910108124,4.575370898428018,6.086837776919556,0.005764343186247951,0.05759808905342689,89.36517978060265,-90.48932075699855,6.635485273915346,0.6177545502427906
2.178170906488923,-72.56307984309699,-176.48453929278884,-71.09145467555383,-172.8731637404431,5.277489312544619,5.918153527995279,0.003433115608978524,0.058174523372051645,13.515133257959015,-6.447823023127017,5.474389529317285,0.6171428531701455
2.192133540504878,-71.5059263039724,-175.29602247862843,-70.3933229747561,-172.31465837980488,10.19933444531528,5.520104063286188,0.0008505977341785997,0.0585178349329496,-37.5820842758186,64.00561131234744,4.700611842747745,0.6165664188514963
2.2060961745208325,-70.7923365330717,-174.89668053718785,-69.69519127395837,-171.7561530191667,7.10341407177693,5.0966586043767075,0.00020154136053954197,0.05860289470636726,-66.01275880809092,56.2028796261128,3.9761082906467435,0.6162231072905984
2.220058808536787,-69.88605670098326,-173.55851910957244,-68.99705957316064,-171.19764765852852,7.820684782101496,4.786761982149798,-0.00035326504334344056,0.05862304884242109,-32.161063651904136,39.19844884782645,4.11167406298094,0.6161380475172051
2.234021442552742,-69.83040076559386,-173.1085644901885,-68.29892787236291,-170.63914229789032,6.427533399953238,4.408706706653309,-0.0010906278066903127,0.058587722338086845,-57.357622416297005,54.68329734101216,3.322911206641717,0.6161178933811264
2.2479840765686965,-68.6609750256775,-172.85663704091047,-67.60079617156518,-170.08063693725214,9.847496456982277,4.10561110717078,-0.0014796654639069738,0.0584786595574176,-30.628956647973126,49.64158783136849,3.7602502458673,0.6161532198854607
2.261946710584651,-68.15028671144286,-172.62528821387096,-66.90266447076745,-169.52213157661396,6.8572851603817595,3.9259202751499407,-0.000515469153342733,0.058330693011027,-16.090951772460134,6.070239092394822,3.7696926531126382,0.6162622826661548
2.275909344600606,-66.68775334813934,-172.04243234734687,-66.20453276996972,-168.96362621597575,8.562911177511285,3.842691638688022,2.441536288058546e-05,0.058279146095692624,17.76183537686106,-6.765732206913937,4.146531922895108,0.6164102492124859
2.2898719786165604,-64.97352251900054,-170.94618052806172,-65.50640106917197,-168.4051208553376,4.505636756452311,3.7788095963003303,0.0006612136820565012,0.05828158763198088,8.95861088625393,-24.169032455409077,3.824346754273745,0.6164617961278798
2.303834612632515,-64.4604743671977,-170.08662395206937,-64.80826936837424,-167.8466154946994,0.5386141307320433,3.6381572338766195,-0.00011043815486864832,0.05834770900018649,-11.39708282226769,-3.9948405622169365,3.103967138974623,0.6164593545915666
2.3177972466484698,-64.57753150524228,-169.9343569613993,-64.11013766757651,-167.2881101340612,2.3048676012107023,3.4709818397108636,-0.0013294873063056975,0.05833666518469949,-6.719010750707176,16.980070784007772,2.820357316490959,0.616393233223361
2.3317598806644244,-64.29535762336725,-169.27463436386233,-63.41200596677878,-166.72960477342303,5.854361128179487,3.39622603918321,-0.0012240524796871806,0.058203716454068744,19.645851933604924,-1.0439906348459858,3.4101153011517393,0.6164042770388729
2.345722514680379,-64.1723204188977,-168.49324317149234,-62.71387426598105,-166.17109941278483,6.927043246991236,3.3125067231157423,-0.0007604291442236882,0.05808131120610005,11.24446050409866,-3.5306427482825318,3.4832483118849282,0.6165372257694788
2.3596851486963337,-64.37917606456763,-168.0115820032988,-62.01574256518332,-165.61259405214665,9.332095518935528,3.1965424907604874,-0.0005987453151341254,0.05800526829167785,5.35813912437637,8.571781418541109,3.598467366521257,0.6166596310174475
2.3736477827122884,-64.58117517667813,-167.63376871464607,-61.317610864385586,-165.05408869150847,13.056579004307885,3.1072322641774375,-9.51429303488483e-05,0.05794539376016461,14.376264605855054,5.8815914720250815,4.25675324211426,0.6167356739318945
2.387610416728243,-62.54749394774574,-166.57314967984684,-60.619479163587854,-164.49558333087026,16.456316255246314,3.0642822064468374,0.0008767319538556111,0.05793587946712986,25.06870307882076,-5.820777577945993,5.0540323310283135,0.6167955484633483
2.4015730507441977,-62.028072011629305,-166.10593903384495,-59.92134746279011,-163.9370779702321,9.157358025855194,2.9438372223978515,0.0013206351723851668,0.05802355266251524,-19.448573101834672,-9.872265219840608,3.720956788068887,0.6168050627564425
2.4155356847601523,-61.38808710738713,-166.75033033313187,-59.22321576199238,-163.3785726095939,11.818871646020424,2.8620058400613955,0.0008340312399029775,0.05815561617975362,11.75692380361547,3.489201441121339,3.912255895676976,0.6167173895610327
2.429498318776107,-60.930588350098546,-167.22997545738016,-58.52508406119465,-162.82006724895572,11.69622748708622,3.0509403385801073,0.002484699944502628,0.058239019303743866,74.48299924827344,-71.66034510904215,4.862484380781622,0.6165853260438139
2.443460952792061,-59.5198609339129,-166.25620477186587,-57.826952360396945,-162.26156188831754,13.000249254451585,3.444647715630624,0.004758111511456417,0.05848748929819392,132.33997998952276,-122.91203058562007,5.858130226430323,0.6165019229197939
2.457423586808016,-57.59331280816765,-165.07435448149332,-57.1288206595992,-161.70305652767937,9.277814836388645,3.6518947431651605,0.005308787640291039,0.058963300449339506,76.70563211382937,-89.94919386112618,5.142784511033763,0.6162534529253536
2.4713862208239705,-56.58592471544311,-164.6636540915632,-56.43068895880147,-161.1445511670412,4.296051701209102,3.683971722825396,0.004143668721851983,0.059494179213368525,30.396673295716173,-49.83385108824978,4.098176216976765,0.6157776417742329
2.485348854839925,-56.60869933226296,-164.243470472272,-55.73255725800374,-160.58604580640298,4.1038169330152385,3.7437215388202145,0.002957574734050117,0.05990854608555374,48.32123784073362,-46.49038972080679,4.165948312764302,0.6152467630101794
2.49931148885588,-55.98149567189773,-164.10633504508078,-55.034425557206006,-160.0275404457648,7.616933714417941,3.8156087493596127,0.002376056344220727,0.06020430355895856,60.3439815626224,-41.534076710348735,4.500267092877615,0.6148323961379942
2.5132741228718345,-54.50826707804462,-163.51249285085066,-54.336293856408275,-159.46903508512662,7.176569388676687,3.966412591240047,0.003105453613833412,0.06044190919338055,72.44137334379498,-71.22425870938076,4.920491838452807,0.614536638664589
2.527236756887789,-54.356768246040176,-163.19183803997126,-53.638162155610544,-158.91052972448844,3.613844009361993,4.08322167762896,0.0033045269282243597,0.06075245455476397,57.94497172964246,-71.02732052962949,4.68349732491026,0.614299033030167
2.541199390903744,-54.101919542265705,-163.25317543672142,-52.94003045481281,-158.35202436385026,7.1466668419266215,4.224613262177511,0.0030390495257176086,0.06108290724758625,81.36042199091399,-62.373090223409896,5.042910111102479,0.6139884876688084
2.5551620249196985,-54.8185367962685,-161.7958200067216,-52.24189875401508,-157.79351900321205,8.48532096038528,4.478783414779096,0.004233325008485013,0.06138681220015796,106.869195698593,-97.37904028584848,5.7678007684632,0.6136580349759617
2.569124658935653,-55.17557482222546,-160.9421701071658,-51.54376705321735,-157.23501364257388,14.746654822360469,4.4542648969427505,0.003546750462937753,0.06181014470100665,48.91412405994537,-16.565825078061756,5.61471918810316,0.6133541300233798
2.5830872929516078,-53.52817480636245,-159.2519787969984,-50.845635352419606,-156.6765082819357,18.166484590564803,4.355730714943684,0.003821918046005409,0.06216481974730037,23.493258393411725,-3.304245822255565,6.0781779029087275,0.612930797522576
2.5970499269675624,-52.33514317696553,-159.39790730248123,-50.14750365162189,-156.1180029212975,12.562550543334176,4.052914919739578,0.003239317983422877,0.06254701155190112,-50.400770482375975,29.672926451383145,4.609852735822499,0.6125761224762374
2.611012560983517,-51.22270080405615,-159.22986252870018,-49.449371950824144,-155.5594975606593,11.741433842145192,3.9658807836346233,0.0030472650756060604,0.06287094335024346,12.918161149773212,-12.648951485093523,4.802193760745081,0.6121939306716366
2.6249751949994717,-49.50352815137558,-158.25490606867035,-48.7512402500264,-155.00099220002113,10.061429925608264,3.9855828706027934,0.003403325921206744,0.0631756698578041,37.5649380990283,-41.38522010566672,4.898107953782473,0.6118699988733143
2.6389378290154264,-48.59865468962974,-156.69934152011348,-48.05310854922868,-154.44248683938295,5.543414050684366,3.9230421380288543,0.0028394015410408485,0.06351600244992461,9.986581288211752,-27.03590887839153,4.079002010557522,0.6115652723657337
2.652900463031381,-48.000074669388844,-155.58197927450246,-47.35497684843094,-153.88398147874477,5.403590888276766,3.692974000063846,0.0007547840288358557,0.06379994260402855,-24.05114083584889,26.405613304109576,3.0778217516978654,0.611224939773658
2.6668630970473357,-48.05770277391765,-155.5682750136008,-46.65684514763322,-153.32547611810656,5.730634555141123,3.417914792877685,-0.0007833081293878764,0.06387542100691235,-36.868554513267746,41.238133907690056,2.6260373270272597,0.6109409996195092
2.6808257310632904,-47.43966028449025,-155.10051867369503,-45.958713446835475,-152.76697075746839,9.404165033423062,3.2655441757487993,-0.0009468967757223427,0.06379709019397373,-0.2392401173292556,19.862825868256714,3.500437362763475,0.6108655212166454
2.694788365079245,-47.33658283667284,-155.65061356822437,-45.26058174603776,-152.2084653968302,8.908530490618718,3.1579828584921503,-0.00034796897748659453,0.06370240051640153,0.6043948784781203,0.3584543567137594,3.6210986499913047,0.6109438520295889
2.7087509990951997,-47.748663768294286,-156.33908269643197,-44.56245004524001,-151.649960036192,12.134403759915454,3.2970826995110314,0.0013656455413740467,0.06366760361865298,71.68507419065952,-53.788736484005916,4.86837153757455,0.6110385417071562
2.7227136331111543,-45.09565492767414,-156.49667322792638,-43.864318344442296,-151.09145467555382,16.787164878382292,3.69989405985166,0.0044258651137818895,0.06380416817279055,144.50465754129667,-119.55803386312462,6.528839040542006,0.6110733386048848
2.736676267127109,-43.38391464151086,-156.1773330223484,-43.16618664364455,-150.53294931491564,6.4254706457316715,4.196627163731651,0.007649105166165917,0.06424675468416874,138.56710153467915,-181.58814365158224,6.268081905151863,0.6109367740507472
2.7506389011430636,-42.80318917527243,-157.19121166799746,-42.468054942846805,-149.97444395427746,4.272922349174353,4.648762289201456,0.007837001329681077,0.06501166520078527,149.996630382675,-156.61842061235322,6.270138098832503,0.610494187539409
2.764601535159018,-42.00491572356559,-156.79913375179112,-41.76992324204912,-149.41593859363928,5.459997022594018,5.412902997430615,0.009662008721979623,0.06579536533375352,241.94106356040615,-233.35262404605476,7.843628616246384,0.6097292770227525
2.7785641691749725,-41.6786956279977,-154.77623130172995,-41.07179154125137,-148.8574332330011,4.8501570600582715,6.03803870724437,0.01035945767938218,0.06676156620595153,209.22708124280106,-208.3580746498095,7.996332151040823,0.6089455768898042
2.792526803190927,-40.97367868038359,-153.98249932746103,-40.373659840453655,-148.29892787236292,6.877239072586124,6.12954213389402,0.007592458808509404,0.06779751197388961,83.57542744444044,-70.42254628990467,6.607463819262315,0.6079793760176111
2.806489437206882,-41.38621949059912,-153.37042134070737,-39.67552813965591,-147.74042251172472,6.368905150137907,6.143509341542704,0.006136550666321626,0.06855675785474036,58.4967391858627,-56.63692730217375,6.375634697812003,0.6069434302496481
2.8204520712228365,-40.74127816389723,-151.78607588906056,-38.977396438858165,-147.18191715108654,11.787529289446104,6.1263316638423095,0.0050295513960566356,0.06917041292137238,64.00227316186103,-35.048432846755496,6.640784035003183,0.6061841843688174
2.834414705238791,-39.76909707327079,-150.47149241742636,-38.27926473806045,-146.62341179044836,10.51007323159693,5.876376743374902,0.004319861875378299,0.06967336806097801,-11.157878373837251,10.176165373489809,5.719668758249891,0.6055705293021902
2.848377339254746,-38.0660231600766,-149.21388238692052,-37.5811330372627,-146.06490642981015,9.311805105361014,5.5272266802580114,0.002851485558352661,0.07010535424851572,-38.93958192337984,38.02904082114318,4.919876694503669,0.6050675741625549
2.8623399732707004,-37.39141447992143,-147.576975031749,-36.883001336464986,-145.506401069172,4.597939926994084,5.140570651600012,0.0013309860991139793,0.07039050280435077,-60.04450176479383,42.6995318289506,3.891652394111738,0.6046355879750469
2.876302607286655,-37.59870519649301,-146.29018902553267,-36.18486963566724,-144.9478957085338,5.466142173272318,4.66413591439024,-0.0012495955849002797,0.07052360141426206,-74.35428761697983,81.75377821440281,2.8927164653581294,0.604350439419207
2.8902652413026098,-37.553263605467095,-146.0274407330408,-35.486737934869524,-144.3893903478956,9.259240031920704,4.140001511873822,-0.002981437240592721,0.07039864185577205,-84.44968340325931,105.1549420455306,2.841380179961171,0.6042173408092757
2.9042278753185644,-36.82855251782951,-145.8061657550617,-34.78860623407178,-143.83088498725743,11.541376985790745,3.7254460783540586,-0.002854274372460636,0.07010049813171282,-64.35857984823741,78.43063415679659,3.5310320765385863,0.6043423003677906
2.918190509334519,-35.978390480982284,-146.25463167121097,-34.09047453327403,-143.27237962661923,10.990384314547514,3.4498511121380204,-0.0018332746492502824,0.06981507069446691,-38.6580267168664,39.87719326314753,3.730568749426132,0.6046404440918449
2.9321531433504737,-33.65575001146003,-145.58374182716065,-33.39234283247632,-142.71387426598105,10.731662855663624,3.4264968791021073,1.0021012410644159e-05,0.06963174322954169,24.518392160644623,-22.16378973082079,4.384587260282751,0.6049258715290708
2.9461157773664284,-33.3217710913105,-145.7312247728708,-32.69421113167857,-142.15536890534287,3.0497669148614293,3.4018787539126083,0.0009615027176264528,0.06963274533078279,7.141465583289108,-38.848319174290395,3.56065975745855,0.6051091989940409
2.960078411382383,-32.81100261353746,-145.2941890228176,-31.996079430880854,-141.59686354470466,6.862371799566759,3.525396225897422,0.0013268243178023694,0.06972889560254547,70.95083077291014,-51.07153393814162,4.341704866005538,0.6051081968927301
2.9740410453983377,-31.5607407269561,-145.26419007741072,-31.29794773008311,-141.0383581840665,6.843790945031886,3.648614405657237,0.0021052101068484365,0.06986157803432569,63.51799865777949,-60.60575119883379,4.516794350909701,0.6050120466210371
2.9880036794142923,-30.612243087259287,-143.66448542953984,-30.599816029285392,-140.4798528234283,4.35449465412688,3.871370616796638,0.0031987020808500405,0.07007209904501055,84.6773170559393,-93.03254813401706,4.879883116882774,0.6048793641892121
3.001966313430247,-30.447682719680536,-143.08055871548513,-29.901684328487647,-139.92134746279012,3.5361151800269095,3.8243880850913072,0.00186656968066514,0.07039196925309543,21.015363951575342,-21.959371743027845,3.809983672903373,0.6046688431785472
3.0159289474462017,-29.744316137050756,-143.71609366244888,-29.20355262768993,-139.36284210215194,6.267292571291128,3.7754333709281016,0.0009809990470326926,0.07057862622116184,28.02316953334626,-12.838034145076726,3.9203668837049026,0.6043489729704672
3.0298915814621563,-29.005156337371066,-143.87706058072243,-28.505420926892185,-138.80433674151374,5.878731927679551,3.998425099988811,0.0025583527033172905,0.07067672612586495,90.54693040142601,-89.29826215919704,5.065591514532945,0.6041623160023759
3.043854215478111,-28.86537100488395,-143.43667291188174,-27.80728922609444,-138.24583138087556,5.918713602095849,4.346922466922869,0.004232254794013325,0.07093256139619664,125.9925829234793,-122.73293235287586,5.7572239766649895,0.6040642160976928
3.0578168494940656,-28.044902001038654,-143.020996392671,-27.109157525296723,-137.68732602023738,8.598825540499544,4.640432585440087,0.004974872845796253,0.07135578687559807,121.2133983450137,-105.691996986288,6.01159508502898,0.603808380827366
3.0717794835100203,-27.482964377306807,-142.60233242595015,-26.411025824498978,-137.12882065959917,7.4099754575503285,4.903736158053047,0.00582676182559004,0.07185327416017762,107.49336752916672,-109.19287321884495,6.114514390339151,0.6033851553479348
3.085742117525975,-26.599835588802147,-141.9297199948293,-25.71289412370126,-136.57031529896102,8.412097161944638,5.139692947220776,0.006038329932470013,0.07243595034273653,107.86121281259051,-99.56676566681666,6.286364555368184,0.6028876680633801
3.099704751541929,-25.66507356041575,-141.38132522456598,-25.014762422903544,-136.01180993832284,7.313382839604783,5.295875920536907,0.005991700397559257,0.07303978333598371,84.73914606164334,-85.82359900707465,6.126509314295709,0.6023049918808012
3.113667385557884,-24.808443712481388,-140.51141404129942,-24.3166307221058,-135.45330457768466,6.503900049496576,5.421941163189178,0.00563379689217766,0.07363895337573956,78.98207391033486,-78.82249145893903,6.079451198754756,0.6017011588875989
3.1276300195738385,-24.544754064736814,-139.1120196360076,-23.618499021308082,-134.89479921704645,5.925443856320052,5.44792003913506,0.004711900900179692,0.07420233306495749,54.79393080083535,-53.630465714063924,5.741282997037307,0.6011019888477982
3.141592653589793,-24.30791127363648,-138.02022442253894,-22.920367320510337,-134.33629385640828,7.936408942959183,5.27424919694803,0.002869311340176123,0.07467352315497555,9.428496390059486,3.5316458615766506,5.044421574050715,0.6005386091586002
3.1555552876057478,-23.160020470331343,-137.77179967383992,-22.22223561971262,-133.7777884957701,9.469617467727257,5.019361996008663,0.001709616336125463,0.074960454288993,-14.194276606597342,25.166463792466786,4.727399446430329,0.6000674190685871
3.1695179216217024,-21.879122735878987,-137.51531640107262,-21.524103918914875,-133.2192831351319,7.046354199093392,4.8901896790537425,0.0020184002458051025,0.07513141592260553,6.7877379685047625,-13.846896874910088,4.837523105723478,0.5997804879345647
3.183480555637657,-20.885777097795724,-137.0904312541135,-20.82597221811716,-132.6607777744937,4.9627283119828505,4.861973517078349,0.0022547876299879484,0.0753332559471862,32.24906407507958,-38.148826925154935,4.967461251988656,0.5996095263009322
3.1974431896536117,-20.355229578045392,-137.19540344109964,-20.127840517319413,-132.10227241385553,4.117189822714033,4.873533661621744,0.0022078950146617003,0.07555873471018515,44.94905831742681,-45.479037086770575,5.045413409787926,0.5994076862763515
3.2114058236695664,-19.587370027878627,-137.20493250421455,-19.429708816521668,-131.54376705321735,5.294981870829091,5.033949765465746,0.0029337880367651323,0.07577952421165124,87.94918685853538,-79.3205929413181,5.726917368082645,0.5991822075133726
3.225368457685521,-19.623452066166276,-137.90040028852965,-18.73157711572395,-130.98526169257917,4.8018386743532835,5.297791553365835,0.0042632055781889056,0.07607290301532776,112.3568635531741,-111.14735851056784,6.2782709812179425,0.5989614180119114
3.2393310917014757,-19.641391429898352,-138.03658985059712,-18.033445414926206,-130.42675633194096,8.588732431559908,5.812989148412173,0.006538494710326172,0.07649922357314676,189.364998776483,-168.49235554170895,7.640908004997985,0.59866803920823
3.2532937257174304,-17.750611015563585,-137.49390669820912,-17.33531371412849,-129.86825097130279,11.113190822778854,6.379328421114634,0.0091887689920731,0.07715307304417918,204.79962113985727,-188.94992764551884,8.487623606060877,0.598241718650391
3.267256359733385,-17.188874024773074,-135.88193891449626,-16.637182013330744,-129.3097456106646,4.934603829451404,6.827567027309895,0.010877147047804604,0.07807194994338662,160.02841764652786,-183.44823148438647,8.259553065989161,0.5975878691794034
3.2812189937493397,-16.483565337679902,-134.60721707624492,-15.939050312533027,-128.7512402500264,7.166049070981899,6.891607175369495,0.008050481698598537,0.07915966464816693,84.185350852334,-69.72304510071623,7.239400717956546,0.5966689922801511
3.2951816277652943,-16.221512576444436,-133.2337392279427,-15.240918611735282,-128.19273488938822,6.497595852798008,6.767433533546655,0.005991240673292691,0.07996471281802675,29.53663739080111,-28.021690976335897,6.533739557940982,0.5955812775753708
3.309144261781249,-16.136610469305445,-131.40892211520733,-14.542786910937537,-127.63422952875004,8.524639584754155,6.478227323726619,0.0036085377812894066,0.08056383688535584,-8.154498628542585,21.87149460983614,5.845735944377248,0.594776229405531
3.3231068957972036,-15.922419955149063,-130.25352325263228,-13.84465521013982,-127.07572416811186,10.498951877726967,5.978425756573562,0.0014030390519199974,0.08092469066348462,-65.21263664053323,78.83870241144672,4.90200605453822,0.5941771053381819
3.3370695298131583,-14.556064994082039,-129.37963226716056,-13.146523509342074,-126.51721880747368,12.064299371754732,5.457424250351595,0.00026209717024893017,0.08106499456867677,-76.2203734532294,88.01994251918643,4.65462909207122,0.593816251560098
3.351032163829113,-13.414049931526554,-128.3135816159631,-12.448391808544358,-125.95871344683547,8.37337630769763,5.008332258836839,9.126634359334977e-05,0.08109120428570149,-74.47573859635237,62.17115687764076,4.018080615454216,0.593675947654861
3.3649947978450676,-11.834710128558235,-127.79731816104562,-11.750260107746612,-125.4002080861973,6.955323015421801,4.577968256716933,-0.0009405126542316013,0.08110033092006086,-68.79080689214538,66.18065224375086,3.35498761572286,0.5936497379378562
3.3789574318610223,-10.635105931229466,-127.62248744689417,-11.052128406948896,-124.84170272555912,3.134613875133341,4.257262762959915,-0.0013292195074669723,0.08100627965463758,-50.16563608420106,36.152090812051036,3.05746574036131,0.5936406113035018
3.392920065876977,-10.659723958462155,-128.2037358938888,-10.35399670615115,-124.28319736492091,1.8446938427757869,4.066721558654701,-0.0015537547290798766,0.08087335770389092,-14.067896655365018,10.97097219907643,3.351101408192404,0.5937346625689202
3.4068826998929316,-9.871474317681601,-128.1260305661645,-9.655865005353434,-123.72469200428273,6.00270882271216,4.1297236427606725,-0.00039758390022187964,0.08071798223098314,61.84989591436139,-40.25117817835071,4.59015979708266,0.593867584519642
3.420845333908886,-9.073379210622097,-128.22689957831042,-8.957733304555717,-123.16618664364458,4.686423495832329,4.2890015328010165,0.0015323032638563175,0.08067822384096113,75.07167498911858,-77.94806348058248,5.043309863058796,0.5940229599925795
3.4348079679248404,-8.434393367610452,-127.84063060429455,-8.259601603757972,-122.60768128300637,4.703507891738868,4.571793245149535,0.0031919785267472264,0.08083145416734672,111.47095378467029,-108.34892840684961,5.67783834251322,0.5940627183825966
3.448770601940795,-7.209962980804958,-126.7006879031058,-7.561469902960255,-122.04917592236819,5.0325195627613875,4.832379787838626,0.004081010295502445,0.08115065202002159,109.19927936359045,-104.51661593108287,5.856871409544825,0.593909488056191
3.4627332359567498,-7.5369574123670775,-125.96246697926354,-6.86333820216251,-121.49067056173001,2.339397007472632,4.905268915957255,0.0035857175320566283,0.08155875304957183,56.425701902418616,-65.4258192696411,5.221535160717139,0.5935902902035362
3.4766958699727044,-7.0392772528173495,-124.96021183636891,-6.165206501364793,-120.93216520109183,7.832119204675269,4.905471336086288,0.0023692486773515846,0.08191732480277736,56.889600276386055,-28.72299451782155,5.213984708580666,0.5931821891739908
3.490658503988659,-6.615628085220069,-124.9333050716217,-5.4670748005670475,-120.37365984045363,7.299243583937715,4.805572617805915,0.002169895186376835,0.08215424967051232,17.575390677908803,-16.253243709827764,4.848533774461756,0.5928236174207604
3.5046211380046137,-5.223418215340838,-124.09077829700011,-4.768943099769302,-119.81515447981545,8.89383697407502,4.840553841139598,0.00273206490965431,0.08237123918915001,56.21241319629919,-45.261925595866224,5.441113021790305,0.5925866925530454
3.5185837720205684,-3.6164955297746872,-123.37309134140035,-4.0708113989715855,-119.25664911917727,5.130956367931638,4.814481711245005,0.002993104033651515,0.08264444568011564,28.704328255464187,-42.06432588616874,4.969638556376011,0.5923697030343877
3.532546406036523,-2.8628573745965196,-122.59028905312664,-3.3726796981738403,-118.69814375853909,1.7058897104381114,4.773899199193179,0.002305977961923608,0.08294375608348092,25.27051919128541,-37.618604042723526,4.681301214645304,0.592096496543467
3.5465090400524777,-3.1061832051483598,-122.78356491075724,-2.6745479973761235,-118.13963839790088,2.217734902204456,4.695284992717044,0.0010239004028364442,0.0831743538796732,23.823449493948274,-18.627723891740175,4.454632608466224,0.5917971861400568
3.5604716740684323,-2.4839352264543466,-122.38795161854647,-1.9764162965783783,-117.5811330372627,6.80475811068137,4.784188556134678,0.001422338799233985,0.08327674391995687,75.48216657882634,-51.578250262404374,5.323689572660262,0.5915665883438845
3.574434308084387,-2.7686011696140937,-121.75171770091852,-1.2782845957806614,-117.02262767662452,6.078738755421833,4.890186961615192,0.00265199479977001,0.08341897779988017,68.87614969668202,-68.63720491824851,5.4991176060350515,0.5914641983035809
3.5883969421003417,-1.9154593266689788,-121.33384172264503,-0.5801528949829162,-116.46412231598634,10.898754268326876,4.939770104904789,0.0028889054222010387,0.08368417727985733,68.09143268716565,-42.49328774642666,5.72258427683614,0.5913219644236825
3.6023595761162963,-1.2496958089308032,-120.09675288865479,0.117978805814829,-115.90561695534814,9.015741771548928,5.013216120228739,0.004142211576753749,0.08397306782207759,59.68680609780897,-64.10864137982625,5.796593375676327,0.5910567649437004
3.616322210132251,-1.3328034468269565,-118.59854151133793,0.8161105066125458,-115.34711159470996,9.450091275471294,4.915670967135053,0.0034501893745958415,0.084387288979753,21.633929363127795,-15.666711302229889,5.179444772799951,0.5907678744014602
3.6302848441482056,-0.3677066728009928,-118.06115535134607,1.514242207410291,-114.78860623407178,12.732165175042658,4.626959195189681,0.001929512104145512,0.08473230791721242,-21.981437579245316,41.013294440388364,4.756182899581163,0.5903536532438047
3.6442474781641603,0.35479978771676746,-117.37103148591115,2.212373908208008,-114.2301008734336,10.658899063694918,4.409496807649119,0.001971736834723726,0.08492525912762705,-18.447471828464334,13.26669357570576,4.618852045393202,0.5900086343063502
3.658210112180115,0.9782919138034446,-117.62317519193229,2.910505609005753,-113.67159551279539,10.998128933893343,4.21119362063468,0.0015889299177155691,0.08512243281109955,-10.098477151147218,15.583533766593062,4.496382853378181,0.5898156830959307
3.6721727461960696,2.5605941392831726,-117.68195662675659,3.60863730980347,-113.11309015215721,11.53867836541127,4.2255306117787095,0.0026129510218170816,0.08528132580287107,43.2959614420252,-36.93172263860841,5.221071151426831,0.5896185094124382
3.6861353802120242,3.9420357978606955,-117.28549645393453,4.306769010601215,-112.55458479151903,7.391226620469074,4.389501350745545,0.004191825432015769,0.08554262090505294,71.34954506957564,-86.38487876603828,5.416555050768884,0.5894596164206867
3.700098014227979,5.061302049590625,-117.28956453763514,5.004900711398932,-111.99607943088085,5.236417630390026,4.564797067111064,0.004506622106660079,0.08596180344825433,80.18598017122608,-86.59407896010985,5.395147288832866,0.5891983213185097
3.7140606482439336,5.066714259002792,-117.56097082556188,5.703032412196677,-111.43757407024265,3.9421704501391455,4.843718266400123,0.0050084302684952385,0.08641246565892047,110.30642747420367,-112.99107468493106,5.8870714526615995,0.5887791387752834
3.728023282259888,5.082875735877759,-117.33699693398886,6.401164112994422,-110.87906870960447,7.755436120066385,5.257030577712788,0.005972663415341128,0.08691330868576985,159.09518902448113,-138.42939090261916,6.813851502641839,0.5883284765646568
3.7419859162758424,5.147128613301089,-117.66158250751654,7.099295813792111,-110.32056334896629,10.143965432229074,5.64877811802918,0.007324934545339702,0.08751057502730397,154.38641922569553,-139.52965386116364,7.300430821783655,0.5878276335377679
3.755948550291797,6.367656210436033,-116.65120694106994,7.797427514589856,-109.76205798832811,12.700058162009649,6.169183684433366,0.009599430387787877,0.08824306848183783,191.74528897578062,-175.6101198780849,8.332260911387237,0.5872303671962538
3.7699111843077517,7.251193480793266,-115.66556785804916,8.495559215387573,-109.20355262768993,9.64929368303353,6.451027959634652,0.010337334990960493,0.08920301152061683,122.60268046132958,-131.5668090330664,7.7456778896420495,0.5864978737416999
3.7838738183237064,8.162105273883258,-114.37304833625214,9.193690916185318,-108.64504726705175,9.560032213043026,6.558959914357346,0.009089612104055398,0.09023674501971302,87.02950503467382,-82.71875677874289,7.284298569877767,0.5855379307029209
3.797836452339661,8.317822640852963,-113.3373614820695,9.891822616983063,-108.08654190641357,8.470838161258936,6.466708995369507,0.0072203376279239475,0.09114570623011842,34.047548711246115,-34.28079828096317,6.520129230270049,0.5845041972038696
3.8117990863556157,10.286977368913957,-112.47238039626943,10.58995431778078,-107.52803654577536,11.19384967946813,6.273703521319622,0.005241561863680022,0.09186773999291065,15.742682464663305,1.2993334355443054,6.237855286294131,0.5835952359934193
3.8257617203715704,11.073667884648902,-112.04159218742197,11.288086018578525,-106.96953118513719,4.393308805470182,6.082152236360838,0.004745172771902991,0.09239189617927845,-7.459844730568928,-18.84425025097864,5.593171548316033,0.5828732022306471
3.839724354387525,11.752856960537418,-112.7071272705383,11.986217719376242,-106.411025824499,5.690900255137983,5.96309921451364,0.003132553811472835,0.09286641345646895,27.49957292301378,-17.73095529866083,5.704035831596819,0.5823490460442842
3.8536869884034797,11.752132648465274,-111.6000058198559,12.684349420173987,-105.8525204638608,5.838162534428771,6.163834719164191,0.004472716954362179,0.09317966883761608,106.04420641753079,-101.41989122575222,6.917608884326233,0.5818745287670888
3.8676496224194343,12.278270866799863,-110.40391194275303,13.382481120971704,-105.29401510322262,8.982946667351097,6.1690343106148235,0.004133299369437843,0.09362694053305232,64.53409994847013,-46.06302884258681,6.513336707100984,0.5815612733859217
3.881612256435389,13.875279099216117,-108.7735975882301,14.08061282176945,-104.73550974258444,8.829660020814327,6.0207283511019325,0.003786999509575003,0.0940402704699963,17.68944296046171,-13.890220263860442,5.948043377911736,0.5811140016904854
3.8955748904513436,15.342007652160804,-108.1714171474548,14.778744522567195,-104.17700438194626,4.199961287154715,5.696415779476212,0.002397187544854514,0.09441897042095393,-39.26893718880921,22.4679170603335,4.684540412382597,0.5807006717535614
3.9095375244672983,16.55768904197898,-107.77145946130457,15.476876223364911,-103.61849902130808,1.6613484971925345,5.447210166571113,0.0008553423245573424,0.09465868917543929,-18.542281377471284,10.530279554067935,4.554915256609503,0.5803219718026087
3.923500158483253,17.401080874680098,-106.44464881117369,16.175007924162657,-103.05999366066987,-0.1023770717556971,5.292745517299871,-5.7824876318854335e-05,0.09474422340789523,5.034357192861103,-9.963245065541525,4.72698157691391,0.5800822530481184
3.9374627924992076,17.262934637884467,-105.37674606421396,16.873139624960373,-102.5014883000317,-0.7040965225509344,5.0219649922483445,-0.0016879722815415408,0.0947384409202634,-23.863825166452116,23.94281210241281,3.9783459854297787,0.5799967188156425
3.9514254265151623,16.442388820245718,-104.27797268977088,17.57127132575812,-101.94298293939352,3.156004607709984,4.701253888835995,-0.0030640911609595613,0.0945696436921093,-29.15614511813626,49.47155039023818,3.4475789636302103,0.5800025013033192
3.965388060531117,16.683164847416133,-103.8868052057547,18.269403026555835,-101.38447757875531,9.137967449085902,4.316202501419619,-0.003542987565219024,0.09426323457601349,-43.634718361527355,74.0646050327591,3.422030810429676,0.5801712985314285
3.9793506945470716,17.421710235407147,-103.06940553975059,18.96753472735358,-100.82597221811713,9.929171038998293,4.0193306500551556,-0.002359392320103805,0.09390893581949156,-35.94448669307709,43.24904310875687,3.819298931292986,0.5804777076475243
3.9933133285630262,17.862555455439804,-103.97625804947715,19.665666428151326,-100.26746685747895,9.429160424304879,3.7357344806809594,-0.0016732012249277453,0.09367299658748118,-38.000982805904066,39.362955576836335,3.589735334835297,0.5808320064040662
4.007275962578981,18.865491663656865,-103.10206089820139,20.363798128949043,-99.70896149684077,11.389248997017635,3.7956511547218845,0.0005601760314750195,0.09350567646498842,53.53782097547056,-41.103528013855176,4.946315273001306,0.5810679456360566
4.0212385965949355,20.931878421391254,-102.1174604071841,21.061929829746788,-99.15045613620259,9.334111964647239,3.7784878622723066,0.0016451744689972903,0.09356169406813608,25.397935511863032,-31.06233084477586,4.521008826855795,0.5812352657585942
4.03520123061089,21.971803938318526,-100.58820005235553,21.760061530544505,-98.59195077556438,3.1900428429942975,3.7010993372935235,0.0015478069748390468,0.0937262115150359,0.33499873645985145,-25.0300538960795,3.6214783479858204,0.5811792481554017
4.049163864626845,23.08180208931978,-100.18397933191562,22.45819323134225,-98.0334454149262,2.6590284080419693,3.4797719973467847,-0.0003446126408261042,0.09388099221251966,-25.00184645702375,25.134825536419132,2.6006433438352836,0.5810147307085218
4.0631264986427995,23.59352735918438,-99.9400194093514,23.156324932139967,-97.47494005428803,0.9062190325005322,3.327434485321041,-0.0011077145278400096,0.09384653094843687,-12.27218416839177,6.631824970981379,2.7100641065906634,0.580859950011043
4.077089132658754,23.51248621388221,-98.98037350426793,23.854456632937712,-96.91643469364982,2.3602701267329906,3.252050113143317,-0.0013364557870077386,0.09373575949565272,13.307295007311218,-4.567713338706003,3.034822666800419,0.5808944112751209
4.091051766674709,23.61739252787714,-97.94383763484949,24.55258833373543,-96.35792933301164,5.508731242692406,3.109089623282266,-0.00170482036259212,0.09360211391695206,-0.8131464647871098,17.484951202363927,2.8211745516857434,0.581005182727885
4.1050144006906635,23.488253715615002,-97.12892744609407,25.250720034533174,-95.79942397237346,7.323714688880575,2.90327953783746,-0.0019428089449433138,0.09343163188069292,-21.161875668085486,32.09746208074701,2.6956017324176544,0.5811388283065857
4.118977034706618,24.123498460612232,-97.22909250066287,25.94885173533092,-95.24091861173528,10.674549536694418,2.6683549666349107,-0.0021290283818203165,0.09323735098619856,-26.901056982835094,45.03311249638047,3.1014706146031292,0.5813093103428648
4.132939668722573,25.297759550357846,-96.77604296072046,26.646983436128636,-94.6824132510971,10.453378190374202,2.5916650707552016,-0.001021331616312051,0.09302444814801669,3.7397084416761714,-1.614701190509378,3.5851850191902086,0.5815035912373641
4.1469023027385274,24.872962218023527,-96.28955581222189,27.34511513692638,-94.1239078904589,8.296371199755377,2.5566791109526057,-0.0002308011212339068,0.09292231498638559,9.442204061723405,-16.253999748993838,3.3504455418294308,0.581716494075541
4.160864936754482,25.24744572685469,-96.27276262454626,28.043246837724098,-93.56540252982072,14.171878483333792,2.5251345518429047,-1.973004881569647e-05,0.09289923487426233,28.342841496445388,1.3335876522848527,4.179918142251962,0.5818186272371522
4.174827570770437,26.210654573631704,-96.55881303223204,28.741378538521843,-93.00689716918254,14.473365129602946,2.609259089455908,0.0013824851704403306,0.09289726186938063,45.49686957304946,-40.556391147017635,4.782618912790611,0.5818417073493203
4.188790204786391,27.817985761768874,-95.50484124060526,29.43951023931956,-92.44839180854433,13.430228954146967,2.867343447368829,0.003313741772416957,0.09303551038642466,88.12660681627506,-89.26797491266845,5.22695624106295,0.5818436803541571
4.202752838802346,29.6492397600927,-93.34572777240857,30.137641940117305,-91.88988644790615,9.22560019434382,2.9671432038543246,0.003486144144817035,0.09336688456366637,42.59214902419931,-58.24844637345175,4.295195331880532,0.5817054318371331
4.216715472818301,30.21368136945079,-93.45186125569022,30.835773640915022,-91.33138108726797,4.258095367579825,2.776987802270302,0.0013783889929428837,0.09371549897814813,-33.176545157061526,13.48497958148729,2.337831306633603,0.5813740576598665
4.2306781068342545,30.70699346031767,-92.32156293354957,31.53390534171274,-90.77287572662982,6.395915586903138,2.7226043835151765,0.00039194835786333405,0.09385333787744221,15.776275765258793,-3.688758332638845,2.986629337874076,0.5810254432454096
4.244640740850209,31.20412338940332,-91.00173514453371,32.232037042510456,-90.21437036599164,6.5893515037218515,2.5797081692870107,-0.0004782123053882516,0.0938925327132285,-11.90921439405557,15.360782703742972,2.6011571356530525,0.5808876043460955
4.258603374866164,31.869368331880533,-90.40109369523297,32.9301687433082,-89.65586500535346,7.14004089695255,2.3469601655062107,-0.0015522252837353858,0.09384471148268947,-35.59213525937611,40.642555441000766,2.1887437025092007,0.5808484095103541
4.2725660088821185,32.27628220967885,-90.5539182519853,33.62830044410592,-89.09735964471525,7.139477306047171,2.145021638750402,-0.002010516229179102,0.09368948895431606,-31.101572557800548,33.59681940609557,2.189421076425681,0.5808962307408483
4.286528642898073,33.65328435925742,-90.79511361101147,34.32643214490366,-88.53885428407708,8.849069355879662,2.0781169183890182,-0.0015345357082232095,0.093488437331398,5.705412014991689,4.533547676726604,2.874647378664787,0.5810514532692417
4.300491276914028,34.8023937114466,-91.21363323094702,35.02456384570138,-87.9803489234389,5.56088329996845,2.1763655623824776,-0.00015253244605891087,0.0933349837605757,36.335394593923816,-48.78891261246543,3.131023423155368,0.5812525048921646
4.314453910929982,36.03917618873941,-90.3430665820053,35.722695546499125,-87.42184356280069,4.602999285433002,2.466990832244472,0.0015520092905838305,0.09331973051596965,92.00193344452441,-94.19206771433575,3.9018744668508174,0.581405958462982
4.328416544945937,37.37046818888683,-90.4415695668818,36.42082724729684,-86.86333820216251,2.17541134704865,2.638375974433731,0.001786471312377501,0.09347493144502783,60.67405185996167,-69.59943873784415,3.500595253379257,0.5814212117075681
4.342379178961892,37.23736231705915,-89.6582351687027,37.11895894809459,-86.30483284152433,0.019660592778692365,2.933663849600005,0.002484963999750343,0.09365357857626577,94.6034970178743,-102.54307712856188,4.144375421354236,0.5812660107785099
4.356341812977846,37.49949739107383,-88.61760080183677,37.81709064889233,-85.74632748088615,4.425745726621152,3.1045889427863163,0.0019398939230353268,0.0939020749762407,80.21516841448766,-58.25311372677527,3.9546310443236448,0.581087363647292
4.370304446993801,38.22757523675067,-87.87205541935211,38.51522234969005,-85.18782212024797,5.232642757830687,3.1349543544040435,0.0013645732683758758,0.09409606436854423,37.58263263231724,-31.42030333118402,3.5770209667035675,0.5808388672473219
4.384267081009756,38.55723008346666,-87.5718208330741,39.213354050487794,-84.62931675960976,4.821553697313698,3.1234318385234405,0.0009058891934427247,0.09423252169538188,24.281561809295358,-23.573641752719944,3.3892645050217824,0.5806448778550135
4.39822971502571,39.129027909772105,-87.6495645486172,39.91148575128551,-84.07081139897159,6.775548543425677,3.1600902601740724,0.0008934619465498076,0.09432311061472598,41.92524839875743,-30.44277977132212,3.753808129286082,0.5805084205281559
4.412192349041665,40.30150036837911,-87.09115664351401,40.609617452083256,-83.5123060383334,7.13651040606466,3.323520167829803,0.0019258342972933253,0.09441245680938115,71.38037728645077,-66.90820020147562,4.394206796876642,0.5804178316088566
4.42615498305762,40.316063412466995,-86.63306201820244,41.30774915288097,-82.9538006776952,4.805488306902276,3.4594702027644124,0.0024499772016577516,0.09460504023911032,59.747907844729,-67.48590039071756,4.25796324599074,0.5803284854141566
4.440117617073574,41.237056168919636,-85.6707564646003,42.00588085367872,-82.39529531705702,8.662410221773168,3.580141000744504,0.0023876572821708696,0.09485003795927627,71.11322922328661,-50.760279227440314,4.56225268896411,0.5801359019844474
4.454080251089529,42.093841902748984,-85.13062480570704,42.704012554476435,-81.83678995641884,6.516059712198642,3.5924328861412937,0.002291765520859539,0.0950888036874935,30.812806176665003,-37.374836645863084,4.105028650689666,0.5798909042642615
4.468042885105484,42.65660487382553,-84.64033730521102,43.40214425527418,-81.27828459578066,6.306193400308773,3.6084289662640843,0.001959579462558989,0.09531798023957938,36.15530924905856,-34.137490179939256,4.068437063374412,0.5796521385360442
4.482005519121438,44.4468188498644,-84.87810796726933,44.100275956071926,-80.71977923514248,7.031314578931146,3.633392589525442,0.0018096910589336678,0.0955139381858352,40.70309315833737,-34.42287877225893,4.177913567140184,0.5794229619840032
4.495968153137393,44.51986428297219,-84.72627337024173,44.79840765686964,-80.16127387450427,1.9773120643254112,3.8466465941872463,0.0029985025326250423,0.09569490729172836,76.20057400665966,-96.28817384694469,4.729919507547893,0.5792270040377026
4.509930787153348,43.51792425033132,-83.43126330345422,45.49653935766739,-79.6027685138661,6.335158364645889,4.0990977749017095,0.003215426731421456,0.09599475754499087,109.55481055760079,-87.12325714202971,5.215764202380659,0.5790460349318294
4.523893421169302,42.97396755533513,-82.8731539350552,46.194671058465104,-79.04426315322792,13.074836172761888,4.101856164161962,0.0025937214119561266,0.09631630021813287,53.340186293240706,-19.272711853907353,5.139138429050144,0.5787461846785718
4.537856055185257,44.64569126353226,-83.05499186262037,46.89280275926285,-78.48575779258971,17.304230274751472,4.0824363839913955,0.0032270355737563402,0.09657567235932829,42.31101826256043,-18.80580971817153,5.882730171141992,0.5784246420054249
4.551818689201212,46.97964532347501,-82.45032870578147,47.590934460060566,-77.92725243195153,11.884898934813116,4.254912587901595,0.0054279734159556605,0.09689837591670392,69.79162219707963,-89.91809696696086,5.913388973806161,0.5781652698642095
4.565781323217166,48.963956150481124,-81.20639680296566,48.28906616085831,-77.36874707131335,5.480239369920199,4.402434734738548,0.005712287808792042,0.0974411732582996,62.516044498399715,-87.83443481937583,5.247576091600511,0.5778425663068338
4.579743957233121,49.52196419562135,-80.73281674283984,48.98719786165606,-76.81024171067517,0.7631466836166414,4.389470557173048,0.0038553621739731746,0.0980124020391786,25.98455349613538,-44.39370772791203,4.396216529313576,0.5772997689652581
4.5937065912490755,49.563724225297186,-80.53514493573479,49.685329562453774,-76.25173635003699,2.6416116528137215,4.394948036529602,0.002115049780427415,0.09839793825657583,45.210791379094054,-34.06049154162604,4.484057284406886,0.576728540184384
4.60766922526503,49.44755772414024,-79.83756903035928,50.38346126325152,-75.69323098939878,5.44058258547337,4.466539726700576,0.0018989815455802868,0.09860944323461851,64.34639935958563,-48.714060361045746,4.910814542936565,0.5763430039669819
4.621631859280985,50.24443372434268,-79.31119564193332,51.081592964049236,-75.1347256287606,8.55869733214099,4.477208748768424,0.0019312489768209848,0.09879934138917656,50.214776317341446,-32.6974102839442,4.97863507652696,0.5761314989889192
4.6355944932969395,51.923167162918524,-78.44448337618988,51.77972466484698,-74.57622026812243,7.337365891661653,4.494398930272004,0.0025532711089855534,0.09899246628685887,42.26894527798397,-44.195994155328236,4.97766110362992,0.575941600834406
4.649557127312894,52.29618642347982,-77.52324235614206,52.4778563656447,-74.01771490748422,2.878945543919248,4.45928566565641,0.00236300392853333,0.09924779339775736,21.520136897128047,-38.44226287138157,4.461385343942804,0.5757484759366789
4.663519761328849,53.040142512230865,-76.89648322281806,53.17598806644244,-73.45920954684604,5.36813869972292,4.350398112868623,0.0009917535456354378,0.09948409379061074,17.79617199891378,-3.5207874478803163,4.158174311641379,0.5754931488257804
4.6774823953448035,53.95305759458538,-76.90408589805864,53.87411976724019,-72.90070418620786,4.5107145846574115,4.2510452405668815,0.0006976233505424859,0.09958326914517412,11.632587530295314,-12.394355310821272,4.081882919840602,0.575256848432947
4.691445029360758,54.21310382242343,-76.17931770755906,54.572251468037905,-72.34219882556968,3.9441345616086334,4.294655873610663,0.0012240215648023373,0.0996530314802282,48.115754734000085,-47.70974183981936,4.603717488624059,0.5751576730783636
4.705407663376713,54.906776428817984,-75.89075616956491,55.27038316883565,-71.7836934649315,6.090567748813373,4.284968177253204,0.0011053477124611643,0.09977543363670849,41.01812657090733,-28.240040338020606,4.520990167952701,0.5750879107433544
4.7193702973926674,55.585212514582814,-74.42880491506679,55.96851486963337,-71.2251881042933,5.693001806153399,4.335969826439658,0.0017774381239268758,0.09988596840795472,50.86424704369836,-49.44824270368146,4.784852546148877,0.5749655085868293
4.733332931408622,56.014509470251674,-73.7919316826335,56.66664657043111,-70.66668274365512,5.506085886069553,4.188630064907273,0.0008844265030911915,0.1000637122203476,0.7851726418994158,1.5637603343685054,3.914468399383983,0.574854973815603
4.747295565424577,56.0219097894287,-72.44322909902392,57.36477827122883,-70.10817738301694,6.788096375375913,4.050177827301384,0.0003535810004706339,0.10015215487065676,5.000799162508784,3.9856569738216576,3.923425999663537,0.574677230003215
4.761258199440531,56.443104693449854,-72.05585782560996,58.062909972026574,-69.54967202237873,9.371337115925353,3.778753277533519,-0.0006035127828913201,0.10018751297070372,-27.470767623454297,42.53503430366102,3.54095386882801,0.574588787352901
4.775220833456486,57.67434390949113,-71.37213070623882,58.76104167282429,-68.99116666174055,10.127908156310244,3.5833292305226805,-0.0004017455417099356,0.10012716169241465,-14.464669839591831,21.395382570657162,3.8425465215467125,0.574553429252834
4.789183467472441,58.83117593646725,-70.2262434473184,59.459173373622036,-68.43266130110237,7.358691748547056,3.415683943602582,-0.00012678935165773574,0.10008698713824371,-17.08848440339293,7.879725060474843,3.438909216563162,0.5746137805311231
4.803146101488395,59.24095658449709,-69.72214081073315,60.15730507441978,-67.87415594046419,5.584548376232753,3.193827261851086,-0.0007909339766878545,0.10007430820307794,-30.45022803100594,25.337956698476553,2.7001729815747653,0.574653955085314
4.81710873550435,60.214869098774486,-69.02096849896006,60.8554367752175,-67.31565057982601,7.408141128966985,3.0119934342018353,-0.0012489192801730619,0.0999952148054093,-14.104441386736669,25.128535029335197,2.8978856978286935,0.5746666340204847
4.831071369520305,61.00958688232598,-68.75212714120478,61.55356847601524,-66.7571452191878,5.586587187803733,2.846657925896046,-0.0012574559066155652,0.09987032287739206,-19.774560909637298,14.267639972572617,2.6300212669603256,0.5747457274181484
4.845034003536259,61.8753690618137,-68.13971674829128,62.25170017681296,-66.19863985854963,5.715610951349634,2.758652984221475,-0.001080103085309842,0.0997445772867307,2.9771848216220405,0.12379192006311983,2.839567350675609,0.5748706193461457
4.858996637552214,62.76770523759229,-67.36870706249324,62.949831877610706,-65.64013449791145,4.864024468417079,2.6799630560180567,-0.0009497937150902964,0.09963656697819978,2.3581071951981687,-3.7727033457397017,2.7207318443654693,0.5749963649368519
4.872959271568169,62.165877399228584,-67.3755117864517,63.64796357840842,-65.08162913727324,4.051993957526553,2.583879102253503,-0.0011110690803103674,0.09954158760669074,-2.788766950792841,1.4005783859198047,2.4506285280729534,0.5751043752453526
4.886921905584122,61.66902738770263,-68.0038021023992,64.34609527920611,-64.52312377663509,10.666267987384003,2.583731019050131,-0.0007346754448450216,0.0994304806986599,37.98063032333714,-5.49822362006616,3.5901904354392187,0.575199354616847
4.900884539600077,62.527195986101596,-67.26658958246134,65.04422698000386,-63.96461841599691,15.177448927202224,2.8251767688358322,0.0016371309310304625,0.09935701315417544,95.85918256355188,-72.09104745900335,5.2637417433199385,0.5753104615248779
4.914847173616032,64.3266669249511,-67.05604417319809,65.7423586808016,-63.40611305535873,13.234044827265837,2.9745428645458767,0.003037577802626321,0.09952072624727837,60.105296402513375,-65.17503900669603,5.023997429308737,0.5753839290693823
4.928809807631986,65.51915564704453,-66.97373710474673,66.44049038159932,-62.84760769472055,8.630087374497574,3.1822658388477567,0.0040529829862774105,0.09982448402754107,70.39252310212328,-87.85657860244906,4.7094784423815605,0.5752202159762594
4.942772441647941,67.04801176866836,-65.5503821747295,67.13862208239706,-62.28910233408237,7.60469554156599,3.4619335156081874,0.004616572749242468,0.10022978232616886,98.77723560028639,-100.3904975672819,4.956659608017376,0.5749164581960415
4.956735075663896,67.43096883457791,-64.14056152712662,67.83675378319478,-61.730596973444165,3.6418093177510573,3.5033376872393656,0.003478667530803976,0.10069143960109317,33.22508022085053,-48.31304934438101,3.9003683094597226,0.5745111598973689
4.97069770967985,67.64103050172375,-62.824206439359976,68.53488548399253,-61.172091612805986,5.753552667406687,3.3687857629332614,0.0012416447048965492,0.10103930635417369,1.8269191621797387,10.387311996860696,3.167087873912177,0.5740495026224646
4.984660343695805,69.34877234773472,-62.35757448749638,69.23301718479024,-60.613586252167806,7.181682876482288,3.125715681790343,-0.00041165864241163915,0.10116347082466337,-28.974588522705137,38.28959855162967,2.7241995541961685,0.5737016358693889
4.99862297771176,70.5530402820977,-62.61568963643166,69.93114888558799,-60.0550808915296,2.096712418050342,2.9629862727876857,-0.0007534312719846741,0.1011223049604224,-25.481433292910637,5.041438934295351,2.3750029876423286,0.5735774713988944
5.012585611727714,71.13604417185665,-62.71858401883534,70.6292805863857,-59.49657553089142,1.3408301403823146,2.9738426854314968,-0.0005623141966705888,0.10104696183322392,27.263419470066744,-28.650739219189987,3.120045734821531,0.5736186372631153
5.026548245743669,71.74811805002172,-62.942237387480716,71.32741228718345,-58.93807017025324,2.3652717705442523,3.11451088556054,0.0002508648934148142,0.10099073041355666,64.82755954037995,-58.1577808091326,3.7853542390223853,0.5736939803903138
5.040510879759624,72.29801050199276,-63.0910926863063,72.0255439879812,-58.37956480961506,2.8296376250924813,3.4012504312079734,0.001756535778438613,0.10101581690289807,102.57881829217722,-98.26820729126818,4.571099014882517,0.5737502118100011
5.054473513775578,72.78777297136007,-62.51521313070269,72.72367568877891,-57.82105944897688,3.6631460253842936,3.794659662137578,0.0033859372847888786,0.10119147048074195,133.66904010796807,-127.47125231707777,5.287195965140543,0.5737251253206646
5.068436147791533,72.5812727203191,-61.49759932662751,73.42180738957666,-57.262554088338675,4.459103923443941,4.093774029990394,0.003955108871178629,0.10153006420922095,113.09321610370185,-106.77163497603156,5.290786960255695,0.5735494717428158
5.082398781807488,73.47272176521233,-60.79656075983158,74.11993909037437,-56.704048727700496,8.412912991339958,4.204305516620218,0.003348929697716516,0.10192557509633904,74.59970906742006,-53.56107193218597,5.034443518683329,0.5732108780143168
5.096361415823442,73.65127641042005,-60.64937158576326,74.81807079117212,-56.14554336706232,6.485707964058552,4.262619523225653,0.003406418661225109,0.10226046806611055,48.898430187517405,-54.2058128017794,4.841686358025801,0.5728153671272436
5.110324049839397,75.13103301017387,-60.59340772374673,75.51620249196984,-55.58703800642411,9.585841727262848,4.392751645496755,0.0035804875460907597,0.10260110993223304,79.30608192678275,-61.81948308638797,5.394920811110149,0.5724804741574272
5.124286683855352,75.3796545750331,-59.959773490625764,76.21433419276758,-55.02853264578593,5.304781028007807,4.627118126542656,0.004921834460819108,0.10295915868684213,90.64344478972254,-106.48692810877915,5.669336476653873,0.5721398322913247
5.138249317871306,76.51225974745041,-59.01843873560482,76.9124658935653,-54.47002728514775,8.496365821254507,4.782495246840342,0.004517802399554736,0.10345134213292395,89.38797638701105,-71.48035012479441,5.699721391329637,0.5717817835366756
5.152211951887261,76.66898970557145,-57.2079585301981,77.61059759436307,-53.91152192450957,5.541494942910269,4.823126885616609,0.0042711263790660365,0.10390312237287924,47.354051487780055,-57.09455242752799,5.223690777736366,0.5712896000906338
5.1661745859032155,76.81430247820636,-57.118547127729364,78.30872929516079,-53.35301656387139,8.318970528027439,4.5814227765079565,0.0018568781993047703,0.10433023501078598,-12.063377194069536,28.196414327806686,4.189191268659552,0.5708378198507034
5.18013721991917,78.65057315957846,-56.6421295122177,79.0068609959585,-52.794511203233185,10.460245781209707,4.4720680642063195,0.0017507650896368197,0.10451592283071642,18.313567978502984,-4.818584106745011,4.848154239512293,0.5704107072127718
5.194099853935125,78.56372504827917,-54.84842433694021,79.70499269675622,-52.236005842595006,4.579852872934662,4.426243032579432,0.002406421458335949,0.10469099933968007,15.439165333027287,-38.45169568250334,4.530532678658386,0.5702250193928013
5.2080624879510795,79.40063533622208,-54.45348758588504,80.403124397554,-51.67750048195683,9.165847049515886,4.133619464644681,0.00018085828223013195,0.1049316414855137,-24.880045498545666,48.98484264643381,3.6658079682677536,0.5700499428839025
5.222025121967034,80.16329536628399,-53.060907135427854,81.10125609835171,-51.11899512131862,7.459640210889727,3.9312686548361073,0.0001594761570578032,0.10494972731373675,-18.61027096682366,14.38974686272247,3.743120486016531,0.569809300738044
5.235987755982989,81.58196300444251,-53.126577006525544,81.79938779914943,-50.56048976068044,7.1512390885662,3.6294073075077224,-0.0008478639900240891,0.10496567492944253,-42.981850346839714,44.835687416868446,2.9881240765433925,0.569791214909781
5.2499503899989435,82.09681340464044,-53.577497758438916,82.4975194999472,-50.00198440004226,4.130588262152971,3.5029714598364414,-0.000523542068950182,0.10488088853043998,-6.889801073411588,-3.8648072345591755,3.2559672376961695,0.5697752672941152
5.263913024014898,82.36731995262434,-53.349283790306124,83.19565120074492,-49.44347903940408,6.2089709918532865,3.5978971602012173,0.0005233836026730403,0.10482853432354489,60.45875374011879,-48.32850093602331,4.277564175027437,0.5698600536931178
5.277875658030853,82.45768653168099,-53.3484098683014,83.89378290154264,-48.8849736787659,7.853529684203656,3.738938029802994,0.0017151180478449499,0.10488087268381197,72.44757638025827,-61.97225842163567,4.7180667551891,0.5699124079000377
5.2918382920468074,82.94709636484227,-53.19444180050125,84.59191460234035,-48.326468318127695,10.534449947219116,3.969076522638729,0.003225364454748953,0.10505238448859666,99.27267331095177,-83.7554689168205,5.456631414247391,0.5698600695397058
5.305800926062762,82.5453499785111,-52.92637758001316,85.29004630313813,-47.767962957489516,11.002305250201452,4.241724429162036,0.004860880071431198,0.10537492093407153,107.57028156879295,-101.71562936395486,5.910675684472509,0.5696885577349611
5.319763560078717,84.24823784660931,-53.43016051905051,85.98817800393584,-47.20945759685134,16.200431091076034,4.50560901957391,0.005955383524395201,0.10586100894121486,118.81853391634043,-91.10063305718572,6.673547700176049,0.5693660212895111
5.333726194094671,85.64023843761545,-53.83031684550448,86.68630970473356,-46.65095223621313,10.439261915771791,4.993752031511171,0.009040269240735557,0.1064565472936545,154.30886239525407,-175.96429711549993,7.204294505881084,0.5688799332823429
5.347688828110626,86.35928942299445,-52.90592781757005,87.38444140553128,-46.09244687557495,8.826479318884143,5.631724120311981,0.010914659133400034,0.10736057421772793,206.71915779414866,-209.9459813230676,7.932015863878712,0.5682843949298633
5.361651462126581,87.3789218893538,-52.89925594090877,88.08257310632905,-45.53394151493677,9.23070099361057,6.017987170545464,0.010436313268984468,0.10845204013106802,152.3940102671039,-146.3116792522529,7.570725770985235,0.5673803680058298
5.375614096142535,88.34365133995878,-51.887702373054346,88.78070480712677,-44.97543615429859,7.8379451779560245,6.463200807770218,0.010850892583504846,0.10949567145796646,166.93429098696922,-168.8526349816862,8.046857483467388,0.5662889020924897
5.38957673015849,89.2344208718376,-49.94033464643595,89.47883650792448,-44.41693079366041,6.9703558741876535,6.688308355948285,0.009626794459287423,0.11058076071631717,115.44974136643404,-114.95138700574978,7.556525217125226,0.5652452707655762
5.403539364174445,90.80619293232816,-49.47022348954479,90.17696820872226,-43.858425433022205,5.916072861345997,6.527267888100885,0.006475393621155824,0.11154344016224593,17.46368038396547,-17.83756191817756,6.154511772876494,0.5641601815072406
5.417501998190399,91.92041710426332,-47.74545903038231,90.87509990951997,-43.299920072384026,2.0887243465559493,6.445694045623037,0.004880785719277453,0.11219097952436163,29.720460246862384,-43.019642579212224,6.170688165134545,0.5631975020613118
5.431464632206354,92.25348726999106,-46.88370920806814,91.57323161031769,-42.74141471174585,0.5373975984550234,6.137239054561157,0.0015911166116088019,0.11267905809628953,-24.641957949097524,21.202457225582737,5.016073894001573,0.562549962699221
5.445427266222309,91.54971385533251,-45.77944366631524,92.27136331111541,-42.18290935110764,2.475270390878327,5.825784237073883,-0.0007022019782004139,0.11283816975745031,-20.654350240341333,32.84566891880716,4.7008338460369075,0.5620618841272282
5.459389900238263,91.09203612152304,-44.03189898233372,92.96949501191318,-41.62440399046946,8.323823243875172,5.439853218513571,-0.0020345705836408903,0.11276794955963032,-33.78686485227697,64.02489640434911,4.390914852332498,0.5619027724661074
5.473352534254218,91.79009225850798,-43.17456002216528,93.6676267127109,-41.06589862983128,11.684934202544735,4.883724121066453,-0.0026511144681586048,0.11256449250126632,-86.52678781880587,106.00679835496797,3.928208877396929,0.5619729926639274
5.487315168270173,93.28840890397973,-43.004015404700894,94.36575841350862,-40.5073932691931,10.703445461075473,4.388315705041293,-0.002261176126760379,0.11229938105445036,-85.70980156709176,85.50657636654904,3.7078072536441127,0.5621764497222514
5.501277802286127,94.2513744428611,-43.10628385600895,95.06389011430639,-39.94888790855492,7.38678424350441,4.0836298289274415,-0.0013878792968910008,0.11207326344177426,-46.476173993698055,35.20899150401857,3.5335729150436634,0.5624415611691322
5.515240436302082,95.37108919595842,-42.08669185816505,95.7620218151041,-39.390382547916715,7.298558827467986,3.9652830689526484,-0.0005055501149499596,0.11193447551208502,5.989215960701157,-3.0662224801584643,4.011231483565398,0.5626676787817981
5.529203070318036,96.15093563911972,-42.08215011964779,96.46015351590177,-38.831877187278565,5.085060152766184,3.7933643350206303,-0.0004243238519306203,0.11188392050059015,-13.662108597930088,6.78008332053979,3.4321829256016563,0.5628064667114328
5.54316570433399,97.38044871534682,-41.65634900623055,97.15828521669954,-38.273371826640386,5.524473380253201,3.761436966619975,5.480292411420558e-05,0.11184148811539707,26.753013167993288,-21.866613492875636,3.9397392371494147,0.5628570217229676
5.557128338349945,96.43481769134412,-41.119865988650425,97.85641691749726,-37.714866466002206,2.9673947488591965,3.7734126981487472,0.0006393932662121574,0.1118469684078085,30.980404829717173,-39.77762897981686,3.970117170107602,0.5628994541081855
5.5710909723659,96.44901291426656,-41.324621894508624,98.55454861829497,-37.156361105364,11.376915114108318,3.7550718559060368,0.00039218921681817613,0.1119109077344298,48.28917897166458,-7.187851899811393,4.494733603063396,0.5628939738157492
5.585053606381854,96.33533409612241,-39.639807626013955,99.25268031909269,-36.59785574472582,12.878546059463439,3.897528996181751,0.002502266966582704,0.11195012665611159,74.2559901514242,-63.64322967508756,5.495713707210105,0.562830034489088
5.599016240397809,96.9326477451498,-39.89555158571966,99.95081201989046,-36.03935038408764,15.845325044835816,3.742050511316425,0.002162481100800767,0.11220035335276979,2.515212111977029,15.083809025461415,5.102447742818519,0.5627908155674461
5.612978874413764,97.40935401337845,-39.87849212255757,100.64894372068818,-35.48084502344946,15.953287654078672,3.7981149214006797,0.0036047169754756343,0.11241660146284982,49.19165355676007,-44.349615547546065,5.770657658253031,0.562540588870788
5.626941508429718,99.11194642170828,-39.70680356995803,101.3470754214859,-34.92233966281128,17.187035055829643,3.9638868826912,0.005131018469477968,0.1127770731603972,80.67539394234575,-70.63564529288406,6.330015568078555,0.5623243407606928
5.640904142445673,100.47316618921182,-39.53228423344599,102.04520712228367,-34.363834302173075,12.279076368044688,4.201660570862252,0.006745494184061804,0.11329017500734517,86.88242097070308,-104.73834822455947,6.095189819360391,0.5619638690631605
5.654866776461628,101.49113044683506,-38.969246588844356,102.74333882308139,-33.805328941534896,10.51839414579321,4.490167428171564,0.007327890755872986,0.11396472442575156,109.12945705901258,-113.13939978285,6.160495167039642,0.5614507672162126
5.668829410477582,102.80758344536918,-37.95197434155949,103.4414705238791,-33.24682358089672,9.496572082109012,4.717725499433746,0.007159226534578218,0.11469751350133883,97.68111655139492,-98.41857756890798,6.045655588768905,0.560776217797831
5.682792044493537,103.92536029934013,-37.57615564404022,104.13960222467682,-32.68831822025851,6.709155639346053,4.798350721587033,0.006117006299782275,0.11541343615479649,57.781854059495686,-66.6470961301231,5.429580995964379,0.5600434287221789
5.696754678509492,104.40032033300658,-37.93263909544024,104.8377339254746,-32.12981285962033,5.521573285296853,4.913151054115314,0.005266672333177775,0.11602513678477466,70.67786825893441,-72.56260076465095,5.522234634554056,0.5593275060687612
5.710717312525446,106.9266412856838,-37.540226812551374,105.53586562627231,-31.57130749898215,7.248545746092356,5.219390307463745,0.005794822784543884,0.1165518040180924,127.51407671374443,-116.15640592058557,6.461888485044751,0.5587158054387831
5.724679946541401,107.15474398378274,-37.30293684107178,106.23399732707003,-31.01280213834397,-1.7215161882031218,5.544534942960995,0.006693681014185013,0.11713128629654701,110.82221752872,-148.09886786496614,6.564071033349332,0.5581891382054254
5.7386425805573555,107.09212124453839,-37.50286121705062,106.9321290278678,-30.454296777705792,2.924614425255834,5.861912588804863,0.005307084674429372,0.1178006543979655,142.43085148555951,-118.41562939304094,6.852257156305406,0.5576096559270356
5.75260521457331,107.82517857583001,-36.58423360671372,107.63026072866552,-29.895791417067585,5.683756559306293,6.279907830792981,0.006300805734470092,0.11833136286540835,167.07147723872635,-150.91119533428488,7.626080582198865,0.5569402878255922
5.766567848589265,108.54233534129902,-35.220839244442864,108.32839242946324,-29.337286056429406,4.784420608032467,6.505513971186251,0.006498151996720894,0.11896144343885551,113.23796833986475,-113.26629125431042,7.264397633600475,0.5564095793581494
5.7805304826052195,108.3785259377947,-34.69712363375574,109.02652413026095,-28.778780695791227,4.664698704830112,6.480257577060384,0.004933385112971224,0.1196112586385274,52.440366043806726,-48.918249750885046,6.4602288757916355,0.5557794987846871
5.794493116621174,108.44050394597454,-34.34661302207879,109.72465583105873,-28.22027533515302,8.808614802425167,6.446319953435163,0.003981560425815513,0.12010459714982469,59.57907567946743,-36.5484589518874,6.615257332307786,0.5551296835850303
5.808455750637129,109.03100274579894,-33.154833834755536,110.42278753185644,-27.66176997451484,10.888261797951303,6.453765307403949,0.00477131618357666,0.12050275319240633,65.38913392243118,-51.25570067956046,6.972558697165691,0.554636345073733
5.8224183846530835,109.7827585315761,-32.27424763136149,111.12091923265416,-27.10326461387666,10.624632628337073,6.305707317310976,0.004793608538123884,0.12097988481076394,20.277146844547957,-16.588454942089616,6.402284042208516,0.5542381890311114
5.836381018669038,110.6138313953802,-31.188407005208834,111.81905093345193,-26.54475925323848,10.288033454670929,6.118909051156514,0.004406015965133807,0.12145924566457644,8.77842081245964,-5.528555056299383,6.080585812319717,0.5537610574127938
5.850343652684993,111.85806779399186,-30.05900333163082,112.51718263424965,-25.986253892600303,9.483173908268254,5.861190476445677,0.0035576463764963443,0.12189984726108971,-12.308019130468256,13.280185436894302,5.539417202696372,0.5532816965590062
5.8643062867009474,112.3951295224774,-28.711538550327077,113.21531433504737,-25.427748531962095,6.791911966529342,5.556462324709077,0.002455094633262753,0.12225561189873924,-31.20904039685557,23.308109557106796,4.826037628599856,0.552841094962468
5.878268920716902,112.8989422443982,-27.843583540244577,113.91344603584508,-24.869243171323916,7.758149313188017,5.161109551022591,0.0005161022804303587,0.12250112136206548,-49.22052437998382,57.5648340073642,4.131406396649213,0.5524853303247785
5.892231554732857,114.30489769280791,-28.955751784477663,114.61157773664286,-24.310737810685737,8.246053727547942,4.784568088909607,-0.0004218581868770581,0.12255273159010871,-49.183243896435656,55.290283863352386,3.926081924534718,0.5522398208615171
5.906194188748811,114.92615951511759,-28.99724219757157,115.30970943744057,-23.75223245004753,5.684785581955291,4.843452461664284,0.0016295499669429835,0.12251054577142106,52.460617707912654,-60.42898730900774,5.299647168061281,0.552188210633449
5.920156822764766,114.92807994274548,-29.316092437864157,116.00784113823829,-23.19372708940935,6.952474866538239,5.027794620935472,0.003056678220919079,0.12267350076811523,94.09347322766075,-84.84820788344794,5.903458540928714,0.5522303964521367
5.934119456780721,115.08514652810685,-28.789589323728304,116.70597283903601,-22.63522172877117,10.282781123064376,5.370513595289472,0.005145424480334412,0.12297916859020708,141.4956473533945,-122.53895238223961,6.913388212902333,0.5520674414554025
5.948082090796675,116.17085302482766,-27.052400427493705,117.40410453983378,-22.076716368132992,12.048348198636942,5.627156956484319,0.006647270201158502,0.12349371103824058,119.29724267786132,-106.89104172926076,7.102128524471764,0.5517617736333507
5.96204472481263,118.23134056813004,-26.287882584822235,118.1022362406315,-21.518211007494813,9.346762508209988,5.549649076594704,0.005980859500753962,0.12415843805835625,25.633467502878258,-33.33407558845567,5.861526564190973,0.551247231185342
5.976007358828585,119.96687360153305,-26.343192241395975,118.80036794142922,-20.959705646856605,3.4864656161376857,5.478708446297789,0.005001006442781496,0.12475652400843185,19.13054976478354,-41.71520233963704,5.358475681929756,0.5505825041651615
5.989969992844539,119.5633019919671,-25.622102856263275,119.49849964222699,-20.401200286218426,0.33670963705285306,5.593783066051043,0.004274926879338789,0.1252566246527098,72.08197878372025,-83.09386681526952,5.960423018641442,0.5499844182151259
6.003932626860494,119.2788293253224,-25.705809430649115,120.1966313430247,-19.842694925580247,6.276892106770175,5.614102995454514,0.0026302501782522747,0.12568411734064355,69.26304273746373,-39.009703704016886,5.8140056842209,0.5494843175708728
6.017895260876449,120.41656056757357,-25.46083641322967,120.89476304382242,-19.28418956494204,9.75786082509277,5.757783401595147,0.00382681044086356,0.1259471423584686,95.82070499956428,-75.9991376470062,6.62181572397096,0.5490568248829142
6.031857894892403,122.55670593026201,-24.64237067137255,121.59289474462014,-18.72568420430386,6.9536168117520845,5.956759824052473,0.005691328660430333,0.12632982340255516,97.32159556781365,-105.7494852812063,6.837107383498234,0.5487937998650492
6.045820528908358,122.88107416029297,-24.816993333499514,122.29102644541791,-18.16717884366568,0.7570753543561821,6.085626441114537,0.005733191038161009,0.12689895626859826,73.29484481294274,-97.5664386078397,6.480639998817158,0.5484111188210026
6.059783162924313,122.30496221662891,-23.42669519962605,122.98915814621563,-17.608673483027502,4.413923034631795,6.356363833160578,0.00517628421092242,0.12747227537241423,133.13546007157478,-113.06090717122972,7.209130128852009,0.5478419859549595
6.073745796940267,122.46054184333337,-21.841731726487517,123.68728984701335,-17.050168122389323,9.217073521695438,6.322159144305642,0.003999873362853693,0.1279899037935066,59.904940295757385,-33.94534077981245,6.5246400088018195,0.5472686668511284
6.087708430956222,123.89675822410041,-21.351708306389828,124.38542154781112,-16.491662761751115,10.092805854641746,6.047077671297412,0.003083793117620349,0.12838989112979204,-11.201360262557216,19.818371270909626,5.685806873623652,0.5467510384300511
6.101671064972177,126.20819669949113,-20.35397694265134,125.08355324860884,-15.933157401112936,6.414274568272509,5.869438676811472,0.003231779212055452,0.12869827044155402,0.9279370355210733,-13.182347567444577,5.546997056360763,0.5463510510937657
6.115633698988131,126.30094021672214,-19.04312367659114,125.78168494940655,-15.374652040474757,-0.543295820142152,5.680937919888439,0.002271276662292267,0.12902144836275964,-11.231731450156568,-16.64095650826565,4.997558279239576,0.5460426717820286
6.129596333004086,126.22093264038728,-17.193525006809917,126.47981665020427,-14.81614667983655,3.572439233562749,5.366725874450093,-0.0006983673409639204,0.12924857602898898,-20.516284846684375,42.32727341867514,4.230760133775933,0.5457194938607581
6.143558967020041,126.15378309667882,-15.19748185560865,127.17794835100204,-14.25764131919837,5.404869119731147,4.884584702934782,-0.002527936775211853,0.12917873929489243,-71.84044668120714,83.61918891092357,3.087926828399123,0.5454923661945688
6.157521601035995,127.0565707831617,-14.517302528789312,127.87608005179976,-13.699135958560191,7.612825142502332,4.286971381689483,-0.004049437599383586,0.12892594561737125,-105.13376084896007,118.66860065479612,2.2828375388583413,0.5455622029286653
6.17148423505195,127.85651405966479,-13.921221967201303,128.57421175259748,-13.140630597922012,6.043550343339237,3.7922394058654207,-0.004128291334593706,0.12852100185743298,-92.71435051026427,88.97694822864764,2.0490143282436697,0.5458149966061616
6.185446869067904,128.64920858094413,-13.53403275255718,129.2723434533952,-12.582125237283861,5.936796506917157,3.378871160310624,-0.004166617531400381,0.12810817272397346,-73.01685571066515,75.53518862387146,1.9487824209558624,0.5462199403661248
6.199409503083858,129.94041852267264,-12.984393466253485,129.9704751541929,-12.023619876645682,5.64092551213717,3.0520115692725382,-0.003859084885374958,0.1276915109708332,-54.935259218324845,56.382904113832986,2.006761673269602,0.5466327694996092
6.213372137099813,130.23911651206157,-12.806824979499352,130.66860685499063,-11.465114516007475,2.9373126827869345,2.802863209535825,-0.003397150872974425,0.12730560248229583,-43.39608988008296,33.62023955701937,1.6847749926873512,0.5470494312526846
6.227334771115768,129.4013967678206,-13.607874124857178,131.3667385557884,-10.906609155369296,5.726865161908574,2.620665721047132,-0.0031464193786547054,0.1269658873949986,-15.97436377432695,30.876846450098537,2.2096044106972954,0.5474353397412619
6.241297405131722,129.85494903804147,-13.580152728728644,132.06487025658612,-10.348103794731117,13.11533855034232,2.673309993914047,-0.0013366831926325058,0.12665124545713313,53.59161658977473,-17.31061554297102,4.20953603506693,0.547775054828584
6.255260039147677,130.73270978699335,-12.406193271364225,132.76300195738384,-9.789598434092909,12.72856338941563,2.824431784857618,0.0010735146345887464,0.1265175771378697,62.30577227004395,-60.59735124842725,4.777559381344943,0.5480896967664246
6.269222673163632,132.06858300581143,-11.884411688569106,133.46113365818155,-9.23109307345473,11.63752252832881,2.815958868960566,0.0014836506809977471,0.1266249286013288,21.188097958090502,-22.69331361044877,4.186353793892068,0.5482233650856481
6.283185307179586,134.24347308430347,-12.101525754734803,134.15926535897933,-8.67258771281655,8.916382317904183,2.829375613365116,0.0017131923881364688,0.12677329366942858,22.977382570784382,-32.108018357191064,3.8323316601080584,0.5481160136222236
