Time,X,Y,Ref_X,Ref_Y,u,v,r,psi,Tp,Ts,Lateral_Error,Heading_Error
0.0,188.122678851227,-95.22770500358145,178.2,-85.4,-48.32118504622406,1.516552688202875,0.0004143314904409978,0.0,279.01656893139517,-500.0000049849194,14.142135623730951,1.5795237439787453
0.013962634015954637,183.81263371283313,-95.74455670340238,178.18537860139563,-83.72470167658587,-37.417250203176415,3.3239558595394154,-0.0019626279691113305,4.143314904414552e-05,500.00000497392733,-455.65114167482284,15.200954634369841,1.5969919793292684
0.027925268031909273,181.7971652632458,-95.45434330246847,178.14151725605313,-82.05070970041018,-21.504033478893067,5.021155177766985,-0.005356153031206528,-0.00015482964786706077,500.00000499624707,-430.3564504249343,14.82170731082352,1.6144590095542668
0.04188790204786391,179.22828355597775,-95.48702911197242,178.06842451482873,-80.37932940006108,-15.46384565431649,6.743499451410596,-0.006469568697970229,-0.0006904449509876898,500.0000049944743,-472.60238522035513,15.529312661115494,1.6322308656402482
0.05585053606381855,178.1368678645257,-95.26763016228982,177.96611462729715,-78.71186406762048,-6.13256283732049,8.374733619539745,-0.006960560338993559,-0.0013374018207845673,500.00000499765014,-455.89087613779435,16.822581034721573,1.6504362295288946
0.06981317007977318,177.92605286421437,-94.66795929912668,177.83460753897361,-77.04961394239608,-3.9435970658506654,10.009770234689704,-0.005047958718532382,-0.0020334578546838955,500.0000049978766,-486.56623120399684,18.220523491181975,1.6688742858550896
0.08377580409572782,177.62784370287093,-92.6586090129181,177.67392888742563,-75.39387519703386,-4.402371475189738,11.609477495467706,-0.0035069899537758112,-0.002538253726537043,500.00000499760773,-497.6432415937275,19.2757330463518,1.6875102018879486
0.09773843811168245,178.39744755195488,-90.55736699012952,177.48410999727466,-73.74593892680168,0.49395056845934615,13.079581116564594,-0.0032054188716563593,-0.002888952721914695,493.52087778234426,-465.9580404577491,18.91321625648074,1.7061312822224632
0.1117010721276371,178.97340369684713,-89.66603996847546,177.26518787408943,-72.10709014283196,-6.853854172758345,14.153086569674308,-0.0010708944198339907,-0.0032094946090803766,377.0573006717802,-404.2411514928303,18.484986549090163,1.7248026436461714
0.12566370614359174,179.03783597939804,-88.06911401440952,177.01720519717168,-70.47860677010871,-8.495961368455946,15.179928051699605,-0.0040641649718842305,-0.003316584051063831,387.54540366767293,-389.1188283440357,19.2868946518593,1.7436764983066935
0.13962634015954636,177.19468893023526,-87.28158453420606,176.74021031123553,-68.86175865098005,-9.633918701060935,16.007084836921067,-0.007140894743509762,-0.0037230005482524753,346.17925353392127,-345.2031225902585,19.34429072796576,1.7625981639986783
0.153588974175501,175.66570749644475,-86.18861755373612,176.4342572169829,-67.25780655497334,-0.8108833460288682,16.85089521018828,-0.00978868613496393,-0.004437090022603396,380.39310013169484,-333.5571310491923,20.038212019841616,1.7821093869721247
0.16755160819145565,175.269093695384,-84.21857750238256,176.09940556057575,-65.66800119568501,2.0592632032418483,17.637620799576574,-0.005625730521399851,-0.0054159586361000045,360.05487142364575,-338.87535587035416,20.5251988961166,1.8022478355542688
0.18151424220741028,174.4853455073919,-81.97408844340039,175.73572062200788,-64.09358225551179,0.9190717998131674,18.175318784230374,-0.0015659854595669893,-0.005978531688239919,294.5025951001026,-290.93720338346424,20.130404227814736,1.8230002831025143
0.1954768762233649,175.51887939490908,-79.52630417862527,175.34327330237872,-62.53577741898356,3.4599695421280376,18.45520351134154,-0.0003705251655804244,-0.006135130234196762,241.7623115851612,-221.24334761264646,19.457234530718285,1.8437156407773099
0.20943951023931956,176.00620203977775,-77.17400731353843,174.92214011007084,-60.99580141545199,-5.397999111734771,18.48524770356052,0.001937769932280326,-0.006172182750754818,154.15847564894563,-185.38748487397032,18.54010869520569,1.86443449011845
0.2234021442552742,175.4792904394506,-75.60080570412738,174.47240314583448,-59.474855071881066,-7.067930270821041,18.337897971629832,-0.003536531707134112,-0.00597840575752695,124.84319656564244,-124.356737986832,17.765487021762908,1.8854737297831523
0.23736477827122882,174.42751462632626,-73.68851651927702,173.99415008678193,-57.97412437647836,-6.111206021549524,18.20616856804146,-0.007710742025155039,-0.006332058928240514,132.878913229271,-120.65939095724127,17.689136114960945,1.9067526670719506
0.25132741228718347,173.80886361926565,-71.42872005420908,173.48747416929464,-56.49477955389709,-3.496477193929712,18.015612431528922,-0.009315636125357641,-0.007103133130756056,119.98464172887472,-100.0963243040246,17.21941540516194,1.929080156199479
0.26529004630313807,173.4076315159077,-69.87465580005009,172.9524741708467,-55.037974152730186,-4.08333536533287,17.70569369761024,-0.008379283808368694,-0.008034696743291825,80.21389681004396,-74.71728076690765,16.413103122024502,1.9523566379144128
0.2792526803190927,172.8262502428094,-68.27006666062763,172.38925439074782,-53.60484414600771,-4.828284115250238,17.430492942094283,-0.008217774512149034,-0.008872625124128675,86.03487502716946,-81.48643975886274,16.30165216249759,1.9763553017908944
0.2932153143350474,172.37491943982909,-66.45965088800006,171.79792462981007,-52.19650704539936,-4.665700428431133,17.16942339184237,-0.008600647070095101,-0.009694402575343375,89.22259390016261,-80.74596659006431,16.106420218988696,2.0008515919591305
0.307177948351002,171.4787279842981,-65.22892710038278,171.17860016894204,-50.814061029812414,-5.7062215472122775,16.875656183291976,-0.00868792655913548,-0.010554467282352764,75.65521975734917,-72.78817761465602,15.69126068257486,2.0259517415725607
0.32114058236695664,171.82742980037332,-63.772486426934485,170.53140174667448,-49.45858408906486,-4.012771591349072,16.66084026525411,-0.009317365991782935,-0.011423259938266206,99.50151077551868,-84.38736942712838,15.798770385543113,2.0517378027224646
0.3351032163829113,170.95854634038628,-62.265269178844086,169.85645553562213,-48.13113318330138,-10.343007079821035,16.459018775655462,-0.008474931127371453,-0.012354996537444318,82.57296505492575,-104.08537163109311,15.765045856083749,2.078206329283894
0.3490658503988659,170.1406361417242,-61.20719246814485,169.15389311788624,-46.83274341880765,-7.106408645610442,16.255071899150273,-0.01216941551707966,-0.013202489650181448,101.75685445727642,-80.41140077103935,15.537684016212578,2.105435730839475
0.36302848441482055,169.7119357216748,-59.01726469052865,168.42385145940216,-45.56442724086551,-7.898042437463639,16.130061056158205,-0.011921585293976323,-0.014419431201889488,110.85621028014366,-107.61045384764446,15.736691316831346,2.1333006209609513
0.3769911184307752,168.81446078255667,-57.74067934836852,167.6664728832377,-44.32717364427868,-9.497296288160406,15.847555986612889,-0.012420986112929744,-0.015611589731287179,67.29525051999477,-67.91812416749951,14.831813549614916,2.1622735736376244
0.3909537524467298,167.36429828587623,-56.340468723338816,166.88190504184695,-43.12194740218433,-8.35284277452913,15.603624928435902,-0.013592189020181314,-0.016853688342580053,80.78978287700961,-69.19456231811444,14.7459179234572,2.191975743940441
0.40491638646268446,166.58121336038008,-55.19466790931099,166.07030088828515,-41.949688313751956,-5.347730565815958,15.36427966815323,-0.013426267752850319,-0.01821290724459823,83.98490522407609,-63.81588385098305,14.44884044004644,2.22249312519077
0.4188790204786391,166.18473210073358,-54.45255857087595,165.2318186463901,-40.81131047135635,-6.876640782494961,15.166282427544346,-0.011371630952779195,-0.019555534019883414,82.30110344183048,-82.59533353671861,14.446516441070118,2.2538993961073537
0.4328416544945937,165.66788816770494,-52.74069203072791,164.36662177993628,-39.70770154779581,-8.996700239551325,15.06902805964386,-0.0110454522535637,-0.02069269711516153,105.18915075545337,-108.4962476667216,14.856524956047613,2.2860618947140976
0.4468042885105484,164.860000037952,-51.46227170871919,163.47487896076706,-38.639722104111556,-10.319356065048712,14.868017287200043,-0.012226426498245131,-0.02179724234051772,79.30671792770222,-79.30144107461288,14.270481500392798,2.3187866725926165
0.46076692252650303,164.74704115457908,-49.93614428716691,162.55676403591193,-37.60820491854823,-10.490800513925743,14.657634242185319,-0.013603103294575043,-0.02301988499034202,77.49793769088409,-72.49579713948476,14.04421812375511,2.352234711984165
0.47472955654245763,163.59643380741656,-47.964109546932406,161.61245599369462,-36.61395433717835,-15.065469020538519,14.385509606055136,-0.014435817257879242,-0.024380195319799736,49.45705847868215,-64.75199960029148,13.685991713953843,2.3865374655359215
0.4886921905584123,161.85764711283883,-46.42652045965316,160.64213892883905,-35.6577456466975,-12.426885320521748,13.985842657270078,-0.017548773273751782,-0.025823777045587804,30.27582915983199,-13.286113935549185,12.656004530443019,2.4216873074798766
0.5026548245743669,161.035794627194,-45.40167583232545,159.64600200657952,-34.7403244698791,-9.351848049294597,13.556454023501727,-0.01756939699742369,-0.02757865437296303,19.87288146184882,-0.6984723630565275,11.893634885410439,2.4575942897309258
0.5166174585903216,159.20887514103103,-44.61760446025739,158.62423942578283,-33.862406184160136,-11.658452456367847,13.173773149164282,-0.015663767573232814,-0.029335594072705362,15.891422539602711,-21.140628282245245,11.78856829740247,2.494442253313034
0.5305800926062761,158.02061733743167,-43.65906503114571,157.5770503810886,-33.024675363811426,-6.583214643935502,12.867847373671307,-0.015636221871846656,-0.030901970830028436,49.12702438185872,-21.050045772861015,11.70721389069084,2.5318690554062666
0.5445427266222308,157.40175494930358,-41.40360519352451,156.504639024076,-32.22778524612712,-7.889797499482562,12.586720618310656,-0.012845343502648408,-0.0324655930172133,38.47747856017719,-39.070038826897616,11.531363656131019,2.5696205501924103
0.5585053606381855,156.66991921484615,-40.62697683726342,155.4072144234639,-31.472357222049986,-9.961070083019937,12.112976437766873,-0.012104916357239474,-0.03375012736747829,-15.222089160876594,10.814915068533344,10.12955468814566,2.6078147638533036
0.5724679946541401,154.72570532451664,-38.897607634693834,154.28499052435262,-30.758980351629376,-11.390081152065246,11.70215884847444,-0.012511246836630964,-0.03496061900320235,-1.913318243129977,-0.05779474099452807,10.152105175736953,2.6460979157388262
0.5864306286700948,153.76084536251895,-37.58568673451331,153.13818610651492,-30.088210904689973,-6.37222219082556,11.209473622604204,-0.013333423358770401,-0.03621174368686564,-12.084242231358912,39.26445436456632,8.95129532604793,2.6845907835046523
0.6003932626860494,152.39507673978966,-36.724799479954264,151.96702474174427,-29.460571927069267,-9.286539396777727,10.698000230030267,-0.011336615273665003,-0.03754508602274287,-39.28987574312569,30.60186512632723,8.32077418595547,2.7233180364804443
0.614355896702004,151.74638634990887,-35.10757024403201,150.77173475026927,-28.8765528327622,-7.260712723500561,10.226999765852224,-0.01134363338224166,-0.03867874755010936,-22.18955444541801,35.4959049587408,8.014375499694374,2.7622268037825926
0.6283185307179586,150.54741701223858,-34.94055494560056,149.55254915624212,-28.336609022290794,-11.006314765070435,9.686112528550998,-0.010425452174826188,-0.039813110888333725,-57.531451772311996,44.46094638563507,7.117502195197338,2.800937739991422
0.6422811647339133,148.69361554817996,-34.26154997596221,148.30970564231,-27.841161527596554,-9.949404241085263,9.260605271801298,-0.011126845561432466,-0.04085565610581643,-21.89476514146943,30.057890191593312,7.443704660900123,2.8395523616500515
0.6562437987498679,148.4177860446428,-34.07107326161278,147.0434465032786,-27.39059668373244,-7.071053343176409,8.872365928071238,-0.01090727967274542,-0.04196834066195976,-11.979581180323924,28.441449748427544,7.066332642945264,2.8778794894896667
0.6702064327658226,146.95987089625663,-33.35629180157707,145.75401859887594,-26.98526582761039,-13.787032655190224,8.557376213386236,-0.009549824957195347,-0.043059068629234254,-18.396435146846837,-8.877934878402467,7.569961954784903,2.91598424247689
0.6841690667817772,145.3514173628518,-31.77872330951769,144.44167330562692,-26.625485024039364,-10.481249603528891,8.24203666277372,-0.011034974333594237,-0.044014051124953824,1.2861528937323954,16.275999902882216,7.186451070034558,2.9536810450000646
0.6981317007977318,143.9293868955249,-31.05698729266026,143.1066664678467,-26.31153481926752,-9.964835327634741,7.823711480084062,-0.010690145987817014,-0.04511754855831329,-34.3943530250832,39.49291590045176,5.910080927411241,2.990767390340885
0.7120943348136864,142.80818374210492,-29.654701347797307,141.74925834776346,-26.043660022220706,-9.715649436793877,7.412343725200841,-0.010171299596404792,-0.046186563157094795,-36.93507513380645,40.6902189898697,5.4668465137862965,3.027444801952276
0.7260569688296411,142.6125959738348,-28.62804525323338,140.36971357477978,-25.822069513607786,-10.99133480418015,6.935310457879314,-0.009727661909508103,-0.047203693116735224,-60.99222632374141,57.607195298586326,4.542598764295346,3.0634545246100826
0.7400196028455958,141.0491222627314,-27.491008526343826,138.96830109388256,-25.646936083041787,-17.01605971326573,6.408823504049743,-0.009718794637386053,-0.04817645930768588,-88.97163653631101,63.42947416795401,4.708279628128149,3.0987111346989042
0.7539822368615504,139.8543552309614,-26.110757629561988,137.54529411321172,-25.518396294303713,-13.818311615302367,5.860226263584647,-0.01106952260811013,-0.04914833877142444,-78.72667277777084,94.35794038831422,4.020946495461082,3.1331623730066758
0.7679448708775051,139.04288075834475,-25.796958211992443,136.10097005079766,-25.436550378854257,-16.064360713342797,5.246799233392862,-0.010762944663058572,-0.05025529103223558,-112.77300557980422,103.65585487416966,3.8134571883764106,3.1163848670399616
0.7819075048934596,136.93496898216708,-24.890219448011404,134.63561048047814,-25.40146215767632,-18.785362950192216,4.642507244083214,-0.010739886312622708,-0.05133158549854144,-117.19422307267892,105.30562771593728,4.424980048672095,3.0834667493453365
0.7958701389094143,135.70988949377454,-24.900179185482557,133.1495010770048,-25.413158991509277,-14.102750288347238,4.042766224593351,-0.010860409593274657,-0.05240557412980351,-104.72470671301731,126.10218538964024,3.821417672430933,3.0514686768288115
0.8098327729253689,134.39724440102623,-25.169799448906712,131.64293156035046,-25.47163175951396,-17.315802234576303,3.4915489703860967,-0.009687959792900385,-0.05349161508913092,-115.44014816504288,101.02040548593041,4.106909406915152,3.0203886254423633
0.8237954069413236,132.5617835221105,-24.126497443040133,130.11619563922747,-25.576834866384793,-17.330004665627936,3.0129436659414592,-0.009133513168908824,-0.05446041106842081,-94.5186283586943,94.05503478582963,4.3003553727547015,2.990230998053324
0.8377580409572782,129.71142880461858,-23.89386795814626,128.56959095382874,-25.728686277903606,-15.391683563997162,2.462489527224208,-0.008586582075430914,-0.055373762385311665,-112.82487521106094,121.08735624653852,4.301698567403952,2.961136856693317
0.8517206749732329,128.55206024768518,-23.23210738160635,127.00341901780207,-25.927067584907505,-8.833158903894953,1.9799201413435885,-0.0076661410348717865,-0.056232420592854826,-89.55972144743797,119.01208426605302,3.3863280596770355,2.933049807264029
0.8656833089891874,127.97094426444781,-23.184718661285086,125.41798515946964,-26.171824095620728,-13.30194491967896,1.4111757930565942,-0.006445612244562272,-0.056999034696342044,-140.83074358058838,120.45262076441574,4.297017688726534,2.9059688211876264
0.8796459430051421,126.89843938151597,-21.93356668516635,123.81359846230346,-26.462764956278683,-17.191931865390707,0.8200765047653605,-0.005871702634021716,-0.05764359592079815,-150.60299985111223,131.9924930742473,5.29425269804233,2.879925976274414
0.8936085770210968,125.3055324548302,-21.60446962166698,122.19057170466908,-26.799663299949927,-18.333113101916815,0.036411165630412246,-0.005579258296040067,-0.05823076618420053,-199.45231253802385,192.62315794837784,6.770739570173106,2.8549416897973985
0.9075712110370514,123.25920005519079,-22.518281147163638,120.54922129884875,-27.182256423440215,-17.920323749909613,-0.7593896325337428,-0.0049191964690410185,-0.05878869201380432,-206.16782380522977,205.9411135315978,7.330361615810594,2.830938042150004
0.9215338450530061,122.08017520009912,-23.057523482558405,118.88986722935623,-27.61024599214052,-16.005832674684097,-1.3497540387643703,-0.0038121224271142782,-0.059280611660708527,-156.9526820721194,163.3009486428667,6.7096330246441855,2.807870577217259
0.9354964790689606,120.89119857238276,-22.236338990558583,117.21283299055523,-28.083298272659384,-19.42338114530179,-1.864216947537893,-0.0028327054179229324,-0.0596618239034199,-154.73141146036662,136.6462220828856,6.996387098040113,2.785757263456631
0.9494591130849153,119.3581704401823,-21.926178560633193,115.51844552359341,-28.601044393058224,-20.495785624922995,-2.540928587396703,-0.0018883551981987655,-0.05994509444521201,-195.93140366307054,187.88021040163852,8.32922266384345,2.764622042273861
0.9634217471008699,118.4070689997818,-21.695951616398276,113.80703515266475,-29.163080630486512,-20.75173410671361,-3.2736276316144677,-0.0008139708281902447,-0.060133929965032085,-214.5863126737313,209.817860530681,9.120737609917843,2.7444298855954914
0.9773843811168246,115.43741473360747,-22.52015275987979,112.07893552061202,-29.768968725992764,-24.599548713413146,-4.067391368385289,0.0003239999415719753,-0.06021532704785093,-245.08516095064383,223.4887668418643,10.25762538709592,2.725153932535001
0.9913470151327792,113.56756832245264,-21.994224082515398,110.33448352388254,-30.418236226265634,-16.445014389543708,-4.668783282946242,0.0023948995206989317,-0.06018292705369355,-175.40633142582675,207.90716139620955,9.403171240234975,2.7067830995005497
1.0053096491487339,111.87057593324101,-22.131795016780053,108.57401924684949,-31.11037685203884,-18.414780104760812,-5.394111487104492,0.002450543643973215,-0.059943437101623864,-235.18102448690118,222.15509747720967,10.394218281705799,2.689299235410201
1.0192722831646885,109.62616505153133,-22.24272323599229,106.79788589551187,-31.844850892872486,-17.90448126355144,-6.115123609249812,0.003365179747373003,-0.059698382737226385,-235.09206323753648,232.8236300217267,10.957903023433373,2.672770965322426
1.0332349171806432,107.52866731553607,-22.917608221759004,105.00642973058572,-32.621085628003016,-15.365229436555333,-6.832850496759173,0.004250784923660943,-0.05936186476248917,-236.0033039862464,242.77364020851633,11.360121494750617,2.6569721608387793
1.0471975511965979,106.51987815309184,-23.08130479283444,103.19999999999999,-33.43847577293369,-14.672820095997986,-7.451783335429974,0.004626363360619107,-0.05893678627012289,-221.03708958618176,219.37079961610476,11.376555487402628,2.6419643689189565
1.0611601852125523,105.3314361172174,-22.84678137277313,101.37894887080992,-34.29638395141715,-19.157293486922995,-8.115658155736257,0.004941101965272318,-0.05847414993406108,-249.9903157503831,224.4165525884112,12.337226366517713,2.6277207371912716
1.075122819228507,103.25909132287379,-22.708239009191526,99.5436313605413,-35.194141192462304,-20.605678376433367,-8.901138350822585,0.006821696567524738,-0.05798003973753385,-280.63808647618254,268.0484014666337,13.636567691991893,2.614166839704533
1.0890854532444616,101.87911438642494,-22.78659136700381,97.69440526797926,-36.13104745197776,-18.42270460518389,-9.760102042300248,0.00887046334428621,-0.057297870080781355,-298.26509876320614,301.7558189980413,14.530571818798835,2.601273792717929
1.1030480872604163,100.8039044626425,-23.60720960193364,95.83163110341462,-37.10637215864516,-21.56136445604662,-10.65826747000249,0.009777095365277166,-0.056410823746352534,-327.97428365425117,306.99342670928263,15.544393715386581,2.589176081088174
1.117010721276371,98.23361277122058,-23.51304370978617,93.95567201836162,-38.119354783596684,-24.702749637312053,-11.444630548488856,0.012356236988696027,-0.055433114209824996,-307.4615306739554,285.62233709374885,16.046826645308013,2.577869176969469
1.1309733552923256,95.30706994220249,-24.63201145350727,92.0668937347609,-39.16920543345265,-19.340840464041104,-12.310272229177944,0.015781827095095128,-0.05419749051095524,-315.47298902361996,331.804265696541,16.826878010856134,2.567218318213326
1.1449359893082802,93.49090799490226,-24.876918814206483,90.16566447368126,-40.255105466256545,-15.948058944723966,-12.985212175705794,0.01602001764309752,-0.052619307801445636,-278.0131639351727,285.67297560229423,16.447343758885268,2.557371030811668
1.1588986233242349,92.8768507693221,-26.223013458590287,88.25235488353424,-41.376208129827425,-17.61965546252982,-13.71704159898098,0.014828553985884138,-0.051017306037135945,-310.1192694748329,294.7347238362062,17.310949905224348,2.5483930745224805
1.1728612573401895,89.89693964667262,-26.96216104555858,86.32733796781544,-42.531639222031814,-24.3867941891406,-14.286084650786187,0.015700305062890427,-0.049534450638547334,-286.7511792865116,247.45081302396812,17.574623530223583,2.5399476711812454
1.1868238913561442,88.17091542036279,-28.441925452854512,84.3909890123868,-43.72049777246018,-16.03832413956293,-14.822662750616042,0.020467622241783015,-0.04796442013225821,-249.29931401407896,278.0631512367186,17.63965255438472,2.5318746635836566
1.2007865253720988,86.55871492879183,-30.739167748878806,82.44368551231383,-44.941856744976604,-20.728292512290253,-15.203288249421545,0.018767183523380256,-0.04591765790807978,-242.82256640083057,212.75831712963426,17.46564900209552,2.5243640213994953
1.2147491593880535,84.65547122182127,-31.816774652550887,80.48580709827228,-46.19476376059369,-21.483384492570675,-15.300138288831413,0.02120779328184353,-0.044040939555741954,-164.69393457110047,151.83517560976148,16.60589225532078,2.5177897782425225
1.228711793404008,81.8629285416859,-34.69458297366375,78.51773546253827,-47.47824184010894,-21.613581072328632,-15.418974846915054,0.02305915602168846,-0.041920160227557624,-169.6054090679508,159.4644356777403,16.82121739701794,2.5114904495040506
1.2426744274199626,79.03175996116478,-36.089880675619256,76.53985428457666,-48.79129016592394,-17.952660528251318,-15.203177571250245,0.024576095024276576,-0.03961424462538865,-75.66558767631659,82.82581837199312,15.068253820898402,2.505866227409865
1.2566370614359172,76.47477186966591,-37.097703747014975,74.55254915624212,-50.13288486245161,-14.8690514222155,-15.008917260701166,0.02297147196543579,-0.03715663512296086,-80.1714596291645,85.29207253379047,14.740057531309944,2.5008450514636245
1.270599695451872,75.26973855099516,-38.13681625720607,72.55620750660701,-51.501979794503725,-13.00470142859236,-14.911362564692821,0.020011666442078743,-0.034859487926417465,-106.05126506763847,106.09787013356637,14.927769931228621,2.496381099402151
1.2845623294678266,73.4177255162609,-39.889880346595255,70.55121852643147,-52.89750738303562,-18.17518092558096,-14.90359749657856,0.017138372890785677,-0.03285832128220978,-144.57127342694127,112.68343274514848,15.496529731986824,2.4921505692887345
1.2985249634837812,72.55460283029909,-40.94884525191275,68.53797309228986,-54.318379437612194,-17.381411428240938,-14.832778056664763,0.018717776942868827,-0.03114448399313119,-115.25102499150977,109.97762824089165,15.231335126597664,2.488007009171834
1.3124875974997359,71.10820831440296,-43.44447687370306,66.51686369036858,-55.763488004946154,-24.028786529762364,-14.857319505623849,0.01896532297235719,-0.029272706298844486,-155.99348474816765,116.76822399120087,15.997747773416542,2.483948826406713
1.3264502315156905,70.06352710630624,-44.50093444379248,64.48828433995016,-57.23170623284656,-25.212589251154796,-14.682838387551458,0.023271813059438238,-0.027376174001608966,-92.89409290167849,77.77330917623931,15.294152046751842,2.4804117148752773
1.3404128655316452,66.75586912148134,-46.21849221883271,62.45263051659835,-58.72188924890436,-30.149323313901956,-14.628831202975253,0.026039628540760404,-0.025048992695665184,-130.5726917450265,98.17861614411301,16.12951649827923,2.477253559459213
1.3543754995475998,63.64466173549832,-47.06766675977894,60.41029907505947,-60.23287505322939,-21.586967930499355,-14.534949057138192,0.030432786226777548,-0.022445029841589026,-88.95005965513002,117.75831457006696,15.384056209045744,2.4748719510967048
1.3683381335635545,61.22991531646036,-48.259617990927644,58.361688171894684,-61.76348542454295,-18.92977695569501,-14.580704574441828,0.02759349742967206,-0.0194017512189113,-136.54347432516136,139.52270022808796,15.616558388497806,2.4731053248309744
1.382300767579509,59.4660563815867,-49.5275533159246,56.307197187858705,-63.31252683891932,-18.13828572969525,-14.68199279086583,0.024473630505125243,-0.01664240147594409,-155.63414088245855,150.4058542153763,15.837399362256713,2.472109104434737
1.3962634015954636,57.459615343592496,-50.9305772737956,54.247226650039565,-64.87879140045987,-20.252682885196812,-14.821651963430824,0.02234043271002364,-0.014195038425431683,-173.34933765535877,154.86525077659806,16.214089382230707,2.4711535039819257
1.4102260356114182,55.495178591406784,-52.83161921344452,52.18217815377524,-66.46105778317386,-19.962395381050637,-14.968221376846682,0.022522726308667022,-0.011960995154429277,-171.24649076717077,163.42263813745063,16.40265735009557,2.4702044767868743
1.424188669627373,53.805030933162676,-54.032496541838285,50.112454284361746,-68.05809218333171,-20.934812157715854,-15.025105237051825,0.02264985931888236,-0.009708722523562585,-152.33920496599978,138.70275470416118,16.149897834610556,2.4693552376935246
1.4381513036433275,51.12284364793658,-56.62937761099886,48.038458538568364,-69.66864928154811,-22.762744242274174,-15.151982883766603,0.023280299062699208,-0.007443736591674188,-172.88904095305443,155.17246399482264,16.6656121904247,2.468832406176358
1.4521139376592822,49.15905783617802,-58.28488683443747,45.96059524597514,-71.2914732138446,-19.193852361062625,-15.060054363191671,0.025051418340158452,-0.0051157066854043975,-105.40436483468083,112.10687454192386,15.544319091891472,2.4686260457426923
1.4660765716752369,46.61726533434685,-58.870821997937504,43.87926949014802,-72.92529855093444,-21.364629364241807,-14.979309490514593,0.023771234539453446,-0.0026105648513885527,-120.17490062778967,101.11450230761879,15.563348618064687,2.468782563933616
1.4800392056911915,44.08177025296269,-59.160603751322704,41.79488702966702,-74.56885128496641,-18.01504843813545,-15.117045385630734,0.024103113149351794,-0.00023344139744319037,-163.32379962008045,169.29402430997098,16.42204177347823,2.4694125921962438
1.4940018397071462,41.85270094234151,-62.57577927712843,39.70785421902279,-76.22084982295773,-16.830160483225537,-15.50357739412838,0.022123769196332257,0.002176869917491775,-233.32003546660795,229.77089486578106,17.6120168492054,2.470208040926144
1.5079644737231008,40.03997526610896,-63.30445762223739,37.61857792939699,-77.88000598614175,-17.077388065636885,-15.459207387839475,0.020994414433084287,0.00438924683712516,-129.28497468842517,119.15822390926284,15.879142069067303,2.471327626122006
1.5219271077390555,38.545929037997695,-63.77148959970429,35.527465469341976,-79.54502601445105,-18.575243010327146,-15.60675919232274,0.020314934903302734,0.0064886882804335855,-181.29033148366787,165.41812746562582,16.855824108244825,2.4725381974446248
1.5358897417550101,37.373932016627286,-65.50115528875696,33.43492450537513,-81.2146115753525,-21.32068712388848,-15.972610630406052,0.020763930643568233,0.00852018177076408,-241.85980372836522,219.99585369122892,18.17649227958547,2.4739231822531997
1.5498523757709646,35.2513541346226,-66.71173926387753,31.341362982503558,-82.88746077624802,-25.520208545436688,-16.253957188301026,0.023110406339870677,0.010596574835120887,-226.89445880530408,197.8216051878846,18.403138527322728,2.475526448654409
1.5638150097869192,33.81100233948993,-68.71594107504822,29.24718904469424,-84.56226917965128,-23.854277675259898,-16.575463658509694,0.02732035026846398,0.012907615469107903,-226.39737823005743,223.49515173060112,18.833252950593742,2.477460173775194
1.5777776438028739,32.160505320576696,-70.24858203522321,27.152810955305775,-86.23773082034872,-28.365275340450847,-16.761926894533918,0.0289616244294075,0.01563965049595417,-208.15331397787398,177.03686397347238,18.74418918990474,2.479913882352753
1.5917402778188285,29.203125976625497,-72.92381118670964,25.05863701749646,-87.91253922375198,-29.291462880854414,-16.93753608386147,0.033072411829485296,0.018535812938894836,-198.97972833220336,183.58526722099984,19.03817000009384,2.4830741444687194
1.6057029118347832,26.257308782509956,-74.7217872651298,22.965075494624855,-89.58538842464752,-24.70582446584341,-16.87084054379291,0.03637648482091962,0.021843054121843508,-125.20752502244223,134.86810634862627,17.79104915039464,2.4866847635463944
1.6196655458507379,23.35502867337936,-76.31834309443896,20.872534530658008,-91.25497398554897,-22.072942299710014,-16.790430996502796,0.035015236804001454,0.025480702603935423,-124.89631354296988,126.27476919056774,17.387985992507943,2.4909938103263625
1.6336281798666925,20.70807593099527,-78.1017750403479,18.78142207060299,-92.91999401385826,-18.942011380734503,-16.738179000552293,0.032394902217486234,0.028982226284335777,-130.23318660442538,134.2898845822251,17.22012458164038,2.4959221849275166
1.6475908138826472,18.62174692541674,-79.29121202019772,16.692145780977196,-94.5791501770423,-17.4150081690773,-16.669926697595113,0.02883411766065895,0.03222171650608452,-129.36531942933496,126.52336328399748,16.959704784139927,2.5010053833319685
1.6615534478986018,17.150446497545747,-80.86190665444266,14.605112970332968,-96.23114871503361,-18.29467174646573,-16.703561406719526,0.025720284288940645,0.0351051282721504,-160.74700775347736,147.11484647964454,17.409618133496767,2.5061199871251048
1.6755160819145565,14.691098924989321,-83.61652485373133,12.520730509851965,-97.87470144906558,-21.612305832491824,-16.738585971577706,0.024630631414391202,0.037677156701044545,-167.37068400944963,142.42761850136108,17.63149048863017,2.5111749106065213
1.6894787159305111,11.643536643002168,-85.51970267111685,10.439404754024842,-99.50852678615541,-18.52157149418348,-16.544765522111227,0.026511039165826047,0.04014021984248384,-94.42839393137034,98.3741170690347,16.45091574179334,2.5162182854009663
1.7034413499464658,10.182825063160731,-87.24119965610143,8.361541461431614,-101.1313507184519,-14.533176063913796,-16.339162348146726,0.02533709147213126,0.04279132375906647,-87.17862391873885,95.75456914500971,15.952900900015416,2.521456452690433
1.7174039839624202,8.914065563650041,-90.28135929273641,6.28754571563827,-102.74190781666829,-19.609204275881343,-16.14346710412919,0.021927530336653712,0.04532503290627954,-108.47712335820647,76.16193160998267,15.982651678438689,2.527190838971367
1.7313666179783749,7.0708605567318585,-91.97564226964207,4.21782184622478,-104.33894221682615,-22.203709065045405,-15.70632692290575,0.0234809420977986,0.04751778593994471,-39.55278755860973,17.99381961844139,14.82128006351394,2.5331209383641538
1.7453292519943295,4.735539873271052,-93.33178983728116,2.152773349960455,-105.92120859954012,-22.561171736624697,-15.325092935372153,0.025579282598157966,0.049865880149724706,-44.881456705518836,33.41678623847771,14.787373060655327,2.5390286415935925
1.7592918860102842,2.3330139504757597,-94.40684884336007,0.09280281214130781,-107.48747316108069,-21.04362218193556,-15.052846033938629,0.026511187062075472,0.05242380840954031,-65.00232252534516,62.2571926647395,14.897596376009236,2.545416234822288
1.7732545200262388,1.341753190276522,-95.89920012992977,-1.9616881718947,-109.03651457545708,-19.892369881367927,-14.919961477097198,0.025730391899628252,0.05507492711574802,-99.05486890666629,94.96636488828379,15.247018913636424,2.5523447522019094
1.7872171540421935,-1.2031593892750516,-96.47848431127034,-4.010299075059482,-110.56712494677063,-26.34021944057649,-14.80610422342763,0.02448907805720527,0.057647966305710785,-120.15887863515826,81.46932008233132,15.613855445833499,2.5597046605765716
1.8011797880581482,-3.7652267788879614,-99.10195694150053,-6.0526305165983665,-112.07811075109566,-21.418246146169434,-14.896435771049086,0.027352921412633156,0.060096874111431386,-146.2178740778441,158.78695577091082,16.33602507579001,2.5673323874798357
1.8151424220741028,-4.638783312914123,-100.26153257435884,-8.088284339950167,-113.56829376715345,-20.473758564172645,-14.75429725311522,0.026295997344015023,0.0628321662526945,-95.66934960368019,90.65453063875697,15.098467731180499,2.5751901845112712
1.8291050560900575,-7.1314236266481705,-101.63389436384617,-10.116863690368593,-115.03651199505387,-27.420458741708785,-14.68155012327375,0.02497501665531454,0.06546176598709597,-130.36732096963317,89.38841583454838,15.757835558978696,2.5836974967067383
1.8430676901060121,-10.422541119665283,-102.52061109859703,-12.137973092289872,-116.48162056238783,-22.415684379976096,-14.638519291833877,0.028257260615951112,0.06795926765262728,-110.59012207131931,123.44746774637184,15.669094128850517,2.592471823202248
1.8570303241219668,-12.573621838143342,-103.6211964678014,-14.151218526431482,-117.90249261696441,-17.558874485559773,-14.719301733731497,0.026944234082280645,0.0707849937142222,-141.7377735792821,154.6314017580275,15.827359673957645,2.601497002177742
1.8709929581379212,-14.533029133338765,-104.68722684413828,-16.156207506606993,-119.29802020549627,-18.930444319714837,-14.841528274039696,0.023390096871871484,0.07347941712245021,-167.20760818829237,152.1926880206193,16.0809739311596,2.611244289803231
1.8849555921538759,-16.076849549535954,-105.72908566314516,-18.1525491562421,-120.6671151375484,-18.952041561680385,-14.997288253277771,0.022315304756847877,0.07581842680963735,-174.30979138029173,165.23150442501665,16.38468049935865,2.6212658047598785
1.8989182261698305,-17.255383975842317,-107.07689285632289,-20.139854284576653,-122.00870983407606,-21.67364939136273,-15.17547238473097,0.02183262995979112,0.07804995728532216,-187.79046197457396,166.26501859341423,16.778980023342324,2.631349815869424
1.9128808601857852,-19.796945869610276,-108.44435058995539,-22.117735462538246,-123.32175815989106,-25.217822981315063,-15.299848215696894,0.02340740916908627,0.08023322028130142,-177.673226264868,151.92082085668787,16.956948744135758,2.6417573934359235
1.9268434942017398,-21.536848903191085,-110.94650884872468,-24.08580709827228,-124.60523623940634,-20.893626810978756,-15.389336230724204,0.026579580701599506,0.08257396119820992,-151.87660225763915,161.63370568581283,16.720303693813392,2.6525616618130616
1.9408061282176945,-23.94864155222072,-110.96830561443065,-26.043685512313846,-125.8581432550234,-23.640030896661987,-15.214104200015495,0.025989246945376493,0.0852319192683697,-100.11389466104761,78.0327878966035,15.577818104228886,2.663983075420409
1.9547687622336491,-25.859281247775964,-112.1412462813778,-27.99098901238681,-127.07950222753985,-20.538983169259723,-15.30873477537851,0.02693757471472371,0.08783084396290741,-154.8553619964899,159.2686143593121,16.610575826712708,2.676196896486751
1.9687313962496038,-28.689607612480636,-113.29976784193195,-29.92733796781545,-128.2683607779682,-22.104964473657045,-15.385398592267004,0.025655708845578398,0.0905246014343799,-161.4698652343703,144.88374449312877,16.632285094465974,2.6888432262868434
1.9826940302655585,-30.90884973574868,-114.9458418176467,-31.852354883534257,-129.42379187017258,-16.803160056864204,-15.458498685281715,0.02598612344192574,0.0930901723189379,-145.75046816596358,160.38041255363297,16.43128482997718,2.7020931227569953
1.9966566642815131,-32.48499805762504,-116.59123022714589,-33.76566447368127,-130.54489453374347,-17.213019794910547,-15.417841822293163,0.023053619775713415,0.09568878466313047,-129.8125603721946,118.96896170062715,15.858494130478944,2.715741604742089
2.0106192982974678,-34.924980136961146,-119.18786421644626,-35.666893734760905,-131.63079456654737,-18.868706136899533,-15.269515801279228,0.02178544911540072,0.09799414664070172,-104.90345835929185,88.31043716646991,15.372473958968756,2.7299687853789547
2.0245819323134224,-37.65277796342271,-120.60101178256753,-37.55567201836162,-132.68064521640332,-14.802127660082313,-14.875292518553577,0.022250099854419426,0.10017269155224184,-27.385026987434028,36.849743498914314,13.74684250610549,2.7444680978096514
2.038544566329377,-38.05709125935789,-122.0686878375709,-39.43163110341463,-133.69362784135487,-11.574209119045838,-14.496067395327447,0.019778320434598304,0.1023977015376838,-29.26775907271745,35.63207773565479,13.212907089527093,2.7594265240077047
2.0525072003453317,-38.61674800497457,-123.89340559633686,-41.294405267979286,-134.66895254802228,-20.68802997192973,-14.069980721591392,0.016386074309372514,0.10437553358114382,-42.06883073660751,-7.500016128568214,13.009491641254185,2.775038691176281
2.0664698343612864,-40.402352798274485,-125.80598237336486,-43.143631360541306,-135.60585880753771,-24.118370355510876,-13.542750937165696,0.019591792667093186,0.10601414101208118,-0.12039986498741244,-24.475125085938114,12.556840093728848,2.7910330570425383
2.080432468377241,-43.24980683764346,-128.15906114783098,-44.97894887080993,-136.50361604858287,-22.75464367809692,-12.942595066543467,0.022856368089009187,0.10797332027879047,34.503086910191506,-37.360561350390746,11.6354887246005,2.807340374693533
2.0943951023931957,-45.79904382543459,-129.31215886948019,-46.800000000000026,-137.36152422706633,-16.962799855871175,-12.245298671583193,0.023465490078098655,0.11025895708769129,75.52054035860336,-57.62031011413115,9.863528689811417,2.8246438638547993
2.1083577364091504,-47.63313163755363,-130.00984574267545,-48.60642973058576,-138.178914371997,-14.825464801792627,-11.627307665904805,0.020263569269976023,0.11260550609550135,53.51037941642814,-51.23614569090054,9.300578947670601,2.842973359511736
2.1223203704251046,-49.99043956723053,-131.51311861016313,-50.39788589551185,-138.9551491071275,-15.436714698393311,-11.114719192335972,0.01701633786801473,0.11463186302249895,25.500832190237674,-35.245880693532015,9.362815729735122,2.862087668559396
2.1362830044410592,-50.86863173258473,-132.44630237014408,-52.17401924684947,-139.68962314796116,-11.625808958598011,-10.587329020095714,0.015243037487408743,0.11633349680930039,43.71722456647346,-33.05253430529896,8.463051853431859,2.8816302895708925
2.150245638457014,-51.92687602894342,-133.3704237500898,-53.93448352388252,-140.38176377373438,-17.760916341669635,-10.087327155317423,0.012321499366714837,0.11785780055804107,18.74295292715177,-52.88403548526431,8.50711436940136,2.9016213593093263
2.1642082724729685,-54.47821219233388,-134.37836247657154,-55.678935520612,-141.03103127400726,-19.156425689281193,-9.609200192582815,0.012970557113331234,0.1190899504947125,27.7802135631244,-40.827995998072105,8.530114774404922,2.9222327805987556
2.178170906488923,-56.715353934539095,-135.91678578277862,-57.40703515266473,-141.6369193695135,-13.9027884117178,-9.167486805069647,0.013502507807894651,0.12038700620604548,37.940344317658734,-20.49515627763879,7.82717395367168,2.9433738166719934
2.192133540504878,-58.00754961184428,-136.1800921584142,-59.118445523593394,-142.19895560694178,-12.359640838874887,-8.681837512467391,0.011580078043716288,0.12173725698683491,45.1714202651976,-43.79702061033274,6.72610636884444,2.9654248813233823
2.2060961745208325,-58.287789166594514,-137.88681579805353,-60.812832990555194,-142.71670172734062,-15.30419260913701,-8.283932141460221,0.009653084811745143,0.1228952647912065,16.613502413558003,-35.36729054610886,7.113148352976491,2.988396526217891
2.220058808536787,-59.177802091779505,-138.61095827990545,-62.48986722935622,-143.1897540078595,-21.142006650862164,-7.760751365932871,0.009517968683031177,0.1238605732723812,45.44414897486654,-77.68309917896536,6.765989484366892,3.012064073125415
2.234021442552742,-61.20383725394718,-140.40886705000784,-64.14922129884874,-143.6177435765598,-23.065617891979624,-7.25232848776246,0.010943018433731612,0.12481237014068425,54.93419584061397,-69.80907428212237,7.055700386156657,3.0364458589905903
2.2479840765686965,-63.67668693934167,-141.11411889255623,-65.79057170466908,-144.00033670005007,-19.356560867812448,-6.669393807681011,0.011939307432637495,0.12590667198405736,91.64010242854555,-80.7380105086335,5.825528917498699,3.0617373811114272
2.261946710584651,-65.4430353068823,-141.71577764920698,-67.41359846230345,-144.33723504372134,-15.77392054713566,-6.156761940202144,0.010902840473391281,0.12710060272732093,78.89122251442784,-67.7857298411697,4.934874411202973,3.088107913764547
2.275909344600606,-67.18394699308409,-142.5925251624054,-69.01798515946963,-144.62817590437928,-15.963669767252568,-5.6831562627519645,0.009033643812575981,0.12819088677465995,64.99001013747358,-70.4393218473433,4.611109415882997,3.11552417237665
2.2898719786165604,-68.50415447548384,-142.83872025703587,-70.60341901780208,-144.87293241509252,-14.594204198813374,-5.214092801128065,0.007768360132530253,0.12909425115591766,71.4822612158991,-69.59848420987754,4.110115103733349,3.1393971526431894
2.303834612632515,-69.69567145769399,-143.12286088648628,-72.16959095382873,-145.07131372209642,-16.396509376013178,-4.7854061042811935,0.006467272771521756,0.12987108716917062,58.03815124632058,-70.2838570090029,4.291840882070586,3.1103684428812066
2.3177972466484698,-72.5718064203275,-144.20544429536199,-73.7161956392275,-145.22316513361523,-17.585771816269627,-4.381112255667328,0.005842498476118653,0.1305178144463226,56.79043264321476,-66.28258836580116,4.536065765043926,3.0805200204382404
2.3317598806644244,-74.7735059306561,-145.02243929364232,-75.24293156035047,-145.32836824048604,-9.048756423392208,-3.9906764399168413,0.005444551598785463,0.13110206429393445,79.02351604813109,-43.93015862125817,2.8975623720975676,3.0498672304059156
2.345722514680379,-75.79318494297222,-145.81339312658437,-76.74950107700481,-145.38684100849073,-7.796800537996102,-3.614957639998268,0.0035845396319278576,0.13164651945381323,62.63562197429412,-59.5572512095694,2.0093146662924943,3.01836120250808
2.3596851486963337,-75.73797772968476,-146.83770502721097,-78.23561048047816,-145.3985378423237,-10.234729502746893,-3.18319392804509,0.002318772408114008,0.1320049734170059,71.91498242793283,-85.3986590816676,2.477407397490407,2.986005581914382
2.3736477827122884,-77.04118908073123,-147.39427072147112,-79.7009700507977,-145.36344962114575,-16.905522259306995,-2.5920116107279614,0.001974436485986617,0.13223685065781732,106.87522496998999,-139.89661402986297,4.228325571607824,2.9529809402819787
2.387610416728243,-79.65977593976083,-147.89658533433632,-81.14529411321175,-145.28160370569628,-14.777172339007082,-1.9811150621947358,0.0022763218147577625,0.13243429430641607,136.96752725900728,-130.32942281567776,4.615954943148259,2.9192705909243566
2.4015730507441977,-81.88400857501006,-148.8107155483081,-82.56830109388258,-145.15306391695822,-8.528942977505846,-1.4222207370936601,0.001827536647241893,0.13266192648789188,138.73257642089607,-112.64051793243766,3.99830318257274,2.884833667146566
2.4155356847601523,-82.21865085676741,-149.2976456557929,-83.96971357477979,-144.9779304863922,-5.488395481586893,-0.8056568943769743,0.0009701958638155659,0.13284468015261597,151.68516066595282,-139.1650731078285,4.363531445619491,2.8496653269060843
2.429498318776107,-82.90582536346203,-149.5004296045965,-85.3492583477635,-144.7563399777793,-11.783956006668499,-0.10860120647861748,0.00029250725279802146,0.1329416997389976,156.7311235116328,-186.28414679855445,5.515810051464731,2.813908659063298
2.443460952792061,-83.55894205369104,-149.30691317215468,-86.70666646784669,-144.48846518073248,-12.789262973682616,0.6036342763709084,-0.00016519544120667908,0.13297095046427732,178.5686828109406,-184.44008900720914,6.290165378339312,2.7776802766318447
2.457423586808016,-84.38941592346612,-149.84777492174368,-88.04167330562692,-144.17451497596065,-16.048358260758086,1.2691686213072042,-0.0007977332233909217,0.13295443092015669,167.71948800202975,-183.73231427353724,6.814425193762004,2.7410449513506556
2.4713862208239705,-86.10100295576204,-150.10818374392335,-89.35401859887595,-143.81473417238962,-16.79783813471904,2.0118667558619743,-0.0015523969660156893,0.1328746575978177,199.07479734601793,-203.7387228800511,7.813121041431079,2.7040694024636878
2.485348854839925,-87.14526218964657,-150.25703779596097,-90.64344650327858,-143.40940331626757,-13.698797032158986,2.7422768384206,-0.0024898869638312793,0.1327194179012161,211.32970206413648,-198.12474286811565,8.093667438208637,2.666864593163913
2.49931148885588,-88.32828336417732,-150.23462156401789,-91.90970564231,-142.95883847240347,-15.589827313202644,3.4779810264721114,-0.003123186555373103,0.1324704292048331,208.00037365616,-216.8942993127383,8.715711949118242,2.629539574540088
2.5132741228718345,-91.25297024718525,-149.4380953007866,-93.1525491562421,-142.46339097770922,-14.85682489426075,4.187792918380721,-0.004137421570409673,0.13215811054929594,213.8167036885218,-210.61485300108606,9.146888282802282,2.592211288555016
2.527236756887789,-93.1073669348738,-150.12040335876932,-94.37173475026927,-141.9234471672378,-6.026386070623344,4.686853071661051,-0.005194105202606178,0.13174436839225478,184.49011493065672,-143.75893297413342,8.136131058233111,2.554948182244268
2.541199390903744,-93.68450652270242,-149.88078694728497,-95.56702474174425,-141.33942807293073,-4.7691990830526345,5.312745686729949,-0.004267824345395773,0.13122495787199417,204.8253791354032,-197.33393667728552,9.118960658836452,2.517885796109219
2.5551620249196985,-94.04005079620677,-148.78647278508097,-96.73818610651492,-140.71178909531005,-8.240423219925871,5.928404212834926,-0.003634585593253725,0.13079817543745476,197.2103763761883,-210.92233444761902,9.664133722694134,2.481122830499359
2.569124658935653,-95.14432108565248,-148.63393074618676,-97.88499052435263,-140.04101964837065,-11.61472446616777,6.395445509023841,-0.0043565800460991,0.13043471687812946,164.570726759129,-178.04123333802323,9.553350829916738,2.4445509953986164
2.5830872929516078,-95.79031717488641,-148.36366387944045,-99.00721442346389,-139.32764277795002,-10.047672387429614,6.888325518664433,-0.005729461274960483,0.1299990588735196,186.46742161379936,-177.55419497059626,10.076157039618616,2.4082838624842466
2.5970499269675624,-97.6369966917501,-146.83955460813831,-100.10463902407598,-138.57221475387288,-12.741334220215538,7.402976364833114,-0.0062377895093052235,0.12942611274602367,186.74810461378317,-196.91405498213047,10.699806026137686,2.372534402460068
2.611012560983517,-98.9408656136693,-145.69074859256745,-101.17705038108862,-137.7753246361886,-8.106007622229498,7.684741956366167,-0.007732849945585894,0.1288023337950932,148.00593634742015,-124.73125152668564,9.730994045203747,2.3374374861940392
2.6249751949994717,-99.28673846229424,-144.34628466652774,-102.22423942578284,-136.93759381583988,-8.697152372762691,7.86402061259912,-0.007355369716521341,0.12802904880053445,112.37275094259606,-112.26985060929529,9.348703767657934,2.3029681788902368
2.6389378290154264,-100.26421473624859,-144.38093092640827,-103.24600200657953,-136.0596755301209,-12.56327083836209,7.956124061435405,-0.007473259390845561,0.12729351182888227,84.04742225886987,-98.95107263786267,9.183880377742723,2.269278063359554
2.652900463031381,-102.17784480448262,-143.37482045048012,-104.24213892883905,-135.14225435330252,-10.546431747392253,8.190754311024982,-0.008660657896524706,0.1265461858897976,134.7717889482185,-123.21800007721379,10.058679123247222,2.236224068716682
2.6668630970473357,-103.63324131262806,-142.451947142384,-105.21245599369463,-134.18604566282164,-6.230177302086094,8.356397822215865,-0.008824257315618703,0.12568012010014495,124.42626189078935,-101.94766555849509,9.676902767311388,2.2038912837538573
2.6808257310632904,-104.4910645259177,-141.04948337360491,-106.15676403591193,-133.19179508145177,-5.0468048246896435,8.495805741019181,-0.007557386749716581,0.12479769436858312,112.28079795204353,-103.47747225989268,9.597842628763896,2.1724138553773065
2.694788365079245,-105.72951501633544,-140.78306030219883,-107.07487896076707,-132.16027789588844,-6.141861365480799,8.554036019105668,-0.006572207168369916,0.12404195569361143,87.63512640934907,-89.0418774399008,9.257109217180087,2.1417086663256377
2.7087509990951997,-106.3327311882448,-140.01744295642212,-107.96662177993629,-131.0922984522042,-3.315339356237261,8.726600938189904,-0.006307987684802832,0.12338473497677427,126.605802108237,-110.16977237564969,9.945627778328525,2.1116445331691542
2.7227136331111543,-107.4788823788613,-138.74500511182126,-108.83181864639015,-129.98868952864365,-5.606405316990205,8.93471310491082,-0.005176576829820894,0.12275393620829389,125.82091462890003,-132.3597553471715,10.33544065043372,2.0822547018714124
2.736676267127109,-107.66574242398694,-138.4303578853519,-109.67030088828518,-128.85031168624803,-3.2116495241481826,9.079285920755662,-0.005462624051037976,0.12223627852531171,122.0375841315792,-107.33031202413038,10.13445968315665,2.053610218000869
2.7506389011430636,-107.9345636384069,-137.9641097837215,-110.48190504184699,-127.67805259781568,-6.955139653836444,9.363424781828765,-0.004638007350783303,0.12169001612020791,145.35495554180207,-158.37276961370713,11.114982720931762,2.0256178639104085
2.764601535159018,-108.73553942054464,-137.3799974693667,-111.26647288323771,-126.47282635572134,-7.893344137802945,9.746723686968247,-0.005523470313140585,0.12122621538512979,179.70735592996084,-180.26387387168734,11.964581649118385,1.9984081151905642
2.7785641691749725,-109.77689351966455,-136.1891566375168,-112.02385145940217,-125.23557275913451,-6.872970161759394,10.185760402458229,-0.006413049623851971,0.12067386835381555,201.86284809390827,-193.40104672831683,12.581734681966308,1.971854518916901
2.792526803190927,-111.14161101830317,-135.6494113451361,-112.75389311788625,-123.96725658119237,-5.5478310883805575,10.555745669109005,-0.006673690236958981,0.12003256339143054,188.74351173598455,-178.5420392283391,12.579243522350415,1.946109200991815
2.806489437206882,-111.35552504667244,-133.81048107650545,-113.45645553562214,-122.66886681669865,-1.9769178796336564,10.989424429142053,-0.006282302890407957,0.11936519436773452,213.7057530877147,-192.8594472587149,13.185334330008804,1.9211507720486791
2.8204520712228365,-110.579967815669,-134.62080225275884,-114.13140174667448,-121.34141591093517,-6.249040108979706,11.261100076379703,-0.004735441334453661,0.1187369640786935,158.2477335220933,-172.640837558245,12.774313193156512,1.8968921446294846
2.834414705238791,-112.31316267555322,-134.8609949714032,-114.77860016894205,-119.98593897018762,-10.968275514163778,11.945284328078612,-0.0054290138296089465,0.11826341994524814,265.74421096131084,-282.6582688545773,15.225233559374464,1.8732420027563021
2.848377339254746,-112.65774405506909,-133.52956837734186,-115.39792462981008,-118.60349295460065,-2.0379125738242454,12.8114519397353,-0.008038626270268122,0.11772051856228716,349.66820062172445,-304.38545353464303,16.547571669002345,1.8500571851023544
2.8623399732707004,-112.64162145352462,-132.2946489831586,-115.98925439074783,-117.1951558539923,-6.829177473089815,13.536256078180978,-0.005365545193213296,0.11691665593526057,290.0470933573937,-305.99353899835137,16.67069265506665,1.8275329862213736
2.876302607286655,-113.02536874289734,-131.17308967213174,-116.55247417084671,-115.76202584726984,-8.10090462275165,14.178878076194813,-0.006622313733371746,0.11638010141593913,283.45463426127066,-283.6117033704533,16.988890391367814,1.8058314413359744
2.8902652413026098,-114.30139323015189,-130.08169375305073,-117.08747416929465,-114.30522044610292,-8.23744648454562,14.772733932200492,-0.008233583942840328,0.11571787004260203,279.10791152237874,-273.9476227826133,17.350092585389174,1.7843941598984845
2.9042278753185644,-115.45006650718864,-129.05849198219917,-117.59415008678194,-112.82587562352165,-3.810783370228875,15.313963591022254,-0.009418537836947237,0.11489451164831799,281.2227533470313,-254.90160018842627,17.567171287269574,1.7635836769897963
2.918190509334519,-115.11660580528083,-127.10166700756174,-118.07240314583449,-111.32514492811895,-1.6840704118752483,15.834488665430044,-0.007527912619388023,0.11395265786462305,275.7177262485952,-259.0682285760022,17.926188863973298,1.7434048482359357
2.9321531433504737,-116.39675345579252,-125.21937425730684,-118.52214011007085,-109.80419858454802,-7.168732474019942,16.180607969748415,-0.005378120320999357,0.11319986660268411,218.43445087497653,-236.1245424274304,17.629522901833123,1.7237844512244447
2.9461157773664284,-117.81165284521398,-123.58605161360673,-118.94327330237873,-108.26422258101644,-0.690611179776714,16.368569856462447,-0.00792970098599785,0.11266205457058431,208.09301481302418,-171.57662324392257,17.14531806923017,1.704384457863732
2.960078411382383,-119.03732950300623,-122.22726583504044,-119.33572062200788,-106.70641774448822,2.2895879225346514,16.48302930897341,-0.005190152119344061,0.11186908447198451,183.05477955477224,-161.57489336573917,16.948298502910376,1.6851486909610793
2.9740410453983377,-119.1774406791961,-120.78520202553534,-119.69940556057576,-105.13199880431499,5.854231707445751,16.599678292154632,-0.0017219792253598864,0.11135006926004998,186.4785676155722,-161.85178378776544,17.10808287207586,1.666517301951889
2.9880036794142923,-117.71351300712325,-119.21940985223078,-120.03425721698291,-103.54219344502667,3.414325035163515,16.727029456604992,0.002569209832574486,0.11117787133751378,177.13167661068425,-179.46788146776066,17.2642833470411,1.6479315106875632
3.001966313430247,-117.42648479548845,-116.64398473595841,-120.34021031123554,-101.93824134901995,-5.3117670153336025,16.875486279344294,0.0033300409271217386,0.11143479232077125,169.57868133797737,-201.00158481177073,17.479654560768555,1.629289132360098
3.0159289474462017,-118.42507795084221,-114.39385120818508,-120.61720519717169,-100.32139322989127,-5.538749315762044,16.81593546727368,-0.002337813642013667,0.11176779641348356,136.31252813492364,-129.9388928307969,16.631526994105286,1.6104788986034855
3.0298915814621563,-118.14994675395646,-112.17685024627391,-120.86518787408944,-98.69290985716802,-1.6754553422824316,16.632823957870915,-0.005695188785811202,0.11153401504928206,112.74568434612628,-87.69092944170302,15.889420875085637,1.5918252320824422
3.043854215478111,-119.41454902640541,-110.74642011902955,-121.08410999727467,-97.0540610731983,-6.200046834225288,16.3859225335888,-0.004979160587791154,0.11096449617070103,75.37814803420687,-88.3022536233183,15.404806597673751,1.5739427289839822
3.0578168494940656,-120.27902035836694,-108.3660785954373,-121.27392888742564,-95.40612480296612,1.4661148252495746,16.20335992623942,-0.00749002879589032,0.11046658011192179,117.39048161026321,-75.20090270060187,15.452571108123246,1.5565723878636213
3.0717794835100203,-119.85505792619558,-105.72648759684651,-121.43460753897365,-93.7503860576039,1.9563644262868156,15.906844325507,-0.003951825161866485,0.10971757723233289,70.24137376023666,-59.944550505581645,14.661304515371796,1.5392792044659673
3.085742117525975,-119.3202294326001,-104.48696402460202,-121.56611462729715,-92.0881359323795,-1.8961317034553573,15.49933433928651,-0.0018435561661254468,0.10932239471614613,29.41933522588997,-39.088849433695195,13.74526650007393,1.522358458760051
3.099704751541929,-118.01708327740174,-102.2861480533097,-121.66842451482874,-90.42067059993896,-3.735985420591449,15.252442042018359,-0.002975565062568297,0.10913803909953357,71.63248881427573,-72.80427732936809,14.260947754371795,1.5051780479871644
3.113667385557884,-118.50116630351255,-99.45607968316341,-121.74151725605314,-88.74929029958986,-10.908649397480687,14.981752149966434,-0.004731629095265762,0.10884048259327672,50.80846883762375,-76.78552282468016,14.039869169824131,1.4878539402297344
3.1276300195738385,-120.31959044021377,-98.1619366161394,-121.78537860139564,-87.07529832341416,-6.581596614383313,14.550572907122808,-0.01012492811133078,0.10836731968375002,32.705391741840174,-7.116367521562038,12.808973319336761,1.4706832613854681
3.141592653589793,-120.53178236126487,-96.31044570133548,-121.8,-85.40000000000002,1.9136993454927254,14.228475505998075,-0.01026356775540774,0.10735482687261699,66.1897654343276,-21.09667299813775,12.847514882617007,1.4537015899272987
3.1555552876057478,-120.06588064871015,-95.58085822729397,-121.78537860139564,-83.72470167658588,-0.17635370816303197,13.92807508296515,-0.005396735811815664,0.10632847009707636,45.18650838987498,-47.553995219946124,12.64802182911582,1.4372458473879082
3.1695179216217024,-119.97288609722352,-94.48110728189988,-121.74151725605314,-82.05070970041018,-1.2414172290901784,13.853216315026524,-0.0037197097656942396,0.10578879651589457,103.22251949737993,-101.32360382473607,13.633513017538935,1.4207637407894067
3.183480555637657,-120.00320661272387,-93.24467474946535,-121.66842451482874,-80.37932940006108,-0.6743213227044961,13.89734857031293,-0.00328143917315493,0.1054168255393253,137.0125307540102,-127.81793427873859,14.2033443228802,1.4037278210815174
3.1974431896536117,-120.70880121496039,-91.98379561797381,-121.56611462729715,-78.71186406762048,0.042128104853534354,14.012467382949147,-0.0026574189412733656,0.1050886816220098,156.1140354939417,-146.13568105670564,14.616609311887679,1.3864300434725614
3.2114058236695664,-120.52552187246066,-91.55419639837676,-121.43460753897362,-77.04961394239608,4.5241048083979445,14.167329288646096,-0.0018745566140079542,0.10482293972788259,176.12892404902362,-148.7439600576569,14.951808490585321,1.3689670879334788
3.225368457685521,-120.68257845929111,-91.0440413821787,-121.27392888742564,-75.39387519703386,3.279835440649309,14.537368411642326,0.0013150406917648797,0.1046354840664816,220.2027285563623,-218.35954163051937,16.177641805610033,1.3512929698286467
3.2393310917014757,-120.28293671489038,-89.59405461959602,-121.08410999727467,-73.74593892680168,6.15073447710232,15.064538494618871,0.0025641945057970185,0.10476698813565788,273.6715385500195,-252.977229145854,17.302762095478165,1.3333641410273858
3.2532937257174304,-120.63399466048686,-87.87802183554871,-120.86518787408944,-72.10709014283196,4.1476219125388525,15.532965626267528,0.005009950241536821,0.10502340758623774,252.4838999392813,-253.48174354969902,17.49665519532224,1.3149119745298785
3.267256359733385,-119.40368212231478,-87.02223268889522,-120.61720519717169,-70.47860677010871,8.165497758031556,15.879581825346744,0.005109509175363802,0.1055244026103912,239.26854699049477,-212.7429503942167,17.39942316588509,1.2961022423059418
3.2812189937493397,-118.48117244045869,-85.6281173428499,-120.34021031123554,-68.86175865098005,1.8133166703229806,16.338101248341495,0.007901087192205992,0.1060353535279277,247.7505969124382,-268.02372114436366,18.18460619123862,1.2767866710317888
3.2951816277652943,-118.55270965953828,-83.71169082314653,-120.03425721698291,-67.25780655497333,1.0988187447251687,16.76337262312491,0.0053963455880347965,0.10682546224714828,256.1007423716002,-251.215609639842,18.435845268558907,1.2571709136379763
3.309144261781249,-118.56866939330796,-82.81117518112724,-119.69940556057573,-65.668001195685,3.575579682008917,17.028296773729636,0.0034370224176594505,0.10736509680595185,225.6821459038999,-206.07886210858211,18.080089791304108,1.236956445810998
3.3231068957972036,-119.03752128319715,-82.54372048916579,-119.33572062200788,-64.09358225551176,5.084741084100504,17.375137265622307,0.00415933875431536,0.1077087990477179,246.9309002404731,-231.29503681435563,18.73330329964528,1.2166432323174252
3.3370695298131583,-118.47093064891762,-80.73744604317936,-118.94327330237873,-62.53577741898354,9.787214755452746,17.911927876368043,0.005852357871462067,0.10812473292314939,306.4706808329724,-275.834221183857,20.0081650478384,1.196146745452988
3.351032163829113,-116.89882843439698,-78.52434125579994,-118.52214011007082,-60.99580141545198,7.077320429894035,18.285241072018028,0.01012176012030985,0.1087099687102957,252.76211044670708,-255.19048060930422,19.741711045813354,1.1751685607823905
3.3649947978450676,-115.28685196571031,-75.82322444909977,-118.07240314583446,-59.47485507188105,1.801760211404419,18.459538571140985,0.010429799345838953,0.10972214472232666,199.26990600476483,-213.6620782380317,19.08560194163763,1.1535811378471186
3.3789574318610223,-114.51083588742704,-74.26038324716905,-117.59415008678194,-57.974124376478336,-2.7580408281578057,18.37690756262362,0.006496802247176528,0.11076512465691035,136.00693671211627,-147.7718874830542,17.997610897615136,1.1310962475530433
3.392920065876977,-113.95723820230828,-70.62484327963624,-117.08747416929465,-56.49477955389707,-2.389211718038232,18.300515578738047,0.0009869315546972837,0.11141480488162792,147.44361630811028,-137.29653481971718,17.951482931000008,1.108079431661646
3.4068826998929316,-115.16789412551854,-68.84237405382383,-116.55247417084671,-55.03797415273016,-3.794663918736374,17.820294939859643,-0.002139468516074754,0.11151349803709776,38.19026543117835,-36.1575614157248,15.8014473676209,1.0849243439244978
3.420845333908886,-115.2399570115217,-66.25463643377876,-115.98925439074783,-53.60484414600772,6.237295920901635,17.331436059069603,-0.004829079385816936,0.1112995511854904,57.40537455794918,-3.382154356587035,15.259651056852118,1.0617585505051093
3.4348079679248404,-115.46879616713784,-65.61638580837545,-115.3979246298101,-52.19650704539938,5.46049309003973,16.712373569493117,0.0006053600017420111,0.11081664324690887,-4.8791934237106656,10.553075358073675,14.059016881305878,1.038314135569288
3.448770601940795,-114.94826430823163,-64.30397691035371,-114.77860016894205,-50.81406102981242,10.732955762242128,16.318107822210955,0.0030957784775517963,0.11087717924708329,61.73649646239156,-28.73825617069156,14.818407112979,1.014518671345665
3.4627332359567498,-114.5607884844988,-63.74307376890864,-114.13140174667448,-49.45858408906487,9.446553161864882,16.000575594249725,0.007880889244006727,0.11118675709483838,63.509750370884106,-60.01194404908605,14.867849624705245,0.9895321389026153
3.4766958699727044,-113.61722428542701,-61.327437889768376,-113.45645553562217,-48.131133183301394,11.835125663898747,15.877261036626713,0.009710414603404771,0.11197484601923913,119.44442232180134,-99.43488264855876,15.650950134432899,0.9636228271493144
3.490658503988659,-114.0706929992161,-59.7039766584437,-112.75389311788625,-46.83274341880765,9.162155706273218,15.572931747026502,0.012001974723994389,0.11294588747957945,60.477355294218924,-63.386067381594565,14.520382519456803,0.9365370732685232
3.5046211380046137,-113.29476500748966,-57.46919632942356,-112.02385145940217,-45.56442724086551,16.53842617614238,15.234875244743423,0.011396109321533947,0.11414608495197909,72.10401410473325,-29.47813330995727,14.286931721725402,0.9085486347994411
3.5185837720205684,-112.52633276007035,-56.24981326526464,-111.26647288323771,-44.32717364427869,13.297403387305309,14.783294324102613,0.01532505054429624,0.11528569588413262,15.939701827599563,-21.094180730877163,13.297621185692009,0.8795924262020822
3.532546406036523,-111.40937251675085,-54.91191342013614,-110.48190504184696,-43.12194740218433,14.600059721427836,14.406298564808639,0.015306902148565131,0.1168182009385621,41.62852895717463,-26.623093033367788,13.286103522631057,0.8499428034965066
3.5465090400524777,-111.07646506530791,-53.205202169259266,-109.67030088828515,-41.949688313751956,12.414674275459065,14.072359620763686,0.015877975739952137,0.11834889115341873,41.39463457818825,-42.363823905648445,13.078365717378864,0.8191350158030417
3.5604716740684323,-109.93869875819581,-51.46541553946672,-108.83181864639012,-40.81131047135635,15.80007620195516,13.688652043490395,0.014701105303662929,0.11993668872741381,38.22431578888289,-14.123736662137631,12.595514636778733,0.7875572735736216
3.574434308084387,-108.46180761698278,-49.970944385482476,-107.96662177993629,-39.7077015477958,12.791561673908816,13.271055938563295,0.015679888248654714,0.1214067992577803,11.49043317832019,-16.393044942921673,11.921951430789981,0.755149604168162
3.5883969421003417,-107.49764261509407,-48.79261210958389,-107.07487896076707,-38.639722104111556,10.506123285050315,12.865975007068549,0.014346819100295047,0.12297478808264595,12.474771892614797,-14.672858469481152,11.415785977639434,0.7220918788545463
3.6023595761162963,-106.76386508427728,-47.403880503564224,-106.1567640359119,-37.608204918548225,11.062137958538637,12.505549952298695,0.012262280275810868,0.12440946999267544,26.51885187081543,-16.19823128059344,11.264498194726649,0.6881803958635144
3.616322210132251,-106.11435684805409,-45.095792116387535,-105.21245599369463,-36.61395433717834,11.839745692084538,12.138209204579109,0.011232433951170677,0.12563569802025665,21.809517344290395,-10.560112343166677,10.900888809743966,0.6536656030515235
3.6302848441482056,-104.44670675258999,-43.73769801505611,-104.24213892883903,-35.65774564669749,12.577013805986102,11.621963950123188,0.010727772974797638,0.1267589414153738,-19.996875168565797,31.00183722605693,9.621949963549937,0.6186498434094738
3.6442474781641603,-104.08661661480267,-41.94536543457606,-103.24600200657953,-34.74032446987909,8.355496684101304,11.138116982999781,0.010565141070718313,0.1278317187128537,-27.693999589442548,15.843814586665875,9.077137357038469,0.5830631994890774
3.658210112180115,-102.52645317656801,-40.39806888337024,-102.22423942578284,-33.862406184160136,12.982272076131046,10.592226137572446,0.008269905841876382,0.12888823281992545,-28.089286903417268,55.97536169549087,8.294738033118692,0.5468973359368632
3.6721727461960696,-102.01190921032308,-39.282866242037095,-101.17705038108859,-33.02467536381141,8.01471398787795,10.04997082277178,0.008784466955311012,0.129715223404113,-53.98987664685528,38.30804319049735,7.495853513691409,0.5101709594363015
3.6861353802120242,-100.77350607689377,-37.586713231682424,-100.10463902407598,-32.22778524612711,12.679223117543412,9.534961056215863,0.006789586823253542,0.13059367009964395,-30.115087056800814,57.62947887835616,7.3083409486830355,0.47315885082329867
3.700098014227979,-98.94868102365884,-36.88053258379219,-99.00721442346388,-31.47235722204998,9.57327962635944,8.989535861426454,0.007271491445412438,0.13127262878196921,-60.29085152539477,52.61407921653862,6.364364510106605,0.43564981265406955
3.7140606482439336,-96.92494628403382,-34.87435866703113,-97.88499052435262,-30.75898035162936,6.83735005361508,8.532653828763749,0.006205937516580686,0.1319997779265103,-41.75732087740462,35.09428219585117,6.213279263755332,0.3979722364364653
3.728023282259888,-95.93923267344029,-35.14361046204678,-96.73818610651489,-30.08821090468996,2.0907458186328816,8.02062172446299,0.004443439205263716,0.13262037167816842,-64.99956390707278,48.534569546021984,4.789790158960027,0.35996271116183465
3.7419859162758424,-96.30948130641772,-34.41597205590916,-95.56702474174429,-29.46057192706928,5.458586110753233,7.657592623330328,0.0019428429938648938,0.1330647155986946,-13.194806731066105,33.016600630344016,5.695214283453837,0.3218659891180464
3.755948550291797,-95.66812740842501,-33.393902007570816,-94.37173475026928,-28.876552832762208,12.70606563357686,7.297826062925009,0.0015724826433229065,0.13325899989808088,-6.7729872476772055,44.67476406479029,5.868562604729978,0.2838462202312493
3.7699111843077517,-95.57129812392583,-31.45173808825269,-93.15254915624212,-28.336609022290794,12.884921980541428,6.920513671951547,0.0033832335380933306,0.13341624816241326,-30.2770718138059,36.63506272710256,5.648393247802249,0.246074661250403
3.7838738183237064,-95.07533765084057,-30.730934696433383,-91.90970564231003,-27.84116152759656,18.102518144192572,6.412814532543311,0.00408889949820591,0.1337545715162225,-55.52675115140298,84.82331449586384,5.142326574789351,0.20843715466566737
3.797836452339661,-93.94853778099926,-29.598550500694504,-90.64344650327862,-27.39059668373244,20.238618095635374,5.914270132136887,0.005545447432436569,0.1341634614660432,-64.39642057700107,80.06646329345425,5.5497312712358235,0.17081424868971506
3.8117990863556157,-92.19691995206668,-28.334547360387234,-89.35401859887597,-26.985265827610398,19.83970511695004,5.397587953415307,0.0064508123914955575,0.13471800620928676,-79.09715119986281,83.21881617775496,5.285722589909084,0.1334132903088241
3.8257617203715704,-90.33196800742701,-27.757853841501102,-88.04167330562694,-26.625485024039364,16.91504341429384,4.874355424697422,0.00641564186414118,0.1353630874484364,-91.18926809265274,83.44467091698827,4.492991070798105,0.09625267100967161
3.839724354387525,-88.84279775468691,-26.883863680762392,-86.7066664678467,-26.31153481926752,14.850182092233059,4.41286760777929,0.00545135799786031,0.13600465163485032,-78.27117059386111,73.82015523295831,3.9031589728011387,0.05947622692542742
3.8536869884034797,-87.54832640922876,-26.306159598848065,-85.34925834776347,-26.043660022220706,14.41377707281657,3.9550915171300973,0.00423467711402382,0.1365497874346362,-78.0066441482499,80.51986989077389,3.5931545716200213,0.02326074856097815
3.8676496224194343,-85.39480765017407,-26.466660410577582,-83.96971357477977,-25.822069513607786,14.752850229066539,3.51124424006663,0.003226929215360938,0.13697325514603875,-76.9443801708995,82.74170110474903,3.6112065891486975,0.012225095297829558
3.881612256435389,-85.17048622955875,-25.507212451789677,-82.56830109388257,-25.646936083041787,10.72965902926272,3.1812537251891637,0.0025644855431577545,0.1372959480675746,-61.724973258321015,47.37901757781141,2.942972525511048,0.046888043138414215
3.8955748904513436,-83.89328603935034,-24.93242997080962,-81.14529411321173,-25.518396294303713,18.13860108268993,2.7539097804959134,0.0013880837735987315,0.13755239662189034,-63.934260740096924,101.2603448866529,4.0252076532566035,0.08068920817677139
3.9095375244672983,-80.66580254932629,-24.12056522348508,-79.70097005079766,-25.436550378854257,15.96383748215366,2.3152823852728317,0.0013548097882642043,0.13769120499925025,-92.27005620041375,86.52037728165749,4.222517108749415,0.11361184440029737
3.923500158483253,-78.55959159690705,-23.48797135547174,-78.23561048047813,-25.40146215767632,6.502919889454693,1.9294986371577374,0.0008526709946463958,0.13782668597807657,-99.48757597988083,59.84850314353108,2.7470949105396785,0.1455618182114713
3.9374627924992076,-77.3995230238515,-23.22713963562017,-76.7495010770048,-25.413158991509277,6.057999110589973,1.5376992873823978,-0.0004192616541108257,0.13791195307754123,-84.58568941915787,84.76390370667346,2.642494110531155,0.17661907724052162
3.9514254265151623,-77.30988947749675,-22.79129696716882,-75.24293156035046,-25.47163175951397,7.857111448095474,1.1327498907108111,-0.0012692366257811738,0.13787002691213024,-86.53912426242704,96.75873793946023,3.1126566843561267,0.20671040709516264
3.965388060531117,-77.95289411842636,-22.36910811381491,-73.71619563922745,-25.576834866384793,14.632767518628205,0.6370812910503161,-0.0018522391737143783,0.13774310324955197,-102.12302562122896,135.2113557239314,4.546851305154293,0.2357400673594685
3.9793506945470716,-76.7554486448404,-22.604675462947593,-72.16959095382872,-25.728686277903606,23.668542163896344,0.014062401960788673,-0.002294803493225736,0.13755787933218055,-133.80914283440706,177.97220056939082,6.688300302338902,0.26373848907760733
3.9933133285630262,-74.7975475509299,-22.17167542498468,-70.60341901780205,-25.927067584907505,22.39080989087755,-0.5350908993358179,-0.002845525025100161,0.13732839898285798,-143.4801578506478,141.36219590990143,6.991835091306062,0.29072696327263303
4.007275962578981,-73.20460326850461,-21.812903409621104,-69.01798515946962,-26.171824095620728,20.274161859799708,-1.0909171637520785,-0.003664917374695383,0.13704384648034784,-152.24049395959636,145.84960434451722,7.0288356663087175,0.31671981079217293
4.0212385965949355,-71.73676239642839,-21.693160048296846,-67.41359846230343,-26.46276495627869,20.58092037735974,-1.6684778138542233,-0.004558614371131801,0.13667735474287834,-157.55030083326787,161.7147149532806,7.426772452992627,0.3417114890993851
4.03520123061089,-70.25705339755831,-21.103231784244578,-65.79057170466905,-26.799663299949934,20.938273566490967,-2.241578194056264,-0.005551588572101196,0.13622149330576505,-161.58762156821462,165.76341002194835,7.837956315386619,0.36568472261447305
4.049163864626845,-68.73922567937949,-20.90606346573642,-64.1492212988487,-27.182256423440222,20.88594837231192,-2.8963416208324295,-0.00669788661794652,0.13566633444855514,-188.81812875265234,190.90556464005334,8.617433116072045,0.38864533856135575
4.0631264986427995,-66.10013732597912,-20.58102410903516,-62.48986722935619,-27.610245992140527,21.158086736456294,-3.5635467194327073,-0.007901485346968844,0.13499654578676035,-197.3293654763423,200.59790917525643,9.165181088457539,0.4105997188072825
4.077089132658754,-64.88469389777094,-20.56613104861726,-60.81283299055518,-28.08329827265939,15.169488623327338,-4.226305786592252,-0.009174272569402375,0.13420639725206351,-216.67548733974698,190.9910969568986,9.178219040836652,0.4315513242592206
4.091051766674709,-63.80444347571136,-20.654292504978322,-59.11844552359338,-28.60104439305824,19.573624121034555,-4.89821347630054,-0.009447684911959037,0.13328896999512319,-201.7727453145298,222.5685080580802,9.889866165190563,0.4515151846645771
4.1050144006906635,-61.426281277059196,-21.431606725992754,-57.407035152664704,-29.163080630486533,21.011889472685596,-5.572437285022208,-0.010895532604993017,0.13234420150392712,-214.97159135931557,222.48672710112115,10.645483014714557,0.47050664354420846
4.118977034706618,-59.620290334079925,-20.830102311984877,-55.67893552061199,-29.76896872599277,17.153715257429948,-6.0815105287680415,-0.012397568694355383,0.13125464824342803,-190.74095018678472,173.88200278644663,10.126380812669254,0.48864899259368855
4.132939668722573,-57.84046227575562,-22.09641536621465,-53.93448352388249,-30.41823622626565,17.230230461536504,-6.7310360167583525,-0.012860080362782904,0.13001489137399247,-222.91991083225648,223.31803207267762,11.147228850304842,0.5058488752848209
4.1469023027385274,-55.32721609516646,-22.829186516003627,-52.17401924684944,-31.110376852038854,17.70495935416932,-7.167782808251842,-0.01339364092405183,0.12872888333771426,-173.15366628727006,175.09027974724296,10.647068998919917,0.5221253824998882
4.160864936754482,-52.7843105959123,-22.781289071262105,-50.397885895511806,-31.8448508928725,13.620371327762381,-7.510020553763223,-0.014045326789117362,0.12738951924530895,-163.24527022984566,144.15799224177627,10.27523724171709,0.5376071345034643
4.174827570770437,-50.33081742990235,-22.77150043012847,-48.606429730585674,-32.62108562800304,10.453528714858473,-7.919081886200355,-0.013490845431530457,0.12598498656639734,-181.79954071638056,166.18850684984707,10.6900086437249,0.5523116292590933
4.188790204786391,-49.55285508038815,-24.39592709554133,-46.79999999999994,-33.43847577293371,7.551773037618391,-8.39240950525482,-0.012482525790469913,0.12463590202324415,-201.61101189500923,186.58277770699476,11.236148570009103,0.5662514064747453
4.202752838802346,-48.60412257395376,-26.013771725230463,-44.978948870809845,-34.29638395141718,15.077754219869707,-8.67805365744238,-0.010986217546039498,0.12338764944419722,-133.7923443914038,165.9205627818608,10.905946266559265,0.5795710321516427
4.216715472818301,-47.043505801911586,-27.177526153433057,-43.14363136054122,-35.19414119246233,17.789720538182,-8.816567785754073,-0.012740485875005477,0.12228902768959315,-108.85333361441624,119.84623363144043,10.681579838518209,0.5923393133953998
4.2306781068342545,-45.73450567072691,-27.50029026231224,-41.2944052679793,-36.131047451977736,18.600473016802823,-8.900482945308886,-0.014691935065977858,0.12101497910209247,-100.39315493783216,102.992974022931,10.6403806601434,0.6046278488239207
4.244640740850209,-42.387131318571576,-27.2724807114995,-39.43163110341466,-37.10637215864513,20.817370381903395,-9.095482926473663,-0.016217965206260527,0.11954578559549489,-126.66960040383225,135.78993161651323,11.489257469929292,0.6161336815229332
4.258603374866164,-39.947297465630115,-27.400696244325253,-37.55567201836166,-38.11935478359666,11.022241086978774,-9.4375542881695,-0.018155476449586084,0.1179239890748689,-193.81759554077783,148.12178984050104,11.874244233024625,0.6268584384694669
4.2725660088821185,-39.214385395184514,-27.69322484601159,-35.66689373476095,-39.169205433452625,11.06981960055368,-9.875557299258599,-0.015897136700661525,0.11610844142991006,-199.94719789584403,197.82072762899597,12.52276585398825,0.6368652102415115
4.286528642898073,-37.54025477641171,-28.75899846073527,-33.76566447368131,-40.255105466256516,16.924854449117646,-10.422368900690737,-0.014997880151126693,0.11451872775984384,-218.39443770108636,242.6827289808134,13.692677035470886,0.6461325736970793
4.300491276914028,-36.69657466702911,-29.649744209663403,-31.852354883534286,-41.3762081298274,16.130404030326073,-10.888910852354828,-0.017136558756296248,0.1130189397447312,-217.41690577315865,211.80752135683596,13.8400211352883,0.6550989990257068
4.314453910929982,-35.24749979496147,-30.831861212513306,-29.92733796781548,-42.53163922203178,22.194656336483074,-11.35232729677066,-0.018286421906421282,0.11130528386910177,-205.3962095664113,230.89087450239444,14.552174566011153,0.6636466161161447
4.328416544945937,-33.078420895174276,-31.759000051385406,-27.990989012386844,-43.72049777246014,22.68633140214171,-11.744943664607645,-0.02192079952770056,0.10947664167845961,-203.82375000241498,204.425707846056,14.791007440739795,0.6714888232366962
4.342379178961892,-30.918252250333968,-34.30250193275667,-26.043685512313882,-44.94185674497658,21.190238618505422,-12.114019851109939,-0.0244759748846779,0.10728456172568945,-206.20363050197446,197.59191444030992,14.94239647816339,0.678740853736497
4.356341812977846,-29.3557257125792,-35.176884908845174,-24.085807098272323,-46.19476376059366,22.028917727973585,-12.162472608868805,-0.025178573407623594,0.10483696423722177,-122.01418598098638,123.7243119895044,13.715254213384434,0.6851697791648772
4.370304446993801,-26.639183182129557,-35.855021197885954,-22.11773546253828,-47.47824184010893,23.728427142575846,-12.28530904440526,-0.026086732386074542,0.10231910689645929,-139.64250816390836,145.39395783485352,14.272767258315334,0.6908982287672281
4.384267081009756,-24.419291051138007,-35.98610495573063,-20.13985428457669,-48.79129016592393,18.719125097972206,-12.48587254785593,-0.027608424119173573,0.09971043365785182,-176.10772880373716,151.30361691907336,14.477165845979254,0.6961253728488268
4.39822971502571,-23.014584492051476,-36.65794980648415,-18.152549156242134,-50.132884862451604,18.540206865831546,-12.877389510694607,-0.026315435047008617,0.09694959124593439,-216.5255985041579,213.05817844677614,15.472667375292708,0.7008437911586296
4.412192349041665,-21.22347733710912,-38.52170273228056,-16.15620750660702,-51.50197979450371,21.529142024325374,-13.349307539121408,-0.025902879343584935,0.09431804774123353,-233.3984746021396,244.24040196516503,16.351836629556274,0.7050045103106175
4.42615498305762,-18.978971838093575,-39.059198241791044,-14.151218526431489,-52.8975073830356,22.265548215905486,-13.640615596656847,-0.027467658976938276,0.09172775980687486,-196.0847820983794,196.81039343709668,16.02125475865975,0.708900644115873
4.440117617073574,-16.536356926140392,-40.898955067958184,-12.137973092289872,-54.31837943761218,20.227709903176567,-14.046848478754471,-0.029098391298963577,0.08898099390918102,-234.7726084461825,222.75905853207718,16.72249606389516,0.7124550829426242
4.454080251089529,-14.818843425495004,-42.66066626450556,-10.116863690368593,-55.76348800494614,19.383842504120484,-14.28318795124763,-0.029050877052884443,0.08607115477928451,-192.28551201333744,185.27132885982172,16.191486430804297,0.7154803370991298
4.468042885105484,-13.309741916124329,-43.046152177879996,-8.088284339950167,-57.23170623284655,21.944920338516567,-14.420372915875788,-0.028644238478465964,0.08316606707399599,-161.1534489429402,169.5135352663339,16.050409071515926,0.7179793871949594
4.482005519121438,-10.966867727213007,-44.75418689458599,-6.052630516598374,-58.72188924890435,23.1738258324071,-14.762474845875104,-0.030214924939069486,0.08030164322614919,-217.98370800119895,220.5379449117091,17.274096172738435,0.7201289872029641
4.495968153137393,-9.049347074651566,-46.46281706744064,-4.010299075059482,-60.23287505322938,21.562082190944857,-14.988737027551611,-0.03199905536207223,0.07728015073224226,-197.8385695905113,187.3958642010346,16.97008056918564,0.7219733530235741
4.509930787153348,-6.606170224061971,-47.46233439767134,-1.9616881718947035,-61.763485424542935,23.35246186575248,-15.134194746604772,-0.03214308857457742,0.07408024519603496,-171.58329461197104,176.40042674722656,16.862543132512965,0.7233224496494719
4.523893421169302,-4.02295114525606,-50.04552002049355,0.09280281214130426,-63.312526838919325,20.427146719524234,-15.35225913677161,-0.03350994844136292,0.0708659363385773,-202.28583501178812,185.68207785265574,17.207697119730266,0.7241620431321767
4.537856055185257,-0.9947979536658192,-52.18097954770511,2.152773349960448,-64.87879140045987,19.85368096558374,-15.313304151249147,-0.03241530177597949,0.06751494149444115,-133.0466687733954,126.70753068351911,16.067529768839556,0.7246626844705002
4.551818689201212,1.556278593274165,-53.00497472464273,4.217821846224776,-66.46105778317386,15.514038873773226,-15.158908676887737,-0.03131942772439436,0.06427341131684328,-111.53265686151765,87.87203829923965,15.201711732213573,0.7247080798719345
4.565781323217166,3.8456507875630006,-55.20672780455559,6.287545715638263,-68.05809218333172,14.228105689236282,-15.17197114682328,-0.02811896116958121,0.06114146854440383,-146.44710385045917,136.23480254391262,15.77913919731526,0.7245498320586825
4.579743957233121,4.423866978422183,-57.364812298429946,8.361541461431646,-69.66864928154813,14.220183608526385,-15.064956798961168,-0.025480539097204807,0.05832957242744552,-112.49356802083206,107.94668250801692,15.150592113347644,0.7241929934342761
4.5937065912490755,6.634331442684079,-58.08721063410489,10.43940475402487,-71.29147321384461,22.976622565611013,-14.894285460165067,-0.023908495263840715,0.05578151851772484,-74.79195017313084,110.4494953837719,15.170319013871836,0.7238524436828717
4.60766922526503,8.920964228174128,-58.97097268515987,12.520730509851996,-72.92529855093446,18.536930118089426,-14.927187828921596,-0.0283762945436839,0.05339066899134082,-155.11459221584036,131.616963745663,15.963036897956442,0.7234759014884982
4.621631859280985,9.85573741933215,-60.84871946945087,14.605112970332996,-74.56885128496643,18.812022263279513,-15.097513579685122,-0.028323647965825642,0.05055303953697221,-180.75085715457865,178.2212381728893,16.601306085284058,0.7229601655335012
4.6355944932969395,10.610069909090754,-62.65174043129342,16.692145780977224,-76.22084982295775,25.422054541664544,-15.202922088115383,-0.02853026668727526,0.04772067474038977,-151.0428886610283,177.5011563394097,16.823759118947766,0.7217042108031801
4.649557127312894,12.388697641287612,-63.69770973660254,18.781422070603018,-77.88000598614177,30.5321854220471,-15.273917645869131,-0.032722169815858945,0.0448676480716621,-146.12878801706907,166.599457941674,17.28210253286422,0.720162572125663
4.663519761328849,15.820061933496326,-64.92052402100862,20.87253453065804,-79.54502601445105,30.059665161875,-15.455707305512568,-0.03832358183292179,0.04159543109007613,-188.1436545552831,183.73094621767348,17.975342043354974,0.7183113510539565
4.6774823953448035,18.451058454196158,-64.98322656134363,22.965075494624884,-81.2146115753525,22.93511253562503,-15.670024880942973,-0.04134907167503235,0.037763072906784156,-213.9972587690683,178.96479038161564,17.79181013886264,0.7157535907071075
4.691445029360758,19.622732028092233,-65.61556645568943,25.05863701749649,-82.88746077624806,22.057328097417702,-16.16806863150338,-0.03906697203515621,0.033628165739280735,-275.4812865477351,267.9680700050497,19.08459319169106,0.7123494596129332
4.705407663376713,21.122370195268594,-67.14638375940393,27.152810955305803,-84.56226917965132,27.30214792277065,-16.80053036495215,-0.03785832640588998,0.029721468535765183,-300.4078243065261,320.5930740505554,20.38822289362785,0.7083572203889998
4.7193702973926674,24.346822281060575,-69.80456789407714,29.247189044694274,-86.23773082034876,28.968475081344454,-17.33871775197719,-0.041220369325771965,0.025935635895176112,-289.573642453386,293.8141804293733,20.748306290813943,0.7043078552419146
4.733332931408622,27.401457849521222,-71.56490677089755,31.341362982503586,-87.91253922375202,23.411146293612173,-17.537776644262344,-0.04448980252192281,0.021813598962598935,-223.90756729126267,195.04460679502947,19.411909367717293,0.7000937955122035
4.747295565424577,29.757201704336506,-73.50515079056997,33.43492450537519,-89.58538842464756,20.87057449358057,-17.664302357957197,-0.042533288586723755,0.01736461871040662,-200.84698478248242,184.93176628286244,19.003696454122878,0.6952573019448929
4.761258199440531,31.885377914205648,-74.98054187448405,35.52746546934204,-91.25497398554901,21.104757071149418,-17.70317291897903,-0.03970290193158282,0.013111289851734043,-173.05428896371674,169.43163309130355,18.664194795670983,0.6898065160956817
4.775220833456486,33.57913461709755,-77.58445886938607,37.618577929397055,-92.9199940138583,21.171682603289465,-17.76990942797104,-0.038385117986107976,0.009140999658575844,-180.66429254441647,176.28705561027436,18.833308935901048,0.684262461117946
4.789183467472441,35.081995541165014,-78.9144942783568,39.70785421902285,-94.57915017704234,24.242904928871816,-17.627602522233587,-0.037567627419499205,0.0053024878599652325,-120.43069120354984,129.79656197564293,18.066010533638877,0.6787104962007353
4.803146101488395,37.498248787261026,-80.29803722700832,41.79488702966708,-96.23114871503365,26.41847564791511,-17.576266994961955,-0.03925570566316978,0.0015457251180150955,-144.31467142446158,150.07593052232082,18.572275924497884,0.6729968708307341
4.81710873550435,40.57454081540692,-81.97916142016119,43.87926949014808,-97.87470144906561,23.964527048799447,-17.58237687868354,-0.041715171061999574,-0.0023798454483019427,-169.25971195410528,154.1427627076074,18.699105603895124,0.6670685963734435
4.831071369520305,42.59048651799372,-83.84382980533621,45.9605952459752,-99.50852678615546,19.86533656408423,-17.569922352835764,-0.04131616104889158,-0.006551362554501949,-168.72458294564046,145.72183711322916,18.338163279444412,0.6606716794415677
4.845034003536259,44.805122805348766,-85.79672593181512,48.038458538568435,-101.13135071845194,22.304616055835613,-17.50558946124146,-0.03814709788496841,-0.01068297865939094,-140.52669813133102,146.9069011411425,18.125638704839577,0.6537250581873391
4.858996637552214,46.29705635484297,-87.63912355196933,50.11245428436181,-102.74190781666834,21.136346500178195,-17.3817169026873,-0.038017740148932895,-0.014497688447887569,-132.39024106068672,122.61178407347572,17.756884764476023,0.6465101597181024
4.872959271568169,47.82863913157721,-88.89159000767154,52.1821781537753,-104.33894221682621,25.171436649724946,-17.227567904922434,-0.03698825972917351,-0.018299462462780802,-111.62180019516798,125.57640876301092,17.706456506804816,0.6392990596840313
4.886921905584122,51.214025266793165,-91.09484443791482,54.247226650039494,-105.92120859954008,26.736617923654915,-17.165039031362987,-0.039167610941758635,-0.021998288435697955,-139.08274862493778,142.360996974403,18.199070721239433,0.6317823354733645
4.900884539600077,53.75190496334844,-93.80030872993348,56.30719718785864,-107.48747316108064,19.414713229821878,-16.985634515323067,-0.04125512020268115,-0.02591504952987389,-128.89334516228058,91.70435282465662,17.165624855305765,0.6240440104815335
4.914847173616032,56.303458204257375,-95.69560897636607,58.36168817189464,-109.03651457545703,20.174809560944908,-16.614102488333995,-0.03702125034667637,-0.03004056155014201,-60.01565217553516,58.905191616162455,15.918293557946491,0.6157566602675493
4.928809807631986,57.19744574622453,-97.43916176311515,60.41029907505943,-110.56712494677059,17.43511302124218,-16.244466855176114,-0.03491648405665531,-0.03374268658480961,-64.67801768458992,47.80402943946497,15.428160266087682,0.6069223585788261
4.942772441647941,58.61674609726556,-98.81145038979837,62.45263051659832,-112.07811075109562,25.03885503042863,-15.890000813424194,-0.03168622642851374,-0.037234334990475126,-41.520277741892265,71.81939501894004,15.553642481536697,0.5981655458308648
4.956735075663896,60.30105269781247,-100.588927183897,64.48828433995011,-113.56829376715342,25.740393428395354,-15.617785806818482,-0.034588574434022815,-0.040402957633326686,-74.43651692536496,74.34293498768066,15.88204608352132,0.5892650081994786
4.97069770967985,63.15293675490281,-101.32715844299489,66.51686369036854,-115.03651199505384,27.608803053799846,-15.330823784982234,-0.03631545687236166,-0.04386181507672893,-65.73998365087492,71.22144600942163,15.727969136883209,0.5803243655024182
4.984660343695805,65.8772325045439,-103.08169613624402,68.53797309228982,-116.48162056238779,22.364004091045608,-15.233457864546464,-0.03828646367964289,-0.04749336076396515,-128.28846326220648,101.57548825638467,16.08279635147734,0.5707207812979171
4.99862297771176,68.11131720422999,-104.76343564005485,70.55121852643143,-117.90249261696438,20.760167666982866,-15.090134048530516,-0.03600257830229511,-0.05132200713192958,-107.80100541554069,97.07557552985834,15.54033956050295,0.5605615583007113
5.012585611727714,70.37921152550385,-106.0115035593031,72.55620750660697,-119.29802020549626,20.419293518662165,-14.917939013867148,-0.033623697158962004,-0.05492226496215924,-96.06111480901262,90.95801269801447,15.199052545804703,0.5498113503688482
5.026548245743669,71.57268196306399,-108.1705285207611,74.55254915624208,-120.66711513754836,19.294039667937437,-14.800141977008378,-0.03202522557715649,-0.05828463467805545,-110.08899963406594,101.41940272597249,15.238231449631307,0.5388840009902154
5.040510879759624,73.10954626998596,-109.23606056902526,76.53985428457663,-122.00870983407606,24.375527167933004,-14.54121526069996,-0.030246309166739756,-0.06148715723577114,-58.38713677899904,78.05006871417653,14.702654962005358,0.5277766298519411
5.054473513775578,75.08238655940508,-111.0924274021226,78.51773546253823,-123.32175815989103,25.068205001904364,-14.368683887647663,-0.03211371851109017,-0.06451178815244507,-87.80166118932212,88.1890578883692,15.088253277426157,0.5163980602034259
5.068436147791533,78.37150947830615,-112.55122353630563,80.48580709827226,-124.60523623940632,24.980773002773695,-14.117823177672454,-0.03328119544923772,-0.06772316000355394,-67.99691061314383,64.98950162453055,14.553108128259918,0.5047524239055914
5.082398781807488,80.24290218307411,-114.4098384878411,82.44368551231383,-125.8581432550234,17.833286157496758,-13.886381409641505,-0.03362743569121771,-0.0710512795484779,-87.02075899711076,51.768006840145915,13.916060148344668,0.4924603793640352
5.096361415823442,81.71196069799913,-116.20430079449935,84.3909890123868,-127.07950222753983,21.071799738752986,-13.57830228267862,-0.029521830058761325,-0.07441402311759981,-41.93849720203648,53.37037838899691,13.331429166468023,0.47957639682294273
5.110324049839397,83.66720449495612,-117.2419613616669,86.32733796781542,-128.2683607779682,22.549181415877513,-13.212307769684342,-0.02875657794196091,-0.07736620612347611,-27.631584446240296,31.587744969354098,12.916781744206709,0.466166248148256
5.124286683855352,86.0824335791283,-117.45751165074435,88.25235488353424,-129.42379187017258,21.950166920628007,-12.928395603028013,-0.02888031944499505,-0.08024186391767207,-50.02377090520515,44.84088795304483,13.01616681760947,0.45265792614368827
5.138249317871306,88.14677642247761,-118.3910427523876,90.16566447368126,-130.54489453374345,19.63979197407217,-12.859193877775718,-0.028581131595063567,-0.08312989586217157,-106.70441971867139,93.72555595445904,13.70957203068168,0.4386993572489817
5.152211951887261,89.39715627375814,-119.20201826822147,92.0668937347609,-131.63079456654737,19.82531014711731,-12.82958731245186,-0.027201952259054574,-0.08598800902167802,-110.68624267014371,108.84886075827713,13.807908887395287,0.4241827570117973
5.1661745859032155,92.2236000196962,-119.8365090063695,93.95567201836161,-132.68064521640332,23.51202678914469,-12.839088108853922,-0.026558440885840046,-0.0887082042475833,-112.31389222932621,126.55728934045877,14.228613783571884,0.40913069339915387
5.18013721991917,94.92347929861477,-121.18133471482318,95.83163110341462,-133.69362784135484,17.160703011438095,-12.928565597078752,-0.028191355239297677,-0.09136404833616751,-155.6633694458819,124.42666698330733,14.319135124300763,0.39363061688675005
5.194099853935125,95.65487710353804,-122.11376296235939,97.69440526797926,-134.66895254802225,15.101749281650994,-12.94140668211263,-0.025802413011381198,-0.09418318386009705,-127.52126304709688,115.0174468499402,13.76930882586806,0.37758761561504084
5.2080624879510795,97.18096202361637,-122.88509774996031,99.54363136054128,-135.60585880753771,22.24885303457728,-12.934749400379633,-0.023419970248929504,-0.09676342516123526,-101.43236253478756,130.8125963237152,14.041333981030403,0.36075194626829843
5.222025121967034,98.26819283342459,-124.67617923681009,101.37894887080992,-136.50361604858287,21.48156921229665,-12.947204138427706,-0.025840905832249336,-0.09910542218612806,-123.68266041686734,117.8061513800171,14.250864332352883,0.34350299474710644
5.235987755982989,99.89388884778064,-125.91323061583662,103.20000000000002,-137.36152422706633,25.758837529810222,-12.77214883519708,-0.026592234911942403,-0.10168951276935312,-64.25925570387913,81.386620060756,13.61031592029016,0.3258166878276594
5.2499503899989435,102.97672608126395,-127.11133232937641,105.00642973058574,-138.178914371997,25.19386655287638,-12.547961577902246,-0.0289883128131967,-0.10434873626054753,-60.89099387786357,56.51531003222567,13.288531607536246,0.3071887383963974
5.263913024014898,105.82191314365112,-129.52281596130123,106.79788589551188,-138.95514910712754,18.294654390398893,-12.308598659292363,-0.02975812871275258,-0.10724756754186737,-69.74351787805725,36.37059327938391,12.444969192045534,0.28776175486534816
5.277875658030853,107.84062474607322,-130.51212217361592,108.57401924684952,-139.68962314796119,14.548126925992971,-11.855348122147813,-0.026313991910998126,-0.11022338041314272,-5.849615776289395,-13.941140025987595,10.532713628214827,0.26734665949953484
5.2918382920468074,110.03091443943013,-131.82807325268362,110.33448352388255,-140.3817637737344,14.446610841129647,-11.43441349406531,-0.022336607968646744,-0.1128547796042425,-1.631009467185379,-1.7827781209749338,10.179840711840535,0.2460814106766076
5.305800926062762,111.53742143648653,-134.5559145639677,112.07893552061205,-141.03103127400726,11.792786839135204,-10.990922280208054,-0.01983701933415074,-0.11508844040110722,2.5344545898533033,-17.46820645643532,9.428087117290051,0.2243628939448512
5.319763560078717,112.35498912249051,-135.6866342388834,113.80703515266478,-141.63691936951352,12.988037665900308,-10.335575868063644,-0.01682377470305608,-0.11707214233452223,69.97815028161999,-67.44757182170702,7.4358439653362565,0.2022203470114028
5.333726194094671,112.9736571552293,-136.39427656944187,115.51844552359346,-142.1989556069418,17.156764867683737,-9.687323186126505,-0.015349240264468683,-0.11875451980482765,81.28867517918502,-64.66772900276986,7.24001284546852,0.17948263613793625
5.347688828110626,115.76331223524221,-137.7782969146133,117.21283299055524,-142.71670172734065,21.44871996916447,-9.079963083119843,-0.01584429758676993,-0.12028944383127449,77.35757276567301,-59.291298621528455,7.612074069532085,0.15617886455389618
5.361651462126581,118.54128010547771,-139.30137946116787,118.88986722935626,-143.1897540078595,13.222258730464167,-8.485856752041038,-0.01725200712063775,-0.12187387358995139,51.02059223673809,-89.43340374428031,6.249737114732445,0.13213440142431043
5.375614096142535,120.11813977753155,-140.04359578173066,120.54922129884878,-143.6177435765598,9.377183908072004,-7.895732344752098,-0.014694129420278625,-0.12359907430201522,64.69836344955769,-83.91709621425426,4.760549024291171,0.10713349428163266
5.38957673015849,121.8703199195449,-141.14368492710537,122.19057170466911,-144.00033670005007,10.868731006128113,-7.346217240080959,-0.011787374078962244,-0.12506848724404307,71.80377127531783,-66.84117683641131,4.466628794440191,0.08106856831703313
5.403539364174445,122.2911743379887,-142.61493573874372,123.8135984623035,-144.33723504372134,9.09531995898351,-6.807692101827024,-0.010425617868494197,-0.1262472246519395,66.86986448329137,-76.40859510490317,3.7383276798702205,0.054322924565278985
5.417501998190399,121.87966087477928,-143.53432559010355,125.41798515946967,-144.6281759043793,15.473127487058775,-6.195421842835416,-0.008873174892843725,-0.12728978643878897,109.4227507802641,-81.6148109119228,3.718881804771268,0.02692185928850721
5.431464632206354,123.50667737703537,-145.16631244844882,127.00341901780212,-144.87293241509252,23.717135123945233,-5.483862160972056,-0.009269169421113938,-0.12817710392807324,145.41086178800887,-107.8798350608175,5.2957308976287605,0.0012944006107322714
5.445427266222309,126.27631085374026,-147.8004738876022,128.56959095382877,-145.07131372209642,19.434792005743443,-4.706858742283899,-0.01076881539099618,-0.12910402087018458,140.54647665071818,-158.93186064255516,5.06380475967305,0.030307063480741192
5.459389900238263,127.40980046887806,-148.50045849195345,130.11619563922753,-145.22316513361523,12.572098415805492,-3.788600351708595,-0.009875964306466114,-0.13018090240928437,177.59251131553634,-208.04315013268632,4.6246335616127,0.06030556685256583
5.473352534254218,128.40384513334732,-149.0533027319033,131.6429315603505,-145.32836824048604,16.709691560378474,-2.865391545751308,-0.007594656069910808,-0.13116849883993087,211.99873790433034,-192.58692400985296,5.28975948423415,0.09138851114684021
5.487315168270173,130.72229549164797,-149.99392090320822,133.14950107700486,-145.38684100849073,17.565520820395896,-1.9508513496108129,-0.0063367595260879536,-0.131927964446922,211.13210846114004,-205.75789560109115,5.997015249673923,0.12329788562770982
5.501277802286127,132.49716422549366,-150.00336065559094,134.6356104804782,-145.3985378423237,11.92483295531397,-1.0541768313430855,-0.005091003216594088,-0.13256164039953067,200.12171693407967,-223.97791137259537,6.035857824540581,0.1558685166685203
5.515240436302082,132.55682429448694,-150.48694661068944,136.1009700507977,-145.36344962114575,12.144183667220334,-0.28474812595538423,-0.0036352846154454766,-0.13307074072119018,188.6432854513704,-186.02737387080612,5.875048155892992,0.18916838029034322
5.529203070318036,133.95710883244314,-150.8096156369704,137.54529411321167,-145.28160370569628,19.16873688084872,0.5429202468384501,-0.0023923703940924336,-0.1334342691827346,226.36169663284343,-192.18209786805113,7.20974520291044,0.22315595272880806
5.54316570433399,135.71574044606524,-152.12232669139843,138.96830109388253,-145.15306391695822,16.309699892929505,1.329720415815936,-0.001170065793864878,-0.1336735062221437,201.31115806494444,-211.06047670189753,7.55702489358628,0.2577589613195248
5.557128338349945,137.3210011027858,-151.98103926278722,140.36971357477975,-144.97793048639224,14.226841439734208,2.2465986026052382,0.00010320287275343717,-0.13379051280152998,243.6309372810743,-249.86376897228288,8.526538747751257,0.2929389064179837
5.5710909723659,138.7633819719802,-151.87354922229488,141.74925834776343,-144.7563399777793,13.63218664390495,3.0303361775571784,0.0011108224935009203,-0.13378019251425455,221.05362345128052,-220.33928398782433,8.473826879662502,0.3286298271754058
5.585053606381854,140.77286536779405,-151.44966782231015,143.10666646784665,-144.48846518073248,13.22631170076993,3.7211031359336317,0.0019710981165214653,-0.13366911026490458,204.71193966425074,-202.85753231562822,8.567589305806713,0.36475086973319826
5.599016240397809,141.47836937262494,-151.6341685923756,144.44167330562692,-144.17451497596065,9.763381236798587,4.265162184650394,0.0026374308195346256,-0.13347200045325236,166.2550607729066,-178.14928518532454,8.147883198871511,0.401245862039767
5.612978874413764,142.34960949416762,-150.6520615307444,145.75401859887594,-143.81473417238962,13.929692641763932,4.841714052407133,0.002747515621056646,-0.1332082573712987,196.8549753355494,-174.0252022556183,8.912055372045346,0.43804082065920147
5.626941508429718,143.95855056202646,-150.15435106267532,147.04344650327857,-143.40940331626757,15.12371157858163,5.246962092614763,0.003694000204799695,-0.13293350580919316,151.46819535191813,-141.41364196259752,8.630654892870423,0.4750616601993576
5.640904142445673,145.12330081134826,-149.29343523118246,148.30970564231,-142.95883847240347,12.855234335087982,5.572244250735998,0.0046236510080095074,-0.13256410578871325,126.79813593732462,-132.25805061675916,8.408802053172495,0.5122671669576868
5.654866776461628,145.77790670540094,-149.4739609284911,149.5525491562421,-142.46339097770922,14.4229685968656,5.792921849592352,0.004730120945839962,-0.13210174068791236,111.53910470945829,-99.58880513385965,8.140500316635796,0.5494750416186616
5.668829410477582,147.45741790787736,-149.05800731674873,150.77173475026925,-141.9234471672378,16.371646064747186,6.112582882212414,0.005370424996083155,-0.13162872859332841,140.0148733202417,-126.00001897113563,9.052545310606762,0.5865881014841365
5.682792044493537,148.71421668296517,-149.23105576926267,151.96702474174424,-141.33942807293073,12.898041127929783,6.39574372288116,0.0063575202149986415,-0.13109168609372013,121.29144474361269,-131.70502754897635,8.939408220858745,0.6235912176816427
5.696754678509492,149.9090659702445,-148.72451689202921,153.13818610651492,-140.71178909531005,13.106816551971265,6.7658829988242,0.006286001994574166,-0.13045593407222045,154.5440329549537,-148.43897440516315,9.599448428030787,0.6603365513121657
5.710717312525446,150.98666265158772,-148.302588503479,154.28499052435262,-140.04101964837065,12.679193309801214,7.104201937472935,0.006476336082857371,-0.1298273338727629,148.2551581419834,-144.86758213860978,9.723777048239647,0.6966994168259486
5.724679946541401,150.9237710394823,-147.14214797405998,155.40721442346387,-139.32764277795002,12.889659279186123,7.439894241672029,0.006645020552620062,-0.12917970026447723,152.0958556739044,-145.68922578393256,10.004545404166464,0.7327014081001568
5.7386425805573555,152.8549635270836,-147.66978672490288,156.50463902407597,-138.5722147538729,19.496887064912535,7.68657268490352,0.006894757796774788,-0.12851519820921542,146.9075612446874,-111.00775596635258,10.22691756395487,0.7682388925207126
5.75260521457331,154.5596779393339,-147.2896006991267,157.57705038108858,-137.7753246361886,11.32038865842796,8.098256186972248,0.009364856897082783,-0.12782572242953805,158.238153724076,-189.04725719397462,10.963506933539591,0.8032442528589323
5.766567848589265,156.59591285124003,-147.18997110922894,158.62423942578283,-136.93759381583988,10.472991633789881,8.503878831653052,0.008387816838409086,-0.12688923673982977,176.87893577300397,-175.05530533812566,11.121362622841765,0.8376478633339852
5.7805304826052195,157.93175657991355,-146.76836369949726,159.64600200657952,-136.05967553012093,4.743351968218356,8.956399671440366,0.007809104315926721,-0.12605045505598866,181.2864103513443,-201.76484665456627,11.540646582138752,0.87117477816955
5.794493116621174,158.41847575035362,-146.3408545066289,160.64213892883905,-135.14225435330252,4.7531972422083095,9.415939043981279,0.005647470472520922,-0.1252695446243961,199.88718264987423,-194.65542263935902,11.93786375391525,0.9041255281002023
5.808455750637129,159.16861315040433,-145.0836918011129,161.61245599369462,-134.18604566282167,7.070638720757291,9.91036892510531,0.004608103757886277,-0.12470479757714381,218.1042713570361,-202.08657886969272,12.567453513912307,0.9364247285705485
5.8224183846530835,159.92094975924653,-144.24425239854986,162.55676403591193,-133.19179508145177,7.519111420171115,10.275416638553155,0.0049459286466755304,-0.12424398720135521,185.04962890978294,-177.0465894256977,12.365143509642463,0.968203475689486
5.836381018669038,160.62937790213604,-143.12658309558523,163.47487896076706,-132.16027789588844,8.143848168012099,10.61758205095744,0.005408509273099306,-0.12374939433668786,182.93534666651516,-173.89529104978803,12.595747399435718,0.9993302800969275
5.850343652684993,160.73868666225928,-140.88162400036654,164.36662177993628,-131.0922984522042,8.986148175589756,10.89586481931737,0.0059791813502174255,-0.12320854340937792,170.17743096151165,-159.89716436782194,12.601230046311821,1.0296555590637153
5.8643062867009474,161.67194002785004,-140.55326578444317,165.23181864639014,-129.98868952864365,13.71793031832403,10.940381952212292,0.00653025681073474,-0.12261062527435618,121.54214367468616,-93.19579100224814,11.78321927285021,1.0591617601509729
5.878268920716902,162.94470772540478,-139.54024040721677,166.07030088828517,-128.85031168624806,10.819766864319408,11.118632778185278,0.009055339893824007,-0.12195759959328267,139.27944953202967,-145.21614758506104,12.502188323772335,1.087839124655014
5.892231554732857,164.60950340159903,-138.7792865894762,166.88190504184695,-127.67805259781568,9.313227294803696,11.282158644875782,0.009231263739099754,-0.12105206560390025,140.3437484771039,-140.2268804052993,12.498520805843517,1.1156961107473489
5.906194188748811,165.54780951969806,-136.9310064442899,167.6664728832377,-126.47282635572131,4.818400164243046,11.476484852218231,0.00875229197912376,-0.12012893922999046,142.82199165553763,-156.53207276316206,12.680458426124048,1.142546587882916
5.920156822764766,166.76507898920252,-135.1399986086535,168.42385145940216,-125.2355727591345,6.073500481520752,11.52294264653888,0.006356699499253632,-0.11925371003207808,119.32678446668795,-107.22530984552137,12.04386924218311,1.1686408585177581
5.934119456780721,167.22408816237694,-134.45968626928013,169.15389311788624,-123.96725658119234,3.4060893065142936,11.461048463617347,0.005533406191758779,-0.11861804008215282,82.71214478654669,-88.38740425835655,11.42526136915896,1.194063294276229
5.948082090796675,166.88192178290092,-133.046566554118,169.85645553562216,-122.66886681669861,5.325490572434014,11.522151956727303,0.003961234325118665,-0.11806469946297682,124.05780579922174,-109.11499020449963,12.081091893992886,1.2190273582318536
5.96204472481263,167.64772752914266,-132.11259990150705,170.53140174667448,-121.34141591093513,10.260578756288421,11.581221245561004,0.003998218506207053,-0.11766857603046477,130.972349734646,-101.91604594281908,12.260883148680147,1.2434000140555508
5.976007358828585,168.65646418294622,-131.53734318032667,171.17860016894204,-119.98593897018758,7.473456584067721,11.702921632411371,0.00638616817060589,-0.11726875417984406,130.28747461246004,-135.90100344375486,12.630240177513413,1.2672822627852414
5.989969992844539,170.3055417968399,-130.80507308043303,171.7979246298101,-118.60349295460063,5.819403727235568,11.942152810431255,0.006550946694294227,-0.1166301373627836,164.290650766098,-165.04563238640807,13.309893140094097,1.2905408027220524
6.003932626860494,171.6241925775113,-129.35710862216695,172.38925439074782,-117.19515585399228,0.2579084125390665,12.242081409739558,0.005987912397350907,-0.11597504269335435,173.03471326077053,-191.81432284808585,13.768504097561921,1.3129692861689026
6.017895260876449,171.64591687293566,-128.55536541715972,172.95247417084673,-115.7620258472698,-1.6538762872348263,12.468675593414028,0.002958681495933889,-0.11537625145361918,164.79075514795394,-167.4829360287932,13.659817262595384,1.3348195990119098
6.031857894892403,172.49741855886532,-127.328544713902,173.48747416929467,-114.3052204461029,1.5071413449577593,12.793042790401017,0.00045472562296044235,-0.1150803833040257,203.20011646686837,-182.81078652079776,14.368645203077056,1.3561946437290064
6.045820528908358,172.38888011547166,-125.90701432232242,173.99415008678193,-112.82587562352163,-1.687191755063753,13.100720564655248,0.0006824517192971768,-0.11503491074172967,187.2505515093918,-195.39300407284304,14.57969876272257,1.3773714898614235
6.059783162924313,172.95565115557227,-125.16360206573081,174.47240314583448,-111.3251449281189,2.681747259525225,13.381216611995848,-0.000869009126544857,-0.11496666556980006,200.1685725278473,-173.95998558373685,14.729968881422039,1.3983282044472691
6.073745796940267,173.75152571707724,-122.82366099414604,174.92214011007084,-109.80419858454798,-0.12852535360305994,13.761830862826683,0.0007167379835235779,-0.11505356648245435,212.1867271799097,-218.1361794755222,15.484778141966915,1.4188222100705064
6.087708430956222,173.94589219202734,-121.21331637017131,175.34327330237875,-108.26422258101641,-0.5624833577285392,13.906122000816548,-0.00014593396567544033,-0.11498189268410197,160.20134073517687,-155.48003686390166,14.646190879577793,1.4390618956058479
6.101671064972177,174.69812048570975,-119.19152357472761,175.73572062200788,-106.70641774448819,0.7333290420799979,14.018767019810943,-0.0008857235645675388,-0.11499648608066959,157.20734812731254,-144.5545774289279,14.616894114161646,1.4587638007422337
6.115633698988131,174.97832965221284,-118.15909032171103,176.09940556057575,-105.13199880431495,-1.5709258046164085,14.018241902778056,-0.0006706122826388104,-0.11508505843712635,120.86010708292976,-124.47080712630934,14.129183862873662,1.4782027532465722
6.129596333004086,175.38418946284145,-117.12803404020298,176.43425721698293,-103.54219344502663,-0.7752785593753164,14.124123408298388,-0.0017444088945730877,-0.11515211966539018,155.21302968455393,-144.9413639771754,14.689227324045461,1.4973961320793236
6.143558967020041,175.8313358882297,-114.695389445145,176.74021031123553,-101.9382413490199,-1.994167092285093,14.319491680502097,-0.0017955343318865355,-0.11532656055484747,174.5431822365694,-173.34286966971717,15.25019981975312,1.5162777695575702
6.157521601035995,175.3287826237605,-113.30701938284807,177.01720519717168,-100.32139322989124,-1.934367028790771,14.318898346227177,-0.0027145740257679372,-0.11550611398803623,128.70190778996226,-121.72318311683478,14.422830970860742,1.5350055232203674
6.17148423505195,176.26394279301203,-112.64551625598867,177.26518787408946,-98.69290985716799,1.9688056683333381,14.380793316287352,-0.0031207862974020643,-0.11577757139061307,153.50128010001288,-128.90401659865603,14.7418405405185,1.5535057390819125
6.185446869067904,176.3027564210382,-111.30717261185596,177.48410999727466,-97.05406107319837,-4.087602691806547,14.604826940256164,-0.0009357982025618521,-0.11608965002035321,173.21910425208495,-193.68409325714575,15.639126661144365,1.5718934809471419
6.199409503083858,175.65671033605793,-110.66866554301753,177.67392888742563,-95.40612480296619,-1.1878398039212268,14.851330471058523,-0.003242765995799582,-0.11618322984060958,201.35040896407816,-181.52002616217538,15.960057498429547,1.5901454195758413
6.213372137099813,176.01391386930655,-108.77285966378604,177.83460753897361,-93.75038605760398,1.4190001235461058,15.278265743903738,-0.0026308463115655534,-0.1165075064401897,249.33576040578444,-230.3304615780823,17.057884305300963,1.6080300988524963
6.227334771115768,176.25879545373067,-106.38169246628988,177.96611462729715,-92.08813593237957,-0.6941802817044289,15.569759980514286,-0.0008382039450176982,-0.11677059107134635,207.7645218672449,-209.82731253628725,16.798544395061647,1.6260241240376017
6.241297405131722,176.01718512531517,-105.48835352868659,178.06842451482873,-90.42067059993897,-0.1969251189716149,15.657096839456738,-0.0013523084241761783,-0.11685441146584807,163.85846642619663,-154.12148979376076,16.063280373476097,1.6438628019578294
6.255260039147677,175.7692837144567,-104.29641554878631,178.14151725605313,-88.74929029958987,0.7896590329573719,15.891086970415667,-0.0011767856835854945,-0.11698964230826547,203.510248846776,-191.42181010498788,16.87332287338162,1.6614550857263728
6.269222673163632,175.52843440519231,-103.82071836127419,178.18537860139563,-87.07529832341417,1.6460169507457176,16.185852112975546,-0.00038681958698816884,-0.11710732087662423,221.0654060385652,-209.32893509481931,17.38977840550884,1.6790585519193142
6.283185307179586,176.48269608550612,-101.8593864340002,178.2,-85.40000000000003,1.8323505418186745,16.68114272695892,0.0008156555643053167,-0.11714600283532305,273.9665014315781,-265.04580967495747,18.613439436942944,1.6879036476715203
