Time,X,Y,Ref_X,Ref_Y,u,v,r,psi,Tp,Ts,Lateral_Error,Heading_Error
0.0,2.9396127854719536,-1.564828675534955,1.0,0.0,-9.62049090257188,1.3264059842918268,-0.002418254337200403,0.0,15.008872589929378,-57.688235943135396,2.8284271247461903,0.2449863085860926
0.013962634015954637,2.1832313262025718,-1.6385757909363128,1.5584872135658108,0.13962634015954636,-4.190029002079084,1.876935694143637,-0.004435383515997499,-0.00024182543371997767,28.937844912040607,-5.150009163889805,2.193780924773304,0.24503218937401305
0.027925268031909273,1.3725038282272335,-1.46307901273326,2.116865548942755,0.2792526803190927,0.7522971347550218,2.3140419221734643,-0.005262210557841406,-0.0006853637853199146,25.88069154239591,-3.6039732970255063,1.9189764098469646,0.24536581796806667
0.04188790204786391,2.360407865197628,-1.762411074898158,2.6750261491679854,0.4188790204786391,6.077721935143138,2.5199667797952743,-0.00521721883332193,-0.001211584841104063,21.349384113126813,3.2441560055444323,2.2887399230405543,0.24594716511014214
0.05585053606381855,2.296833577263304,-2.220612111226721,3.2328601997265523,0.5585053606381855,2.64027587650203,2.9039532570822653,-0.00446628779746803,-0.0017333067244362788,7.2611171136437385,-21.24419888111249,2.4794810297253123,0.2466573256953306
0.06981317007977318,2.9987605541790905,-2.2912206200447427,3.790258949765012,0.6981317007977318,6.500229762529241,3.4999476050354414,-0.004447078212870075,-0.0021799355041829394,29.832158523977164,-11.496844550155465,3.2786254411662976,0.2474092850744296
0.08377580409572782,3.9840029290345376,-2.2609397581869954,4.34711373329262,0.8377580409572782,4.806377961971626,3.9599750202176662,-0.0036549375129556225,-0.0026246433254697443,14.84526312207592,-20.835765218031113,3.4071342439991357,0.24813265902075576
0.09773843811168245,4.009141539861653,-1.6410515450268084,4.903315990365979,0.9773843811168246,3.1645149821764926,4.2384398400615115,-0.003439797045860012,-0.002990137076765098,10.632771724147254,-16.504716719228224,3.3662857478135173,0.24890087231143498
0.1117010721276371,5.0175344736918115,-1.8100412855173877,5.458757288253019,1.117010721276371,6.133590571553072,3.8447538337168212,-0.0036735515801988895,-0.003334116781350982,2.857084907878033,11.755128433484511,3.115813422332873,0.24963692793891568
0.12566370614359174,5.5275047142175175,0.08782470975845369,6.01332934257217,1.2566370614359172,3.183042663244339,3.8560141112260498,-0.0032338862884569272,-0.0037014719393710926,0.2619562347612537,-11.85985971906288,3.224302018198777,0.25039886614286866
0.13962634015954636,5.945193926806438,0.11238337618472127,6.566924038402617,1.3962634015954636,-7.31004682820937,1.239274976651453,-0.0038080769578712173,-0.004024860568216937,-88.85335784173209,43.20724663998439,1.671048874744708,0.251231961491146
0.153588974175501,4.886693170000197,0.4177223664166901,7.119433451361522,1.53588974175501,-0.9991920489155222,-2.397211604237717,-0.005328271280229212,-0.0044056682640039035,-84.021422696512,111.9822071985108,1.8453207942920065,0.2520693027604537
0.16755160819145565,5.095998056099917,1.388095934540733,7.670749868644092,1.6755160819145565,1.6060279644157247,-3.45347303950324,-0.005343594214085316,-0.004938495392026621,-26.99283481622782,38.51033683188074,3.054998646809826,0.2530127529427677
0.18151424220741028,4.675232763406748,0.7955010026258589,8.2207658100224,1.8151424220741028,33.83580847659351,-10.234572807985316,-0.006244016832219982,-0.0054728548134352906,-119.39369787798478,263.5113267564967,3.1538139162715897,0.25415743748912645
0.1954768762233649,7.807404015860642,0.24204757047415826,8.769374048798879,1.9547687622336491,33.255524225630836,-9.911679163845143,-0.024025949610218724,-0.006097256496657266,-6.912092861330823,6.774013737915849,4.255102184815119,0.25535344320222286
0.20943951023931956,10.761134407340554,-1.3077811086521107,9.316467632710374,2.0943951023931957,31.577484923043244,-9.405366770194695,-0.03262594067766651,-0.008499851457679064,-4.052518869192779,-0.9429528087958006,2.3892392887080494,0.25668990413098847
0.2234021442552742,14.06870657731021,-2.3890716405156383,9.861939904778692,2.234021442552742,-12.370183168387946,-3.5856134191189586,-0.0350668355907473,-0.01176244552544592,47.85587140252757,-241.95605549484648,3.654164208838825,0.25985564691645857
0.23736477827122882,14.064343720701078,-2.4417197705995486,10.4056845241036,2.373647782712288,-14.728043061436411,0.5800761253916296,-0.0185923015095756,-0.015269129084520827,102.27172978315961,-114.40713789260707,6.008429650638385,0.26393320609090676
0.25132741228718347,12.159689805173645,-2.674752024866958,10.947595486594192,2.5132741228718345,-11.597858889587712,3.0777593078848717,-0.012689798762830828,-0.017128359235478285,75.52846944612814,-62.72132988116579,5.853723946271048,0.26830745548868196
0.26529004630313807,10.093729475428601,-1.8664719155036487,11.48756714563459,2.6529004630313806,-0.7080490771177779,4.631377511044986,-0.011028643691551368,-0.018397339111761557,71.21873644652526,-22.976496694258707,5.369881739971116,0.27108769221615114
0.2792526803190927,10.530351246093735,-1.1251560946976482,12.025494232679966,2.792526803190927,9.04363261190244,4.594829949309972,-0.008567271635976235,-0.019500203480916856,28.139657070090983,16.443306869334876,5.043608245904526,0.27333201792704065
0.2932153143350474,11.415892736435787,-0.7191079071466366,12.561271877778864,2.9321531433504737,7.074789540483099,3.471972328066929,-0.004993941687527737,-0.02035693064451438,-27.37004365170676,20.597692151784624,4.537223475359678,0.27546552653942236
0.307177948351002,13.202748042575795,-0.52767916454325,13.094795630017778,3.07177948351002,5.965888974670003,2.3749630222637768,-0.003980109867989822,-0.020856324813267157,-26.59356783630978,23.27745533229061,4.146027271342727,0.277409218417652
0.32114058236695664,13.461053187626783,-0.9439350606798682,13.625961477884097,3.2114058236695664,0.1996303730170501,1.7271906684191156,-0.003951723054392524,-0.021254335800066304,-26.47998613868945,2.0474765678441074,3.762959760734081,0.2790529852057322
0.3351032163829113,13.721583395467349,-0.8980432191152182,14.15466586954333,3.351032163829113,2.83325031067497,2.3703802559647844,-0.00455763042398366,-0.0216495081055057,26.379040031130035,-13.972955015170896,4.350613981051622,0.2806539321655279
0.3490658503988659,13.152365979246024,-0.9657009526512867,14.680805733026748,3.490658503988659,3.413318145839167,2.5355506598682056,-0.004583581809319476,-0.02210527114790395,9.832974520420494,-6.225738719932985,4.492305678295708,0.2823118301061971
0.36302848441482055,13.05150456126139,-1.6614792323130727,15.204278496325482,3.6302848441482056,8.494930167472768,2.744936172331777,-0.004491447546998354,-0.022563629328836043,21.406641568082623,2.419425768276288,5.03323260163188,0.2840914086696098
0.3769911184307752,14.591764764017324,-0.16379509588446828,15.724982107387119,3.769911184307752,10.102085742596149,3.77669046527378,-0.0036052573117156253,-0.02301277408353597,36.815995334468326,-27.94358851081379,6.053716548319634,0.2859360496766925
0.3909537524467298,16.550990233353097,0.5230376186072687,16.24281505401096,3.9095375244672983,4.845056886228207,-0.5106883892088776,-0.002788136664984635,-0.023373299814707593,-122.74557702854827,101.25336273037816,4.395225329389822,0.2878354026992178
0.40491638646268446,16.629558695674476,1.136593625035487,16.757676383638042,4.049163864626845,-66.11714741940327,-6.171984494636305,-0.004613544951425458,-0.023652113481205994,-314.48678074182845,-2.060768790939273,3.532178572437656,0.2897116047720627
0.4188790204786391,8.9597478881859,1.2387053618443487,17.26946572303201,4.188790204786391,-53.27875341024812,-8.203583349364346,0.01619790823183658,-0.024113467976348613,-40.434430156813455,90.06407388714656,3.118554948225969,0.29157319403534654
0.4328416544945937,3.973561138830874,0.5717619311558985,17.778083297847083,4.328416544945937,-50.99613598556365,-6.621565588213466,0.029113185953284916,-0.02249367715316497,32.911816466180056,-29.28084248528813,9.343947484455768,0.29368614746072286
0.4468042885105484,-0.816300513130088,0.06389754665769021,18.283429952079292,4.468042885105484,-60.09668477575342,-3.4166817371628264,0.03093836023474609,-0.01958235855783652,54.84943784218687,-101.56544441197387,14.83082434406429,0.2937886005404535
0.46076692252650303,-5.950453399288191,-0.42333284855666364,18.7854071673971,4.60766922526503,-56.22511102770975,-2.6172000891785165,0.024794314882430286,-0.016488522534361838,22.523139394932734,-11.680576855546489,20.121451365648372,0.2926720950236046
0.47472955654245763,-11.61289070777628,-0.5569325279270816,19.283917082347767,4.747295565424576,134.14472103766232,0.33582284781355787,0.0186475220569567,-0.014009091046118805,499.9999994363,345.3372723407543,25.75866556714323,0.2914476733876725
0.4886921905584123,0.8560568180010456,-0.35736110297612433,19.778862511435634,4.886921905584122,116.6063991767668,2.1030931622293645,0.009932544405630224,-0.012144338840422986,17.298666623117068,-81.11087298794327,31.860284387763414,0.2909144034187596
0.5026548245743669,12.37589003605704,-0.22633075866672184,20.270146964068612,5.026548245743669,63.484449428916534,1.963266456321897,0.015622031068489757,-0.0111510843998599,-112.76226987054558,-111.65382671036419,20.14679567759772,0.2910748255563518
0.5166174585903216,18.33072252633539,0.2838843554920272,20.75767466336924,5.1661745859032155,24.130144876964998,1.027279724845077,0.0122731055933506,-0.009588881293010942,-106.83533198970409,-61.758117796880406,9.966615645737647,0.2921881504791606
0.5305800926062761,20.75928720822435,-0.3588378736108234,21.24135056484655,5.305800926062761,-34.0937658241676,-3.9199102685172478,0.00491919923768044,-0.008361570733675716,-262.72600963335685,5.4288684907857405,5.804429482760579,0.2928164575801979
0.5445427266222308,16.782299774400958,-0.15239946622895606,21.721080374925208,5.445427266222308,13.109323302118185,-0.24715563644018124,0.007385419318657236,-0.007869650809907647,198.41750612837444,8.746826417983057,5.883412267468138,0.2938662551791493
0.5585053606381855,18.013930688201338,-0.2869364955769139,22.196770569328194,5.585053606381854,22.546833425516382,0.7347279585834913,0.0013241668877725142,-0.007131108878041914,48.574148735944576,-4.659156053289528,7.88890751305472,0.29574085797566685
0.5724679946541401,20.57711013733829,-0.6317759475672353,22.668328411309595,5.724679946541401,16.480910303233397,1.1674364558796055,-0.0009137002843960344,-0.006998692189264855,0.8416669383041768,-25.078949113696066,7.60282515990093,0.2974612282852829
0.5864306286700948,22.943022267847336,-0.6857716517467163,23.135661969733764,5.8643062867009474,7.899605534297466,1.95970567792588,-0.0019363523067564463,-0.007090062217704585,5.420366836349595,-41.49072338384316,6.981781425498004,0.2998832561759279
0.6003932626860494,24.295824509283577,-0.7449825544771043,23.59868013699752,6.003932626860494,0.9153060456410032,2.203527392408848,-0.0027206859617551456,-0.007283697448380089,-5.269896123680531,-24.46506903035506,6.721757997473144,0.3026279240295917
0.614355896702004,23.74048457277981,-0.1079836035075093,24.057292646791726,6.14355896702004,-1.6255012603796577,2.366962857863985,-0.003850312771855409,-0.007555766044555767,2.4607425279888457,-13.04382094092984,6.8926701460909925,0.3055772203478857
0.6283185307179586,24.41892713682276,-0.8362187152117984,24.511410091698927,6.283185307179586,0.8825992318177747,0.24069126978222855,-0.004948250865200263,-0.007940797321741133,-48.97293638150931,60.71757319503704,6.437496889370432,0.30871102428742336
0.6422811647339133,25.32358335021173,-1.149064401382477,24.960943940623434,6.422811647339133,2.1006234781845112,2.0718089515253695,-0.005005417785588315,-0.008435622408261345,53.459864132065995,-47.537526766577,7.279237873571559,0.3120677899246491
0.6562437987498679,25.714448674848704,-1.6988540769797658,25.405806556050706,6.562437987498679,-0.47160254501189147,3.1356804768580284,-0.004873813848875137,-0.008936164186819973,26.922778740173737,-37.53750842500121,7.711940725219445,0.31564850070969674
0.6702064327658226,26.07983448345885,-1.2077850320524577,25.845911211132417,6.702064327658226,0.37711629457726115,4.314960181610004,-0.005094757006569048,-0.009423545571707326,39.300847025327194,-34.733997708031644,8.401946943407312,0.31935347429052197
0.6841690667817772,25.868006594296133,-0.7922185741964491,26.281172106594035,6.8416906678177725,0.496293474662526,3.7752008747120103,-0.005186053034452533,-0.009933021272364062,-7.574373522963972,9.151490423050326,8.051993286217462,0.32316848685747646
0.6981317007977318,26.791315914360602,-1.2872669353213695,26.71150438746157,6.981317007977318,3.6501011121031195,2.650470322532828,-0.005272489053721299,-0.010451626575809225,-17.698363027926195,32.77643818447691,7.8191651711929335,0.32713372226360926
0.7120943348136864,27.990173933982504,-0.8908878963555673,27.136824159604217,7.120943348136865,0.2826106806284714,3.5966085651309587,-0.004744510436147726,-0.010978875481181483,22.91929781598064,-36.833356562811986,8.415306062074281,0.33124143956781404
0.7260569688296411,26.902362597209926,-0.23542788333050646,27.557048506089664,7.260569688296411,-2.5450440011931437,2.9154428527098073,-0.0050460478609239455,-0.01145332652479647,-19.192081872851492,7.470965395881979,8.162956473647744,0.3354966914599271
0.7400196028455958,26.897527452049754,-0.30268544381223006,27.972095503348935,7.400196028455958,1.8888558807549356,0.2891768147520484,-0.005812281857164264,-0.01195793131088907,-57.57659934437955,77.91708740651255,7.7101933187645715,0.3398439120441443
0.7539822368615504,26.79069583027607,-0.9395661373546542,28.38188423714755,7.539822368615504,6.221077669319337,1.2301973168571356,-0.005522125147193698,-0.012539159496605556,36.11893906502693,-16.153236856695994,7.981744411684447,0.3443722891473313
0.7679448708775051,28.505935579356567,-0.8105684187005053,28.786334818359894,7.679448708775051,7.475062048002144,2.721704498831711,-0.004945248843225598,-0.013091372011325042,46.084914864013086,-39.26993128004756,8.847032942663008,0.34913491506680394
0.7819075048934596,28.855671596240665,-1.699959468239457,29.185368398543783,7.819075048934597,0.8274917741322696,2.7384232316690444,-0.004086914674093464,-0.013585896895647487,-9.59287925492144,-18.563115872217093,8.656348845459375,0.35403318771989056
0.7958701389094143,28.859115976619524,-0.0472664752682832,29.578907185312133,7.958701389094143,2.6181408810902855,4.346967933112133,-0.0044450259948874355,-0.013994588363056781,52.632460887826845,-43.773130533406004,9.685700763201794,0.35904591678034325
0.8098327729253689,29.09008694937494,1.0246071584893235,29.966874457498697,8.09832772925369,2.442016711932913,3.9647197111509156,-0.004315075237949506,-0.014439090962545365,-3.731004190993607,4.235771880431958,8.220573811888176,0.36415291562344887
0.8237954069413236,28.78015599469006,1.7981048845426402,30.349194580115054,8.237954069413236,7.087885746846357,-14.071341089970549,-0.005789794219831076,-0.014870598486340203,-478.0011367439185,499.9918018208222,7.322412558926432,0.36948430119809705
0.8377580409572782,29.925371448273932,0.1447831030500482,30.725793019095768,8.377580409572783,4.02883074790838,-16.51180063481963,-0.011108832191554428,-0.015449577908323242,-95.86310503608385,81.14276107015749,6.861122474873114,0.37500029173224636
0.8517206749732329,30.417360224950013,-2.472858771147595,31.09659635582898,8.51720674973233,-0.5487891572848289,-16.081892906565507,-0.011982161732687053,-0.016560461127478554,-24.629255691746117,2.414197410156718,8.453948515551886,0.3808709728444626
0.8656833089891874,30.289174783713143,-3.9676792611482767,31.461532301469468,8.656833089891874,4.406965800997447,-3.659435281489504,-0.007510775711016225,-0.017758677300747205,326.19627718601464,-306.2135289409757,11.178565929808311,0.3874910351489431
0.8796459430051421,30.77684344406864,-3.567945416875198,31.82052971103157,8.79645943005142,5.201130977725074,4.160606688590506,-0.006754036267234224,-0.018509754871848916,210.77811315159303,-206.96409015176627,12.855671294864518,0.39442685647993736
0.8936085770210968,31.561106943663763,-3.6403129372813705,32.17351859725896,8.936085770210967,4.258644651027473,7.419391297672463,-0.004710969896899484,-0.019185158498572275,94.2804141389589,-96.94948013849523,12.581792297250923,0.401155658213046
0.9075712110370514,30.964306459014725,-2.344554375813809,32.52043014426888,9.075712110370514,2.3149936910239988,8.85042111355515,-0.003234419835550421,-0.019656255488262442,47.069865257275715,-53.82078208547616,12.752160366609626,0.40806140128845847
0.9215338450530061,30.714784259057424,-2.0378132266107625,32.861196720967854,9.21533845053006,7.46420051520265,7.209192430959814,-0.0032748029634986726,-0.01997969747181738,-19.175099744675993,44.150434620700125,11.714491658729758,0.41502881698032557
0.9354964790689606,31.630842082206588,-1.4977188186680641,33.195751894236565,9.354964790689607,8.957462604176145,6.301832469051645,-0.0014973508361639687,-0.02030717776816715,-9.555754329306332,18.489247905470563,11.659785219217758,0.42212885861027605
0.9494591130849153,33.079190322174945,-0.7009966799655476,33.52403044188111,9.494591130849152,5.8794555413377685,4.948040967889725,-0.0004513867538179148,-0.02045691285178375,-33.37359355981507,21.886041440989572,11.154149012428617,0.429528535157111
0.9634217471008699,32.719432554201134,0.1691812614074205,33.84596836534816,9.6342174710087,2.427670764795552,2.06835668603936,-0.0014584248673722988,-0.020502051527165666,-78.39735933405142,64.69717593028594,10.363619064496286,0.43706247570603196
0.9773843811168246,32.87082929259607,1.1440688454874164,34.16150290220167,9.773843811168245,9.96582231202109,-3.504954725662394,-0.0034920768359077274,-0.020647894013902768,-132.54098508340834,167.17310658807403,9.712317415702623,0.4448214289009136
0.9913470151327792,33.3439146430237,0.3369348739830104,34.47057253835847,9.913470151327793,-55.696403485681685,-8.902061549483603,-0.006681830080845759,-0.02099710169749347,-299.90295831571717,7.154035574267421,8.91412237493054,0.4530295801840092
1.0053096491487339,27.879575996482046,-0.22600896448482194,34.773117020080605,10.053096491487338,-53.37042046333946,-8.272502393265535,0.019898163266428757,-0.021665284705577825,5.25367391818674,-1.9335833709816117,9.82071362030527,0.4618098681744631
1.0192722831646885,22.259938957155835,-2.1192382849718654,35.06907736572191,10.192722831646886,47.04397687504189,-1.2419144270040334,0.03176842552840664,-0.01967546837893508,401.7882571073261,40.68171874392242,12.658550555969182,0.4712996879415723
1.0332349171806432,27.270359246744807,-1.5226494573760327,35.35839587722658,10.332349171806431,50.009471901122275,3.9983618154551026,0.011792027267980142,-0.016498625826094404,151.44729421892336,-133.1133051230118,18.07239895201375,0.4785454828229163
1.0471975511965979,32.26637203154691,-0.6116147092257703,35.64101615137755,10.47197551196598,26.680357999537755,4.886065951707147,0.014335123865071638,-0.015319423099296348,-18.465094611160207,-79.56558728392037,14.626651194659654,0.48504341251403016
1.0611601852125523,34.06618024799445,0.144831553689389,35.91688309079238,10.611601852125522,11.120275768464834,1.7939494205808448,0.011722106138521496,-0.013885910712789329,-110.10005624339766,44.448920775301644,11.801983772936795,0.49400524442892646
1.075122819228507,35.58991785920867,-0.4808275798639923,36.18594291466466,10.751228192285069,-21.168199086915337,-3.3570731543946306,0.004358269601236843,-0.012713700098937242,-209.80487922241898,67.21832744544258,10.816147346362406,0.5032082023895397
1.0890854532444616,32.06786538119478,-0.37693288913129425,36.44814316924859,10.890854532444616,8.857219270274818,0.9084869833875566,0.0038581536512046475,-0.012277873138813344,177.86231172523375,-46.04016190450102,11.40402142869754,0.5131993113891262
1.1030480872604163,32.452664898634936,0.3005975924189781,36.70343273808502,11.030480872604162,19.526175389414785,1.6860569708282391,2.1500651691918563e-05,-0.011892057773692954,47.29463094219003,1.8514827634094688,12.313308793809155,0.5244874864441678
1.117010721276371,35.11247529823252,0.26300015383180286,36.95176185196668,11.170107212763709,-65.44519512251419,-5.23820224162761,-0.0013531701686221166,-0.011889907708523939,-376.12690505444147,-1.1468600421063697,11.763847703121867,0.5364227980362752
1.1309733552923256,28.76534638110895,-0.674484258078607,37.19308209864079,11.309733552923255,-73.59570703807871,-6.01076441544484,0.014626355984581757,-0.012025224725386252,-51.23214765841913,7.2405863659741465,11.240962745624048,0.5493781511230051
1.1449359893082802,21.043915447449614,-2.3518976878834525,37.427346432247084,11.449359893082802,59.72042583280971,0.3560200414262562,0.028955513858772916,-0.010562589126927868,459.59191972638547,128.17355432219506,14.900263148265795,0.5631496144881325
1.1588986233242349,26.882681188460516,-3.2011974153267966,37.65450918248958,11.588986233242348,64.18064343785151,5.0374174663142455,0.014427587254963202,-0.007667037741050375,142.64169843613354,-116.03453947593727,21.685480597230328,0.5760472632489853
1.1728612573401895,33.242830601344096,-2.2280313405241876,37.87452606354002,11.728612573401895,36.0706060834435,7.869929530303617,0.02237007170908222,-0.006224279015554224,26.654606246287294,-144.41150768329976,18.539683925497613,0.5882850699856541
1.1868238913561442,36.96023451195573,-0.49948541956146997,38.0873541826715,11.868238913561441,13.96969957544108,6.94761702575865,0.024246683138487223,-0.003987271844645868,-59.825123074880956,-33.65121476759861,14.905510518135788,0.602801328406239
1.2007865253720988,38.516550011608004,0.8908368728192386,38.29295204862049,12.007865253720988,0.3925659846970255,1.6899890394544173,0.015097940461568994,-0.0015626035307971797,-162.3480046843434,104.51090910557858,12.578153954257077,0.617405428441824
1.2147491593880535,38.5192553242288,0.6543994049393609,38.49127957967566,12.147491593880535,-29.451652823227594,-10.599300262001726,0.004561307230130884,-5.2809484640370385e-05,-400.9129783205106,268.0951874949472,11.256683086234665,0.6327644077020738
1.228711793404008,35.01984067478168,0.32243575876638286,38.68229811149187,12.28711793404008,-27.71551909652211,-10.763998309358728,0.01620258736073007,0.0004033212383727225,-18.976628074940276,22.292061184027624,11.63386106706461,0.6500454079778071
1.2426744274199626,30.974907695152268,0.13005228360861654,38.86597040462786,12.426744274199626,-25.459219035588788,-9.991625194118063,0.02176700757166884,0.0020235799744456884,7.9029842678581685,-2.064156949694383,12.700669216053,0.6694560626818458
1.2566370614359172,28.213473842502648,-0.4733282746318806,39.04226065180614,12.566370614359172,-20.86707527182871,-8.781878823434715,0.022473314932359868,0.0042002807316126045,26.563579520460095,-9.90530629816032,14.823771360588177,0.6888516663449247
1.270599695451872,26.213099436459856,-1.0427778862677068,39.21113448489375,12.705996954518719,58.621199413116855,-0.9674375767471721,0.01967246746969467,0.006447612224848687,377.4519148502216,-25.19200593128064,17.165172679030167,0.7089171276865152
1.2845623294678266,31.809024508132026,-0.9904640694492615,39.3725589816023,12.845623294678266,49.03247037295353,2.5724377179047213,0.005287258868277134,0.008414858971818262,77.63889653891555,-114.1152171433522,19.13267004061749,0.7302193674913493
1.2985249634837812,37.14798520483978,-1.089645835051387,39.52650267190633,12.985249634837812,25.23414770191729,3.220511557462909,0.006968888819581268,0.008943584858645881,-28.489404727666418,-71.92687731062064,15.964962973728774,0.7531936562618515
1.3124875974997359,40.12742052818791,-0.38870143091493575,39.67293554417837,13.124875974997359,6.35243820492683,3.6607127129203687,0.005501256762925916,0.009640473740604172,-23.423889397528434,-57.46972550432438,14.43703586282439,0.7790857433005116
1.3264502315156905,40.98893317492413,0.4021992884791051,39.81182905103986,13.264502315156905,-4.238037252244386,0.2084304555327452,0.001359684663220907,0.010190599416896706,-112.02630361113204,66.25238601558065,13.656850680599778,0.8063780183699913
1.3404128655316452,40.271989104989736,1.2118083041142627,39.94315611492641,13.404128655316452,19.694147867446905,-4.390828487010939,-0.0022257227358795976,0.010326567883218729,-72.45077085071635,179.39072319977325,13.043918771574932,0.8354748608636173
1.3543754995475998,42.59919115451215,0.503589767206419,40.06689113336672,13.543754995475998,14.218845854462948,-8.074934814021084,-0.008569885649550113,0.010103995609630712,-119.19397652323092,96.51312843392002,12.333652110245025,0.8667316550194473
1.3683381335635545,44.57634623905367,-0.32521387992587014,40.18300998397376,13.683381335635545,14.677918219019697,-7.482029619699523,-0.013105720400071873,0.009247007044675737,5.1762197942290795,-2.466165326261927,13.399434213283028,0.9001769281272125
1.382300767579509,45.47286467360824,-1.0517023789990434,40.291490029147546,13.82300767579509,-23.677989462589338,-0.29034373634399824,-0.014718848099727157,0.007936435004668674,100.3786729447421,-271.09792657551924,14.78283348784455,0.9361638570163766
1.3962634015954636,43.0877806609146,-1.9119258419241518,40.39231012048832,13.962634015954636,-17.895859374120477,3.133038380652101,-0.009742345666429855,0.006464550194695828,105.03261316872964,-81.47511040223515,15.850625601157144,0.9745784083196547
1.4102260356114182,40.92372823649493,-1.2410558645263428,40.485450602919514,14.102260356114183,-7.490580563184725,5.503737553776034,-0.010455580426606971,0.005490315628053022,92.34221849048673,-46.9420808506574,16.22424979209166,1.015180273919455
1.424188669627373,39.249372714946944,-0.8536149006551417,40.57089331851953,14.24188669627373,0.416202132823825,4.23567876908939,-0.01034723955635999,0.004444757585392534,-8.747838525119041,44.47314745748642,15.486962349679068,1.0573426545867637
1.4381513036433275,39.03790548817247,-0.5594620179697389,40.64862161006167,14.381513036433276,6.753277030194525,3.0071335016583074,-0.008039323582755543,0.003410033629756448,-12.766382661338273,42.141793329967506,15.299249025031646,1.101641435888813
1.4521139376592822,40.38937802835237,-0.38850925397898295,40.71862032426148,14.521139376592823,6.424976701691021,1.9423289994030442,-0.0058279248298918895,0.002606101271481087,-24.764039864650005,24.83489933268444,15.173969183504097,1.1479704237285642
1.4660765716752369,41.62641205947375,-1.0265921663745017,40.78087581473093,14.660765716752369,0.29668454692365387,1.459178637388754,-0.005014869175234735,0.0020233087884919954,-23.462454015528966,-2.604124397485765,15.054366398537683,1.19604911408174
1.4800392056911915,40.83616421249038,-0.6171739046033802,40.83537594463881,14.800392056911916,-3.7552732935679627,3.406012565067206,-0.0050143318683293974,0.0015218218709684983,46.766168905837326,-64.28790851972917,15.846739971966798,1.245785185749332
1.4940018397071462,40.39961398853679,0.1596677920595022,40.88211008907681,14.940018397071462,1.188186019217179,2.1271821210355646,-0.0059636099645812455,0.0010203886841355647,-18.74403616454505,41.30684394676558,15.557260148717262,1.297171420250259
1.5079644737231008,41.111959398241844,0.7479541431362722,40.921069137130864,15.079644737231009,-6.2075850231359935,-3.72246171017891,-0.006049704662394415,0.00042402768767724197,-173.548016985251,141.2722481709447,14.929086626999139,1.350095211865323
1.5219271077390555,40.16790198394298,0.9049817812821339,40.952245493657365,15.219271077390555,-7.639272168624683,-3.7558314616270874,-0.004565153986438469,-0.00018094277856217644,-10.360934573270578,3.0562968994655284,14.47219825537753,1.4044117005693746
1.5358897417550101,39.98430636122573,1.1070118593905163,40.97563308076383,15.358897417550102,4.8846546500571835,-5.29225593147603,-0.0036040995394419455,-0.0006374581772061738,-20.51247605543003,75.45665819033452,14.4764673434206,1.4597525542483396
1.5498523757709646,40.42772000574889,1.4595064620628109,40.99122733899382,15.498523757709645,8.092717406017309,-5.766677362067769,-0.005868794877137028,-0.0009978681311504367,-13.962921951820265,28.371688926444065,14.426694166541777,1.5156434729824753
1.5638150097869192,41.10270118228492,0.9172345510811515,40.99902522821579,15.638150097869193,15.526193655395632,-8.79572054101127,-0.008380781895917996,-0.0015847476188639575,-75.22887648214498,108.81081156689044,14.190148871960815,1.5717941949260474
1.5777776438028739,42.67927559332041,-0.18652776634198434,40.99902522821579,15.777776438028738,14.990685948611551,-8.035667991483491,-0.014133908515066546,-0.002422825808455542,6.460829236717351,-8.166556968097243,14.860903535020201,1.6281713864033875
1.5917402778188285,44.12608532696497,-0.6691206889302119,40.99122733899382,15.917402778188286,-12.120309873759991,-0.4873572007110649,-0.015798286443975983,-0.003836216659962144,134.42749980094098,-254.90918753716656,16.192161248332173,1.6844438679284695
1.6057029118347832,42.260906645567765,-0.8428284453472755,40.97563308076383,16.05702911834783,-12.487781693501118,2.3527602424959393,-0.010418084666343367,-0.0054160453043596846,75.5813252510017,-78.28782984080178,17.02026547181627,1.7405931419927017
1.6196655458507379,41.79854387280306,-0.9069813538149326,40.952245493657365,16.19665545850738,-3.5689903000939935,3.077907453097163,-0.00955682426331514,-0.00645785377099406,42.90224544102335,-3.6795246529387327,17.089663709980993,1.7958930983446963
1.6336281798666925,41.70609747733218,-0.6268802569950835,40.921069137130864,16.336281798666924,-3.815571975406407,3.278716174540971,-0.008173077273312799,-0.007413536197325765,9.678181410477547,-10.356597264888117,17.265575173085935,1.849357265239556
1.6475908138826472,42.03583726780502,-1.0591802725988946,40.88211008907681,16.475908138826473,-3.283883758740813,2.201767606830513,-0.007618743733491587,-0.008230843924657005,-23.318107062489815,26.12445872611925,17.122626145783023,1.9011976952492988
1.6615534478986018,41.80140938170381,-0.6564958928182916,40.83537594463881,16.615534478986017,-5.674234793195692,3.7170092220563444,-0.006837747043314148,-0.008992718298006075,39.595350593627344,-49.96281830655929,17.71543533019472,1.951168282161225
1.6755160819145565,41.479152532940596,1.0204448333515699,40.78087581473093,16.755160819145566,-3.716531937391461,2.1909396838477138,-0.007390678252241573,-0.009676493002337416,-31.83654429741332,40.885256513802275,17.441538871802408,1.999204914529484
1.6894787159305111,40.64391898926997,0.7926567329375834,40.71862032426148,16.89478715930511,47.92957718357085,-11.932697019606628,-0.008051308139557914,-0.010415560827561787,-268.76107363189226,499.9916337371739,15.8925502523037,2.04518295311792
1.7034413499464658,44.640816616512566,-1.2978104467112783,40.64862161006167,17.03441349946466,47.14397121395352,-11.712086223496403,-0.03682992001713183,-0.011220691641517622,-12.144130313499153,12.370695560470477,16.241757447322943,2.0891752442025435
1.7174039839624202,48.971584937862175,-2.017133923701781,40.57089331851953,17.174039839624204,-32.37680896362092,-0.48131162125118365,-0.050245830034623344,-0.014903683643230803,113.93648230756052,-465.7091566086418,18.914902290319628,2.131168521117166
1.7313666179783749,46.24694785950188,-1.5161134143626227,40.485450602919514,17.31366617978375,-34.40870446021168,4.601895403621562,-0.028111436127814395,-0.019928266646693338,131.7897701468921,-144.28681524337003,21.111473387511563,2.1739814939086948
1.7453292519943295,42.619776139231575,-1.3908535823989476,40.39231012048832,17.453292519943297,-21.278306530722922,4.752777403304655,-0.025794732981782295,-0.0227394102594749,38.689101930659994,17.2497809307738,19.852333478852362,2.2161100561754408
1.7592918860102842,40.95900104778278,-0.9255592399828277,40.291490029147546,17.59291886010284,-7.735364892229114,4.606991772710177,-0.021583989239897357,-0.025318883557653216,32.47542556138452,26.796991550124773,19.126017158810157,2.254051140112413
1.7732545200262388,39.38478830125937,-0.6295488580344184,40.18300998397376,17.73254520026239,-2.987992225498214,3.1671872608757035,-0.016011954273845587,-0.02747728248164316,-22.123897249243022,43.54705311351979,18.674234212791962,2.2898533142447866
1.7872171540421935,39.32999727811132,0.7253583084292688,40.06689113336672,17.872171540421935,2.8626626513898117,2.353471377944226,-0.01162164402144331,-0.029078477909027622,-4.4403344053272304,31.103221885009507,18.514289669771962,2.323404475790916
1.8011797880581482,39.06115318709921,1.122483154454401,39.94315611492641,18.011797880581483,60.8628539029206,-7.686092865811526,-0.009192768985786904,-0.03024064231117185,-141.92125258607652,402.3095237915273,17.297310682323843,2.354652639388231
1.8151424220741028,44.95932870335535,1.046672703872936,39.81182905103986,18.151424220741028,57.88773797816047,-7.97782262689302,-0.032005430928276984,-0.031159919209750697,-23.619243581385206,16.121722870915367,17.045478816735134,2.3838039677418017
1.8291050560900575,51.07545079378927,-0.09142332687854673,39.67293554417837,18.291050560900576,53.64192145144104,-7.49179423356934,-0.043804812246406,-0.03436046230257839,-5.976682504654685,-7.426574387605774,18.036477491720447,2.411144057565904
1.8430676901060121,55.78677083834471,-0.6632954611226465,39.52650267190632,18.43067690106012,-72.61898172139041,-1.1401567127672516,-0.04647614102856078,-0.038740943527218796,-117.42304246313739,-441.9515065441859,21.827652177358644,2.439286136176144
1.8570303241219668,49.15942536593209,-1.3190962077753854,39.3725589816023,18.57030324121967,-63.364530773025635,0.5004113653583486,-0.02286392214365234,-0.043388557630074764,59.28272896998403,-25.95220999832176,25.285522931526785,2.46721618869889
1.8709929581379212,43.855961216564346,-0.2354635001768125,39.21113448489375,18.709929581379214,-35.897872377766475,3.115113450076012,-0.016174188911578125,-0.04567494984443998,130.27729617040671,-14.038798405479831,22.363594646576175,2.4941059649004824
1.8849555921538759,39.81071292006882,0.011383776579124705,39.042260651806146,18.84955592153876,1.3884113347147249,0.574885820473733,-0.017214388984689334,-0.04729236873559772,16.578257484898092,147.0380114483048,19.682725407179106,2.5174082195140404
1.8989182261698305,38.690719215269134,0.36043445071208674,38.86597040462786,18.989182261698303,13.069298142675057,-0.5268570924731566,-0.011761228044212702,-0.04901380763406671,-3.225816467327996,56.045227146710786,19.0012992651101,2.538892423832218
1.9128808601857852,39.43305319375996,0.6028068621933972,38.68229811149187,19.128808601857852,2.064950402837999,-2.337147288669135,-0.009316799407568016,-0.05018993043848807,-74.44181569114035,26.923015861465373,18.768376040360693,2.5594046570525713
1.9268434942017398,39.192709022064406,1.5751883124579809,38.49127957967566,19.2684349420174,11.913411791538223,-2.9854024637261056,-0.007816858470026576,-0.051121610379244675,0.6087269059251654,43.64309534941232,18.689371555900422,2.5783644274311257
1.9408061282176945,40.00936424088049,1.788370476003606,38.292952048620485,19.408061282176945,76.0018338283102,-8.229721202306768,-0.009008426535552696,-0.05190329622624734,-4.711791611130081,292.49387413695297,17.855557145196958,2.5961372145783432
1.9547687622336491,47.84584541015108,1.5491176590189228,38.0873541826715,19.54768762233649,73.71173793064003,-7.52505279422647,-0.04008974185658187,-0.0528041388798024,5.213173621961538,-8.08028312162755,17.86301957027114,2.6128779175714314
1.9687313962496038,54.467039691737796,0.3849488690956215,37.87452606354002,19.687313962496038,71.60910640902658,-6.771427475743215,-0.0529616235240347,-0.05681311306546055,7.69079151680881,-9.608233677859175,20.698342316610066,2.6289121183475324
1.9826940302655585,61.14756413623559,-2.3574624532253345,37.65450918248958,19.826940302655586,68.33785399713014,-5.919109471541415,-0.05616300548287473,-0.06210927541786404,8.75201208120475,-15.914767515058282,25.703155701723105,2.6472813768925274
1.9966566642815131,68.47791348319853,-2.297641699841697,37.42734643224708,19.96656664281513,-118.44157058033414,-2.4281940743653947,-0.05343773371370079,-0.06772557596615147,-328.0147070421591,-500.00000443028745,32.57316384703014,2.6662136855931813
2.0106192982974678,57.341073450584304,-2.6656656762682274,37.19308209864078,20.106192982974676,-126.64856181231121,0.574420129327168,-0.015741532580258656,-0.0730693493375214,52.82453985496738,-103.05711705259807,38.47950731565018,2.6847874892933437
2.0245819323134224,45.21454159777979,-1.5079108595903419,36.95176185196668,20.245819323134224,-73.40762568164452,3.6493475684215366,-0.014485213526907285,-0.07464350259554742,197.29888260334738,27.310588196700362,30.67018376768171,2.7024523896219677
2.038544566329377,38.304304886434046,-0.6839616320600932,36.70343273808501,20.385445663293773,-25.572271216239763,2.8416892597149506,-0.024345648046677233,-0.07609202394823811,86.53066265296742,120.23403585938945,23.489530303087957,2.7157505448951564
2.0525072003453317,35.7643557890493,0.29190610503522685,36.44814316924858,20.525072003453317,-3.8769574972218166,1.7634841307993094,-0.019404635932924758,-0.07852658875290564,21.846712595543988,73.1176301562057,21.29010202119013,2.728362385861274
2.0664698343612864,36.655220338532104,1.0721970989154317,36.18594291466466,20.664698343612862,37.258156957236366,-1.992873747813811,-0.013543379077347935,-0.08046705234619811,-8.631632282747889,192.7698137667985,20.377153856727237,2.7414334210130633
2.080432468377241,41.044762360561435,1.1782562716199694,35.91688309079238,20.80432468377241,39.813350625621744,-2.495123132595946,-0.013696900067083248,-0.08182139025393287,-9.269285883548795,24.81673070733901,19.745936313998218,2.753514919248051
2.0943951023931957,44.56719430887181,0.8889105776053203,35.64101615137754,20.94395102393196,40.26609665122151,-2.7052751844217204,-0.015071715151056016,-0.08319108026064104,-6.61919920802237,12.968490312833366,20.49105078161789,2.7645440293997545
2.1083577364091504,49.79617766366064,-0.09877544008005562,35.35839587722657,21.083577364091504,37.70672465297648,-2.4943899870715347,-0.016274372437230136,-0.08469825177574641,-2.126820417478443,-4.970261638406535,22.19519171288863,2.7751493306144397
2.1223203704251046,53.612734199366486,-0.8518585587837839,35.06907736572191,21.223203704251045,-82.41947756496799,-2.777786225502305,-0.01617649200172402,-0.08632568901946946,-278.3819087378076,-254.70824685329615,25.913592530115107,2.7854781388885703
2.1362830044410592,45.86512450348365,-1.5015246931407813,34.773117020080605,21.362830044410593,-70.4964256550308,-2.327763813876471,0.0008599768670759095,-0.08794333821964173,29.948816533084404,14.23117291348754,29.1277112935249,2.7955366564391566
2.150245638457014,39.74704864799539,-1.8506113336490642,34.47057253835847,21.502456384570138,-45.567801903305465,1.755662038147948,0.006855853948095528,-0.08785734053293393,160.39878257589305,-56.54711234176462,25.6713645899399,2.805216614435688
2.1642082724729685,35.664189563977224,0.07079241403431258,34.16150290220167,21.642082724729686,-24.23819473389804,4.382826915598599,-0.0028361926469436076,-0.08717175513812458,120.3568763995684,-29.252202952227414,24.147567069974947,2.812844431268479
2.178170906488923,32.965352201008145,0.5618079121329669,33.84596836534816,21.78170906488923,20.785066485129995,0.8922908532159255,-0.00987504829230915,-0.08745537440281881,10.662094450132379,189.0643006062063,21.786918785076367,2.8195430513389734
2.192133540504878,35.00582948736332,0.1614418291718221,33.52403044188111,21.92133540504878,35.39845204505111,-1.5710319197260607,-0.007024767866721848,-0.08844287923204952,-32.36855407244747,100.46716036249417,21.36683261734063,2.8268988668541537
2.2060961745208325,38.01402200333659,-0.6428212837382683,33.195751894236565,22.060961745208324,21.79336169408353,-1.9996611969653681,-0.00923318266808638,-0.08914535601872187,-42.736833137322506,-14.147966618732388,21.974197447142842,2.8346629713297755
2.220058808536787,40.12288101998629,-1.1297330504060372,32.861196720967854,22.200588085367873,-38.687674250568875,1.1662888703444207,-0.009487367326783569,-0.09006867428553056,-50.363961239867486,-217.6877962797953,23.417364497209856,2.8418617668186332
2.234021442552742,37.060945148158254,-0.7622871115619736,32.52043014426888,22.340214425527417,-32.50329026625363,1.8044231360205099,-0.009897456541550113,-0.0910174110182087,31.087773183073537,-7.132961753803458,24.67054303903284,2.849015424534122
2.2479840765686965,33.939146841068194,0.09178293512164981,32.17351859725896,22.479840765686966,-17.7920405882711,1.1654973989895547,-0.01092744692335976,-0.0920071566723637,16.46111384142249,46.396344535235,23.75044097596564,2.855941885428816
2.261946710584651,32.65184780465889,-0.1225938288443198,31.82052971103157,22.61946710584651,21.48230885658114,-1.7234375054918776,-0.009678660330098659,-0.09309990136469981,9.408812581944355,164.7993296530023,22.6270875863336,2.862669236240688
2.275909344600606,35.1982860576173,0.19333982245439674,31.461532301469468,22.75909344600606,-19.144105610594693,0.781370321044778,-0.009434759738213037,-0.09406776739770972,-23.69298844804761,-155.56109277627158,22.912626727225817,2.869271160018357
2.2898719786165604,32.896424511374676,0.6127199819273462,31.096596355828975,22.898719786165604,24.95917108344969,-2.6576660522689384,-0.008626269491775833,-0.09501124337153088,4.444597441605529,191.1546986136737,23.072887502570083,2.875530727741589
2.303834612632515,35.271096515817554,0.06405622525672391,30.725793019095768,23.038346126325152,16.502716733200845,-1.7131836065421493,-0.010541628875880059,-0.09587387032070849,4.130707815141759,-39.28966122988201,22.53043162133321,2.8815586867257768
2.3177972466484698,37.358201164818496,-0.5606148182657442,30.349194580115054,23.177972466484697,13.350444746622069,-0.9134495299438727,-0.00957709061212778,-0.09692803320829668,13.043168710817804,-25.256333770177754,23.632144267314683,2.887308196650105
2.3317598806644244,38.90326492539572,-0.05878220097695219,29.966874457498697,23.317598806644245,-46.05155595402143,0.3563810716377165,-0.008177508313982557,-0.09788574226950963,-98.7113200127099,-165.26955173498322,24.99601561071636,2.893060666913401
2.345722514680379,33.063507700894554,0.3894223184210442,29.57890718531213,23.45722514680379,8.880184836189727,-3.40910340771914,-0.00806022381084792,-0.09870349310090809,17.57110302381837,223.45696649888166,25.29715890857973,2.898536580150731
2.3596851486963337,34.26830317758963,-0.4786787503107271,29.185368398543783,23.596851486963338,-4.2400906593351095,-1.4635202963844007,-0.00827101354545166,-0.09950951548199294,19.103259140344917,-76.98740064734884,23.52923145921569,2.903700391120511
2.3736477827122884,33.9877542907337,-1.6080125756062706,28.786334818359887,23.736477827122883,-32.67083419423005,0.4454321384491129,-0.006466153925651411,-0.10033661683653827,-13.74426187456998,-113.73927040058751,24.827923496765138,2.9086878112353425
2.387610416728243,30.263163507308754,-0.4835860071271185,28.38188423714754,23.87610416728243,-29.34888474753601,3.4854280952065,-0.006488779258437153,-0.10098323222910333,89.81827838828274,-78.10677784424388,26.093408846351874,2.9135386849069818
2.4015730507441977,26.772121219688003,1.0030417779320748,27.972095503348932,24.015730507441976,7.682813476966132,1.7297758015400213,-0.011479384221518129,-0.10163211015494689,38.63423132835293,124.65128046765608,24.606208612458087,2.91805806984015
2.4155356847601523,26.6143381700481,1.4656713148303766,27.557048506089657,24.155356847601524,71.51175516939233,-3.654028470488118,-0.00839307468665898,-0.10278004857709888,-1.8622487793746474,288.74785810556403,23.165616847608028,2.9224349507527396
2.429498318776107,33.39005488735387,0.7255306213342586,27.13682415960421,24.29498318776107,63.51627018389435,-3.936671350487046,-0.020739314541304944,-0.10361935604576455,-27.56357023112383,-0.6118716046761259,22.83529006167464,2.927172001175638
2.443460952792061,39.04032081440945,0.2979609222415206,26.71150438746158,24.434609527920614,54.89947491042132,-4.1184924657180755,-0.02673144798652016,-0.10569328749989504,-27.19428707666396,-4.587849647020305,24.63175713136092,2.931467068349793
2.457423586808016,44.02943094353917,-0.3878335156790327,26.281172106594042,24.57423586808016,48.258221163256785,-3.8889897023286757,-0.028642056967735335,-0.10836643229854692,-12.31756579761428,-11.572748777853615,27.425050610602348,2.936868630985993
2.4713862208239705,47.921114024159074,-1.8815296489534101,25.84591121113242,24.713862208239703,-104.83519661588323,-3.661436792966345,-0.027647292461243495,-0.11123063799532051,-339.8545290909416,-339.65031847518554,30.99573386895406,2.942746207586901
2.485348854839925,37.47531860413689,-0.7296257989274932,25.40580655605071,24.853488548399252,-87.52104952631947,-1.7229564227537733,0.00297332566407444,-0.11399536724144488,79.98500471675102,-14.4277787000541,34.95282919015618,2.9486962989822025
2.49931148885588,28.76241407316939,0.24070530756275865,24.960943940623437,24.9931148885588,-16.182350270684495,-2.8013955401860287,0.006864465591613471,-0.11369803467503736,122.61004642090249,187.05815295524405,28.60540091826105,2.9544327625883744
2.5132741228718345,25.391916953965815,0.9628722599487471,24.51141009169893,25.132741228718345,5.51936974187705,-0.8426366416149882,0.003660123376266016,-0.1130115881158762,97.1423498563079,-1.9170338885139353,25.25241547160544,2.956997165365328
2.527236756887789,25.525920777850256,1.781469669956429,24.05729264679173,25.27236756887789,64.8139428834491,-0.8890970971381182,-0.0008253679056672552,-0.11264557577824963,130.4270184828828,135.5416607440454,24.34610408702279,2.9590663798937786
2.541199390903744,31.802793984506994,1.2600574214663722,23.59868013699752,25.411993909037438,78.0295574199417,-0.8736998330404622,-0.005990343179425585,-0.11272811256881621,32.16868578954845,34.14899903531859,23.708984210664735,2.9613536653813766
2.5551620249196985,40.51570509807643,0.5771269680706027,23.135661969733764,25.551620249196986,75.48637841589941,-0.5950446415618957,-0.009277954578383742,-0.11332714688675871,4.84980017120425,-7.5275289191478105,25.791455987886586,2.9639906467513715
2.569124658935653,48.45552387998743,-0.6903000339269486,22.668328411309595,25.69124658935653,71.7772310900531,-0.35957914526823925,-0.009816228656935037,-0.11425494234459688,1.3346441750299283,-9.43298457943126,30.809866259878625,2.967048593310796
2.5830872929516078,55.03551973699964,-0.42143616362965575,22.196770569328194,25.830872929516076,-120.67204947477353,-3.0208370725612506,-0.009339633807998885,-0.11523656521029046,-500.00000470710245,-352.4935241374933,37.32150507129795,2.9703429114889133
2.5970499269675624,43.25654504851785,0.5013941373407065,21.721080374925208,25.970499269675624,-38.22400780757741,-11.165812903916944,0.010904978539930032,-0.11617052859109034,-50.56665907754235,405.9794822948374,42.50160145129933,2.973601642512893
2.611012560983517,39.10375837600037,0.4173051014647776,21.24135056484655,26.110125609835173,-1.286624752229237,-9.748440086431074,0.025722821594490356,-0.11508003073709716,101.86556251906377,57.86331805599587,33.77093300138745,2.9767261161015863
2.6249751949994717,39.15221080537727,-0.7958604179221521,20.757674663369237,26.249751949994717,2.7223835795070785,-6.168167828760003,0.012108611620992887,-0.11250774857764823,92.0274292011591,-75.38436794547572,31.684287869115725,2.977742197610965
2.6389378290154264,38.5190942953677,-1.584529952338257,20.27014696406861,26.389378290154262,-101.3028224376218,-2.8239457698235793,0.003302310983162941,-0.11129688741554888,-150.25661799223997,-315.24660042024124,33.09938879378821,2.977195089794799
2.652900463031381,27.722708564092923,-0.723670062241348,19.778862511435626,26.52900463031381,-68.9972804679308,-1.3712174583846979,0.014331999935927027,-0.11096665631723246,102.2947400134119,31.170267664044786,33.78708501847225,2.977930390152027
2.6668630970473357,20.879298066698844,0.0244606249132506,19.283917082347763,26.66863097047336,-19.6206925757169,-1.193187686332922,0.010087693736989256,-0.10953345632363964,109.7364056362874,103.85569769777617,28.662717204397033,2.9794695734412606
2.6808257310632904,18.644794555161916,-0.43466213026691586,18.785407167397093,26.808257310632904,10.004331838890899,-0.12052173122236898,0.004166082917044997,-0.10852468694994055,92.97521437290186,37.56658958001372,26.865519611579185,2.979831186526148
2.694788365079245,19.50559211799238,-0.19382729844943314,18.283429952079285,26.94788365079245,-14.061072257447414,1.9124853266073902,-0.00020032641490100485,-0.10810807865823602,2.5013942141780143,-108.71890161427548,27.38493012275498,2.9805446610553563
2.7087509990951997,17.16475402970638,0.40142824486953055,17.778083297847076,27.087509990951997,8.254972217385742,0.23043315749294635,-0.004173223919188383,-0.1081281112997261,6.156831765582757,92.75394883921035,27.335977228220045,2.981779651693884
2.7227136331111543,19.258638906310598,-0.43917158182094895,17.269465723032003,27.227136331111545,22.196324148146047,-0.9535441281148036,-0.0047514874878909425,-0.10854543369164515,-0.43362715255789475,64.05233143589693,26.82591245171335,2.9833824599321677
2.736676267127109,21.391002950898557,-0.2901909874999437,16.757676383638035,27.36676267127109,-28.56027321717997,1.4224678031548086,-0.005981183544054296,-0.10902058244043422,-48.54927083453234,-175.8224769174205,27.918180335170305,2.9853154586657595
2.7506389011430636,18.347636193062783,-0.9462560738144337,16.242815054010954,27.506389011430635,7.038181925175529,-1.0624115953408788,-0.008046552279099265,-0.10961870079483971,12.172872339143774,144.47492787648292,28.26930664623042,2.987240815682366
2.764601535159018,18.488979811860325,-0.6154307374271679,15.724982107387126,27.64601535159018,-27.096664435329835,2.555005539157676,-0.006920865091385114,-0.11042335602274944,21.641664368386,-173.34283880732303,28.712302236447712,2.9892252168629305
2.7785641691749725,16.379297833868243,-0.6144627831793731,15.20427849632549,27.785641691749724,-2.8920975919069214,0.310051639019834,-0.010022108842048991,-0.11111544253188788,-4.844177489724269,110.86913836269439,28.590386108963763,2.9913536876118485
2.792526803190927,15.592455775916033,-0.05334171450700215,14.680805733026755,27.925268031909273,-16.59849416641807,1.8909191644984151,-0.007791801536232168,-0.11211765341609281,13.060016403097816,-74.2795860913071,28.590227533448232,2.993308499756221
2.806489437206882,13.855557693207098,-0.04472355678715506,14.154665869543336,28.064894372068817,35.46716772175826,-2.0270551676814113,-0.008644580588010247,-0.11289683356971603,11.04107230587519,220.61604622587785,28.15497185996253,2.9955136466134196
2.8204520712228365,17.307846772721057,-0.1521772795871822,13.625961477884102,28.204520712228366,-21.902272133327337,0.9817151270282918,-0.010669970798527426,-0.11376129162851711,-47.01078834879511,-205.64064799568638,28.250177277188843,2.9974371993863738
2.834414705238791,15.389871465809586,0.6262250675591674,13.094795630017785,28.34414705238791,8.351465833537965,-1.061470548457795,-0.009512554371146653,-0.11482828870836981,11.932467255327253,121.45945805776445,28.806080961563463,2.9993886221598025
2.848377339254746,16.7108566117072,-0.5814284460027344,12.561271877778868,28.48377339254746,23.33529645319787,-1.5656564077099158,-0.008115282574147674,-0.11577954414548453,18.423604315665187,49.674635335200186,28.000785244497436,3.001486263482888
2.8623399732707004,18.82311246618141,-1.5781371784856342,12.025494232679968,28.623399732707004,-40.639049200188126,1.0711906309147676,-0.008563185726030806,-0.11659107240289934,-71.90275789399837,-211.53900443508294,29.578279354464858,3.0034128647546012
2.876302607286655,14.227947678963728,-0.5866152783265424,11.487567145634591,28.763026072866552,-36.00621742974821,2.709663230326708,-0.0092390385270778,-0.1174473909755025,54.824455681330015,-38.03144427182179,31.21532336201246,3.0051453995885344
2.8902652413026098,10.90014783647372,0.6694607088227684,10.947595486594192,28.902652413026097,10.535639357439607,0.13161908839937952,-0.012770689407617587,-0.11837129482821007,35.68767539386743,169.27241633433633,29.671158040734408,3.0068692839998317
2.9042278753185644,10.961689428163666,0.8697481702584439,10.405684524103602,29.042278753185645,35.714367135857415,-1.3276125396720566,-0.009390185137617793,-0.11964836376897203,16.996236474078884,97.11758055579241,28.377126312327746,3.0086081529592263
2.918190509334519,14.576548490072861,0.30742064069627995,9.861939904778692,29.18190509334519,31.173384960673914,-1.4787414864617485,-0.01004214333118899,-0.12058738228273391,-14.475603366874653,-1.7942363279253133,28.333508054098672,3.0106483697244313
2.9321531433504737,18.192688328131396,-0.6970936456251724,9.316467632710372,29.321531433504738,26.49220415596985,-1.355339905165448,-0.010299156221414085,-0.12159159661585273,-7.752590760482451,-9.660659103771334,29.48706624476833,3.012299447483743
2.9461157773664284,21.27030548996256,-1.7104536309540883,8.769374048798877,29.461157773664283,-61.72841910181803,-0.2586539541305224,-0.00982160980805173,-0.12262151223799433,-167.89726358071619,-223.58924588989893,31.596186172956802,3.013965308108544
2.960078411382383,15.740867142050174,-1.2811217340672962,8.220765810022396,29.60078411382383,-55.154797758341594,0.7237769838279277,-0.006853031952458092,-0.1236036732187995,37.865828590016974,-14.905507706544933,33.921734846088555,3.0156070811490263
2.9740410453983377,10.276675710543067,-0.3593617905135366,7.670749868644087,29.740410453983376,-30.957055183178777,1.0844897650353418,-0.008243792490445531,-0.12428897641404513,62.18952385393392,40.47064514882445,32.05405203871722,3.0171518846163528
2.9880036794142923,8.107230239762725,0.6023116105623636,7.119433451361518,29.880036794142924,6.928072356507055,-0.49081796782280085,-0.008811198092623278,-0.1251133556630899,41.54073534834005,125.01273992974045,30.403772881747503,3.018351140452066
3.001966313430247,8.734371230394972,0.03385174844901845,6.566924038402613,30.01966313430247,31.664236836513165,-0.6981621179185857,-0.007427583514752394,-0.1259944754723521,49.21825296596563,62.42309774697325,29.457649496611957,3.0196412598913636
3.0159289474462017,11.865802890163456,-0.22717481208993354,6.013329342572163,30.159289474462017,23.41834043793404,-0.22942898194209738,-0.007614634261844298,-0.1267372338238273,-4.942692097507605,-28.247747830920325,30.248075428680973,3.0209403381999973
3.0298915814621563,14.15672835558159,-1.1896684947060834,5.458757288253013,30.298915814621562,-41.24298370566806,-0.8918400382308326,-0.006928586626581518,-0.12749869725001162,-161.82699003631544,-124.47459484171098,31.191223802460257,3.0220536584276525
3.043854215478111,9.662320659853668,-0.7501160699999384,4.9033159903659715,30.43854215478111,-42.495331596192756,0.4545925096538027,-0.004191164257303917,-0.12819155591266984,30.50721813513486,-40.391138487544296,32.95404905757501,3.0231386273232346
3.0578168494940656,5.596104362777073,-0.4921731127326396,4.347113733292612,30.578168494940655,-13.001345366058239,-0.050257605076651335,-0.0058160747153168345,-0.12861067233840018,50.58049488260065,77.11335729146592,31.775978953512315,3.024108231152467
3.0717794835100203,3.237791628610763,-0.5964912405131224,3.790258949765003,30.717794835100204,-13.75754824624024,1.192583297973159,-0.005495234812395259,-0.12919227980993186,31.671567512661934,-36.13196416530192,31.262168462223638,3.02475758507397
3.085742117525975,1.2878463131949074,-0.507659480495749,3.2328601997265425,30.85742117525975,-5.296654317906219,2.1583808117217522,-0.00623509955853989,-0.12974180329117146,46.62781468250764,-9.76159083568158,31.4539128023542,3.0255231320749045
3.099704751541929,1.3555630337027966,-0.5605579628149566,2.6750261491679925,30.99704751541929,0.9950218058518079,2.400804669935092,-0.006424435037116141,-0.1303653132470255,23.920803029979,4.311964860674401,31.535231579866167,3.0262104643466152
3.113667385557884,2.0860765760812114,0.187133326420721,2.1168655489427617,31.136673855578838,-4.69757653169315,2.484987282882401,-0.005813182932934028,-0.13100775675073706,-6.490702656399414,-18.147687527665646,31.706372962997623,3.026925777462803
3.1276300195738385,1.6440633721962177,-0.2548067316895894,1.5584872135658165,31.276300195738386,31.184127638642792,-0.8645050254604483,-0.006506096373379677,-0.1315890750440305,-7.9216085004807795,168.59399447440478,31.09364319541405,3.027614101754441
3.141592653589793,3.815850852791733,-1.2663772538485687,1.0000000000000049,31.41592653589793,-23.86500544799423,1.382561734967779,-0.007231436400305077,-0.13223968468136826,-61.07542380806522,-181.496272853014,31.67728150163899,3.0281954200477337
3.1555552876057478,1.8668149293573377,-0.3400438735891235,0.4415127864341932,31.555552876057476,-22.35583808759192,2.9328798545516106,-0.007981947467052788,-0.1329628283213986,46.85258669626201,-42.14812407574495,32.99492771379418,3.0288001488971457
3.1695179216217024,-0.562460326318867,-0.12199438029978271,-0.11686554894275192,31.695179216217024,23.33083755740943,0.33199251199184054,-0.010423944664917001,-0.13376102306810367,34.26837301968335,168.39415847938702,32.096580918434874,3.029431489376842
3.183480555637657,2.066157088799763,-0.7389161763940871,-0.6750261491679828,31.834805556376573,-15.263823864566888,1.0447890284935801,-0.007624767772757433,-0.13480341753459557,-64.94759420040022,-104.70231151403316,31.956998189085777,3.0300918753330777
3.1974431896536117,-0.11625027816112965,-0.9982563769642805,-1.2328601997265505,31.974431896536117,-19.645478077869207,1.3468706361237095,-0.0074028904477734326,-0.13556589431187138,-0.6485675035778833,-20.106006474975352,32.87927397633168,3.0309503302701657
3.2114058236695664,-2.1019737638455744,-0.48684566428871473,-1.7902589497650112,32.11405823669566,-14.437206521486571,2.7213141369959537,-0.007745665781260814,-0.1363061833566488,50.46775216121184,-28.76754860340406,33.154602758992645,3.031482569551674
3.225368457685521,-3.437184913339473,-0.3638462643721148,-2.3471137332926193,32.25368457685521,6.4757966965766816,1.105894887911731,-0.008840668241861147,-0.13708074993477481,6.014097342077157,86.6934918988049,32.74144795325766,3.0319461134298606
3.2393310917014757,-3.1043647467863167,-1.2281199758579533,-2.903315990365979,32.39331091701476,-8.432809524582819,1.8581815756970785,-0.006803577802009525,-0.1379648167589611,-10.566402507860882,-54.885386568906355,32.7615073315164,3.0323971745386054
3.2532937257174304,-3.7149202170253597,-0.7239652525844333,-3.45875728825302,32.532937257174304,-15.234241728522093,4.06165920379032,-0.006789815672212791,-0.13864517453916214,47.79973866670742,-78.50594528204662,33.762917225345426,3.0329106794866068
3.267256359733385,-5.446054398953622,-0.2309151981165154,-4.013329342572171,32.67256359733385,5.5442873614206825,1.899941540078006,-0.00955299151040799,-0.1393241561063836,-7.165442927514105,99.39161313747779,33.39786201584817,3.0331730787674296
3.2812189937493397,-4.552230864949811,-0.5318749681619943,-4.566924038402621,32.8121899374934,0.5020861535251555,1.2803559408743843,-0.007116357611861284,-0.14027945525742425,-24.94182334789216,3.632187259527755,33.05479794513669,3.0333863201444053
3.2951816277652943,-4.92765548458029,-0.609910981882907,-5.119433451361527,32.951816277652945,-12.329611185469032,1.8937901791430818,-0.006235506217560628,-0.14099109101861051,-9.756867651943068,-47.032102989133584,33.488495012751706,3.0338276666549824
3.309144261781249,-6.089426952527492,-0.8174801314052007,-5.670749868644094,33.09144261781249,-5.460190306543772,1.738239572521184,-0.007083098862036899,-0.14161464164036675,13.486556885570845,16.52426993851156,33.70954499419013,3.0339766599296434
3.3231068957972036,-6.167955533588871,-0.013249242642444536,-6.220765810022404,33.231068957972035,-11.124501459969942,2.878745756812511,-0.006703295867691544,-0.14232295152657048,21.139914864110043,-46.4559773024131,34.048802401658996,3.033988353133063
3.3370695298131583,-7.191182777812908,0.09447390339055411,-6.769374048798885,33.37069529813158,29.379991549223938,-0.10938695723928094,-0.008016017995684124,-0.14299328111333942,12.598166210781812,168.10729668241643,33.389361439415296,3.034035016727567
3.351032163829113,-4.278905871223343,0.3876692950177152,-7.316467632710381,33.51032163829113,16.74688079816039,0.5372216463350878,-0.006921366208077454,-0.14379488291290787,-9.061685722593086,-43.90477945515096,33.41608259711074,3.033993287068804
3.3649947978450676,-3.3903537573462663,-1.3051713133130434,-7.8619399047786995,33.649947978450676,17.557438684942277,0.5249292723928927,-0.005748593678453611,-0.1444870195337158,3.2755331316300103,2.5972017567848265,33.454705440340895,3.0340317410439246
3.3789574318610223,-1.9522649267546126,-1.9450352460420808,-8.40568452410361,33.78957431861022,-45.96172060306462,2.718638887314129,-0.004929615367617296,-0.14506187890156097,-79.98995713274518,-201.73057320956704,35.45130059207109,3.033908912558039
3.392920065876977,-5.304234694536817,-1.6180108547795522,-8.947595486594201,33.92920065876977,-33.626492188047536,3.167478426150508,-0.011656639079696671,-0.14555484043832267,41.80224680594461,9.125516240307258,36.54990357573489,3.0336162060871956
3.4068826998929316,-8.387222808064847,-0.3351924830355991,-9.487567145634598,34.06882699892932,-22.881737433183645,3.4141610691455027,-0.01429516020997576,-0.14672050434629247,33.984132470631145,11.214939505135595,35.93119350081926,3.033188161047452
3.420845333908886,-10.674834522246382,1.7818264390993837,-10.02549423267996,34.208453339088855,25.37332123837973,0.3783636946821609,-0.014484869551469697,-0.14815002036728986,28.72554156359078,185.42298038964074,34.58247243828999,3.033378479120797
3.4348079679248404,-8.470164012495395,2.836245034546859,-10.561271877778857,34.34807967924841,75.9179479704157,-3.167643656595528,-0.010045330457956608,-0.14959850732243662,17.6371000256718,211.57837690813543,32.56645124320019,3.033777350898582
3.448770601940795,-1.5201376765868955,2.0512140552614495,-11.094795630017774,34.48770601940795,72.22083464338337,-3.115001870601904,-0.020500093311931915,-0.15060304036823213,-7.749709585074852,-0.635067950632993,31.760095617045646,3.0341388731390957
3.4627332359567498,5.238227031341013,0.7491710835128976,-11.625961477884093,34.6273323595675,65.67387924046346,-3.2772093463759,-0.025284496135861156,-0.1526530496994254,-20.232307670883312,-1.2089388073475906,34.10764076389642,3.033999033565564
3.4766958699727044,11.78729868382171,-1.2225008690694914,-12.154665869543326,34.76695869972704,61.42419605588464,-3.1374103523135233,-0.027303441954483046,-0.15518149931301162,-7.4750633660607555,-4.405579783282111,38.20631620247475,3.034846106923748
3.490658503988659,18.4331898901246,-3.6489701888522275,-12.680805733026746,34.90658503988659,-136.7626090962748,-5.1424941008057825,-0.027377170440775984,-0.15791184350845988,-499.999996638143,-379.58806044021827,43.634836797798705,3.036111830902116
3.5046211380046137,4.5019186879561675,-1.7946877584397225,-13.204278496325479,35.04621138004614,-124.89065764290424,-3.7782237620814803,0.01980282430292017,-0.16064956055253754,47.924256806387504,-10.47546678228253,49.98246174963414,3.037518359576551
3.5185837720205684,-8.399988026586083,0.3572140242143784,-13.724982107387117,35.18583772020568,-39.239014452036116,-4.558180365778554,0.032685829879405034,-0.1586692781222454,157.84558070376477,211.71960250342866,41.228378300389494,3.038869793794479
3.532546406036523,-12.469989913052121,0.7836048560570293,-14.242815054010963,35.32546406036523,53.07392569357502,2.9793164384662703,0.02488926699573923,-0.155400695134305,404.464940317115,3.8964240243177763,35.45302720873311,3.0354393030963465
3.5465090400524777,-8.71109616492022,-0.014084872865181508,-14.757676383638044,35.46509040052478,60.81888064013256,4.326631516977129,0.019166473301794846,-0.15291176843473098,62.298023764447365,-21.273543646350227,34.75685470463096,3.030655043766745
3.5604716740684323,-2.4973915074109048,-0.2601628091222074,-15.26946572303201,35.604716740684324,-42.438744438165216,-1.2697444795274722,0.021049561661469107,-0.15099512110455127,-373.93495161654107,-80.37463304449243,36.21755430238442,3.0265833414703867
3.574434308084387,-6.4823097165887065,0.13695052775401512,-15.778083297847086,35.74434308084387,-18.430035762307377,-5.321383046537875,0.011191274028608795,-0.14889016493840446,-61.368787981632295,164.39355076350202,38.375789487815894,3.023015095209974
3.5883969421003417,-7.6686534953245555,-0.3288773385600008,-16.283429952079295,35.883969421003414,-14.274462617273851,-4.029114201419638,0.008666607366248176,-0.14777103753554366,35.53519471509279,-19.393013910025438,37.06630973842517,3.019187895140899
3.6023595761162963,-9.075824570496357,-0.815556764782699,-16.785407167397103,36.023595761162966,-47.984734297538765,-2.3675429249047815,0.005230126219344161,-0.14690437679891888,-36.745839159900235,-115.80713323866706,37.47822698558898,3.016273954659571
3.616322210132251,-14.116145974173074,-0.04869887633791781,-17.28391708234777,36.16322210132251,-31.44860080900416,-1.1253320489817324,0.006308341123372452,-0.14638136417698444,64.89022086432901,3.879237233767559,37.878791811664485,3.013537879535403
3.6302848441482056,-17.61286817264726,0.43674942143930473,-17.778862511435634,36.302848441482055,11.045584559783759,-1.3973950063185385,0.0026663015043758087,-0.14575053006464733,84.26882790726654,102.55474604983333,36.53560571322228,3.011068705394142
3.6442474781641603,-16.05153929327809,0.38168352152439433,-18.270146964068616,36.4424747816416,14.613734237829382,-0.5052217925161913,-0.0018461379190735294,-0.14548389991420985,30.980204839485065,-13.70421776833268,36.011724120402334,3.0084126969385014
3.658210112180115,-14.973318471892261,-0.6933107943742769,-18.757674663369244,36.58210112180115,15.744461044946572,0.19821115179839366,-0.0038440299156376717,-0.14566851370611733,21.9127956188545,-15.008269811442759,36.301424256848186,3.006039487424708
3.6721727461960696,-13.511902784043631,-0.11711284673779876,-19.24135056484656,36.7217274619607,-36.59438881488755,1.13257386361082,-0.004337703529612969,-0.14605291669768095,-90.14563561717341,-141.8278962921023,37.65768428447901,3.0040335910087252
3.6861353802120242,-16.36552810888348,-0.3920716475892422,-19.721080374925215,36.86135380212024,18.2323773053039,-2.642555903293873,-0.0073199025160782475,-0.14648668705064205,18.8862364684597,222.8375543747607,37.4961448959198,3.0021408858420067
3.700098014227979,-14.882064760874702,0.055242422643182465,-20.196770569328205,37.000980142279786,-38.24959736504677,0.3291426043490078,-0.008726230333846693,-0.1472186773022499,-47.950768413127534,-202.70832754365244,37.588811379857994,3.000208133474664
3.7140606482439336,-18.59353703175173,1.8173488103791378,-20.668328411309602,37.14060648243934,25.57528918771048,-2.7451406845621302,-0.008096016556016395,-0.14809130033563456,56.79609986937035,224.84531357210096,37.53405219903607,2.9984812114848083
3.728023282259888,-16.289429795016815,1.3991756010214556,-21.135661969733775,37.28023282259888,54.572408581928215,-3.6290142883499574,-0.010612570158725215,-0.14890090199123618,37.604103363114476,94.77862290881583,35.55388223055903,2.996799389938758
3.7419859162758424,-11.127908526506161,0.5169959225280532,-21.598680136997512,37.41985916275843,52.674730796568596,-3.217466852301129,-0.0185516996571177,-0.14996215900710874,4.213774793043711,-6.949849722574036,36.4098583277745,2.994955693769146
3.755948550291797,-5.935573143276696,-0.6545547325296488,-22.057292646791723,37.55948550291797,50.29018979182777,-2.749251975623138,-0.02128556943284791,-0.1518173289728204,5.151827194234279,-10.163237944371371,38.62120494705008,2.993261289697397
3.7699111843077517,-0.29618314401894474,-2.650530635071526,-22.51141009169892,37.69911184307752,-99.76706230125475,-3.76799852460024,-0.021229077250560637,-0.15394588591610514,-365.25354437292015,-300.31417991178114,41.78231815413699,2.9922547243197517
3.7838738183237064,-10.725305169517885,-1.523350390516018,-22.96094394062343,37.83873818323706,-93.05601172995753,-2.189695405359651,0.005953383515662908,-0.1560687936411611,46.62539345164983,-27.866554808173067,46.40120980544102,2.9914115469029916
3.797836452339661,-19.721877095120952,-1.2911523211769733,-23.4058065560507,37.97836452339661,-31.968193751056674,-2.0425101807108277,0.011329319702303444,-0.15547345528959466,132.33231015340846,130.85750978747348,41.487113620422996,2.9904485689295086
3.8117990863556157,-23.564380469064535,-2.0354330431443834,-23.84591121113241,38.11799086355616,-30.909683510007202,2.177104924720374,0.00727867264193916,-0.1543405233193642,113.45716808798005,-112.10906289136756,39.62433878243048,2.9866487987756924
3.8257617203715704,-27.266004850316754,-0.4379277939407221,-24.28117210659403,38.257617203715704,-18.99478165359609,5.950903372149245,-0.001848311047618581,-0.1536126560551705,132.23689279555524,-81.59473020059683,40.29942541088674,2.9821882356233926
3.839724354387525,-28.30774482901547,0.9283071308139597,-24.71150438746157,38.39724354387525,47.72654122850001,2.932541536075527,-0.00965832116760398,-0.15379748715993236,74.93905151301321,222.62986204173072,38.919095640215616,2.9780046086537073
3.8536869884034797,-23.19729718442766,-0.03489051898368545,-25.136824159604217,38.5368698840348,57.32830991279642,1.2571250344934521,-0.0004728432883969978,-0.15476331927669262,-17.220170054312014,66.16000743278573,37.74200220251503,2.9746003277577246
3.8676496224194343,-17.9314799988499,-0.9487782518604762,-25.557048506089664,38.676496224194345,-35.458807973121075,0.4295414574780345,0.0009342082882235132,-0.15481060360553212,-224.95285675384383,-183.24873717917865,38.7832423848237,2.9718381568877437
3.881612256435389,-20.70259930455973,-0.5963494607293779,-25.972095503348935,38.81612256435389,-28.173142149518014,-0.754634772250167,-0.0029224776210697986,-0.15471718277670998,-17.297601164334786,46.45774788170002,40.56967875907518,2.9680126716759814
3.8955748904513436,-23.1842848007057,-0.275019331622387,-26.38188423714755,38.955748904513435,-20.505993283175066,-0.8079804771694855,-0.0029809986104843127,-0.15500943053881677,13.03002675015672,18.42959090720434,39.95776223012698,2.9638954785300626
3.9095375244672983,-25.525362103524202,-0.8305266981678803,-26.78633481835989,39.09537524467298,-8.997450297372543,-1.0214776004661594,-0.0032715197849808027,-0.155307530399865,17.554095434226284,31.90688029187541,39.53482937136406,2.9600063285584035
3.923500158483253,-26.307664935336085,-0.9636863188624799,-27.185368398543787,39.23500158483253,-23.04392918946268,2.138764948420385,-0.003536409540028207,-0.1556346823783632,53.270642596342334,-116.87485071172559,40.09990246241767,2.955958368281099
3.9374627924992076,-28.72090095602743,0.8557825543511544,-27.57890718531214,39.374627924992076,-9.418939203201806,2.519269574570166,-0.006956348893736236,-0.155988323332366,43.149461001664086,15.950565676327365,40.35834056169906,2.9517673160834654
3.9514254265151623,-29.207237296978374,0.8656614928691104,-27.966874457498704,39.51425426515162,62.67736268498484,-2.763249926595803,-0.007906897096479093,-0.15668395822173942,19.791449211795335,302.32038975617627,38.66582458677487,2.947422649661755
3.965388060531117,-23.369880409920412,-1.5190766232127957,-28.34919458011506,39.65388060531117,57.55189193839101,-2.917894400508272,-0.015848123353524098,-0.15747464793138732,-16.687296758698686,0.5161686185071728,38.79770842741589,2.943231401575985
3.9793506945470716,-17.317590911789917,-2.780827779235926,-28.725793019095775,39.79350694547072,-66.22875484777401,2.5891712378537197,-0.019345300923044997,-0.1590594602667399,-127.24072276744387,-420.0785043438845,41.65831682865479,2.938937608275273
3.9933133285630262,-23.305273070812685,-0.9512139478722279,-29.09659635582898,39.93313328563026,-54.28774817621414,3.079500666548125,-0.021785515306401236,-0.1609939903590445,40.507291480347014,6.330379348142519,44.30832245867143,2.9352307189204003
4.007275962578981,-27.924431423191376,0.4509018396167406,-29.461532301469475,40.07275962578981,17.4101180705663,0.5758323919263035,-0.023106884321206087,-0.16317254188968455,93.3657654263029,222.07649414799997,41.483321172340666,2.931656069927378
4.0212385965949355,-25.828610870458046,-0.26599498570064345,-29.820529711031575,40.21238596594935,18.001749459436148,0.726393344122979,-0.014319527146515217,-0.16548323032180523,7.15326778009363,-2.150289514210511,39.80666789177098,2.928097016300274
4.03520123061089,-23.456480504617264,-0.3171554963709029,-30.17351859725897,40.352012306108904,-31.57641515429456,-0.342007072665094,-0.00956939192531501,-0.16691518303645658,-138.09227803897247,-81.18903398075385,40.84973365288822,2.9244299805704053
4.049163864626845,-26.66474921239766,0.6464406579635265,-30.520430144268886,40.49163864626845,-4.113332249004465,-2.460994766823517,-0.007244863822176073,-0.16787212222898829,0.985271584855883,118.67116029920494,41.415662060238155,2.9196315938363675
4.0631264986427995,-26.34961890074418,0.38464026826533304,-30.86119672096786,40.63126498642799,26.008665860888602,-0.3662466873238972,-0.00570246958831961,-0.16859660861120584,120.70249020379966,13.518750912656328,40.204431948111754,2.914092214326705
4.077089132658754,-23.45214910157605,-0.4530249080444561,-31.195751894236572,40.770891326587545,27.76653224597952,0.4273801110352261,-0.006006404745131874,-0.16916685557003763,26.58347797298772,-15.60802363747089,40.67596685435329,2.9080401010625323
4.091051766674709,-20.77588562046662,-0.3010772214734757,-31.52403044188111,40.91051766674709,-52.701763095886704,-1.219929161443702,-0.005244974889393564,-0.169767496044551,-222.89174599548414,-133.52807433741077,42.14377679691935,2.901538151770904
4.1050144006906635,-26.33762540988582,0.10606550206039056,-31.84596836534817,41.050144006906635,-1.6187940579547089,-5.038219761377787,-0.002277730176707492,-0.17029199353349034,4.682473305895034,218.18514026622694,42.80736185584155,2.8947545867800955
4.118977034706618,-26.613889265278566,-0.4623230980086649,-32.161502902201676,41.18977034706618,3.7454521281025164,-3.52690349892156,-0.003214315297063429,-0.17051976655116086,45.41917509056675,-22.034580600333346,41.494437613215766,2.8875652697495457
4.132939668722573,-26.04977609394098,-1.0311096730545501,-32.470572538358475,41.329396687225724,-44.27973055426894,-0.860578453388301,-0.004731763343359573,-0.17084119808086706,-39.56974154046545,-174.98599721544124,42.20010167723208,2.8797307339708285
4.1469023027385274,-31.682910367105954,-0.30431876056879104,-32.77311702008061,41.469023027385276,-23.743911897731895,-0.4229067296554209,-0.0030239814256130286,-0.17131437441520303,54.20685734281885,33.029118332527425,43.02864851194026,2.8716210851936914
4.160864936754482,-34.63555425901088,0.864696444104714,-33.06907736572191,41.60864936754482,0.3609839439859286,-0.5348668718918956,-0.0036263577303813767,-0.1716167725577642,48.94447240247755,56.554148287457565,41.93588387355535,2.863272624769012
4.174827570770437,-34.4613155886346,1.238890235670836,-33.358395877226585,41.748275707704366,61.720128430453435,2.5415288382286936,-0.0042221819594826186,-0.17197940833080239,220.85416832388228,53.839006938882484,40.90352291594451,2.8543394117035668
4.188790204786391,-27.853669780266294,0.19742897914202362,-33.641016151377556,41.88790204786392,60.47623950455097,2.6244975465444598,0.003457199887111721,-0.17240162652675073,6.973306354950175,-5.103764640038938,40.65728781503479,2.845027275232665
4.202752838802346,-21.955004923165635,0.5727763810766213,-33.916883090792396,42.02752838802346,56.65428747601724,2.9081966055330795,0.007669951807099486,-0.1720559065380396,6.858418810919737,-16.691453761725565,42.26724230661191,2.8353084587869084
4.216715472818301,-16.740115561721424,0.4719550590973418,-34.185942914664665,42.16715472818301,53.320011498629526,3.2075516045360715,0.010237537411722177,-0.1712889113573297,8.66872237181028,-16.715540262515997,43.3553705350805,2.8243262684510864
4.2306781068342545,-11.8439363087041,0.3492748907640874,-34.44814316924858,42.306781068342545,50.16261281370376,3.57724887883478,0.011943326450451427,-0.17026515761615757,11.32056140040292,-18.90329995388308,45.428261126448184,2.8123959536569387
4.244640740850209,-5.883788269826024,-0.4418633128212614,-34.70343273808501,42.44640740850209,46.762821217138075,4.052746586391747,0.01330519928714858,-0.16907082497111237,14.121659624973024,-23.078952764629587,47.903289482256575,2.799648197900602
4.258603374866164,-1.0139338588383051,-0.4485974942832223,-34.95176185196667,42.586033748661634,-76.17596797283974,-4.488655105472347,0.013819790102883199,-0.16774030504239734,-500.00000452916896,-43.82337765148443,51.92636145259549,2.786132738298294
4.2725660088821185,-8.894424390738607,0.7727708645636209,-35.19308209864077,42.725660088821186,-65.47420025448793,-14.853445994485234,0.021891614470899698,-0.1663583260321091,-271.4144102321909,310.8097195637386,55.065694331867284,2.7718447152177283
4.286528642898073,-15.792399640060319,0.7785506476804431,-35.42734643224708,42.86528642898073,-57.50435255661092,-13.500956714324408,0.0601598373507706,-0.16416916458501918,28.151315440275035,-1.3605895016123892,49.757168514712156,2.756826589859176
4.300491276914028,-22.15873481231351,0.8450876391905291,-35.65450918248958,43.004912769140276,-31.185132183563788,-8.892429834916094,0.07057982236618775,-0.15815318084994212,161.74001357280463,-51.59983349451825,46.6644302814051,2.7402771440527376
4.314453910929982,-25.09541437162698,0.45976857869961046,-35.87452606354002,43.14453910929983,4.260634585485022,-3.985584302418159,0.050036356417617014,-0.15109519861332332,199.18841315095233,-44.823809880796475,44.46758959421292,2.719127802195122
4.328416544945937,-23.4482499523731,0.07859507947018188,-36.08735418267149,43.28416544945937,21.705375071648888,-0.5842111586429222,0.02354957983878303,-0.14609156297156156,126.97821859746024,-48.7971271279815,44.21257409554395,2.696110802812438
4.342379178961892,-20.390578241083208,-0.20141483760825063,-36.292952048620485,43.42379178961892,27.134754514295224,1.365877575430703,0.009534663977141016,-0.14373660498768315,66.29809907066054,-39.475367705318156,45.20832279329582,2.6742660599641823
4.356341812977846,-17.91027103477111,-0.24508974645898607,-36.491279579675655,43.56341812977846,-68.45668378425893,-5.245463317921977,0.003965383817055171,-0.14278313858996894,-391.27462107655714,-32.746363693620566,46.63253358180114,2.6541274544062174
4.370304446993801,-25.376070352101205,0.5724612909616923,-36.68229811149187,43.70304446993801,-41.85587660808559,-8.120109170721118,0.01814449794915962,-0.14238660020826321,-31.296099869730067,142.422823843653,47.78940783972513,2.634383193686558
4.384267081009756,-29.195004566516698,0.3597233192719502,-36.86597040462785,43.84267081009756,-8.813069081305422,-4.90950343252876,0.02519314864965731,-0.14057215041334725,147.15087745879833,-4.726724677683366,44.769731237153614,2.6141198698778636
4.39822971502571,-29.675625654803813,0.9153854163013075,-37.04226065180614,43.982297150257104,6.515816263207327,-2.126571342053217,0.01339236769853385,-0.13805283554838166,102.78790774203142,-35.57524394905507,44.32277490983459,2.5912895576837762
4.412192349041665,-28.760089881269824,1.020950410116456,-37.21113448489375,44.12192349041665,50.967246107277376,0.8028725641193875,0.004125603899134092,-0.1367135987785284,177.0269446443794,22.46815075481465,43.8587371646556,2.566528080720028
4.42615498305762,-23.597758404821555,-0.37324979919721746,-37.3725589816023,44.2615498305762,55.18308705270632,2.155695467295601,0.0019336893767317094,-0.13630103838861496,50.752037911047275,-25.947537352005085,44.08995421005612,2.541639272652107
4.440117617073574,-17.46558830870535,-0.4710812299771356,-37.52650267190632,44.401176170735745,-80.2534864735585,-2.766304627463323,0.004342632406593673,-0.13610766945094177,-431.324507938109,-167.71117302529913,46.8909280969662,2.516285176744769
4.454080251089529,-25.408115057435815,0.11173243072755362,-37.67293554417837,44.54080251089529,-29.181024194211034,-7.453377530489152,0.011024886120552314,-0.13567340621028245,-22.97935734590385,242.65420328978885,49.33970571656052,2.4896709948815836
4.468042885105484,-28.373537632020536,-0.010368762309128782,-37.81182905103986,44.680428851054835,-14.794425169522448,-5.461933266545479,0.014883443304950532,-0.13457091759822726,73.613410614857,-13.19459497216502,46.26252069918394,2.4612475676894867
4.482005519121438,-30.91023547858903,-0.16075034205893116,-37.94315611492641,44.82005519121438,-49.954202995386346,-3.124714114704313,0.0098177477668939,-0.13308257326773232,-23.67647675517608,-135.6234293606886,45.84042440642351,2.4304981109074877
4.495968153137393,-35.00252238782603,0.9963951289719137,-38.06689113336672,44.95968153137393,-8.756908656930754,-3.1043483446278266,0.01087907270210922,-0.13210079849104295,85.26104189287547,93.4888419563742,45.6844732114332,2.397617003954865
4.509930787153348,-37.00390274817833,1.2767190330958904,-38.18300998397376,45.099307871533476,82.46718351553199,2.7569255365440437,0.005171659072648662,-0.13101289122083193,359.64903144972567,47.22928903066173,44.21744467658945,2.363412528343993
4.523893421169302,-28.952677100334313,0.19045728634254472,-38.291490029147546,45.23893421169302,86.4167061353564,3.5030606684561407,0.012220186853417619,-0.13049572531356723,38.33561428448739,-11.041917010056467,43.981066885824745,2.327194680749555
4.537856055185257,-19.993288177198295,-1.0031540965858652,-38.39231012048832,45.37856055185257,84.34036315341979,4.065956832701494,0.019919629152641713,-0.12927370662822568,21.298401661520995,-20.48036609281606,46.163528334493456,2.289573535579043
4.551818689201212,-11.434527239742911,-1.0965288917291307,-38.485450602919514,45.51818689201212,-96.47842470741054,0.164956860326539,0.025770557032334537,-0.12728174371296141,-500.0000034054709,-298.7111297760773,50.0619140520682,2.2492215361038745
4.565781323217166,-20.590173373069227,-1.241874909699998,-38.57089331851953,45.65781323217166,-38.2985049678092,-6.258999306423887,0.009864602100264387,-0.12470468800972778,-50.53868200729482,300.9287372296134,54.05877238154916,2.2060414270879427
4.579743957233121,-25.593958574257,-1.5506625469691397,-38.64862161006167,45.79743957233121,-92.20450072253641,-1.9335634639514083,0.015625744026055058,-0.12371822779970154,-13.636159546502363,-232.14056067904752,50.38655236933329,2.1602111481253203
4.5937065912490755,-34.75044691224178,0.05840365657611768,-38.71862032426148,45.93706591249075,-49.15860230318395,0.05383073685436468,0.015309028963196119,-0.12215565339709622,143.12074121408813,39.61635130687444,49.26805354681092,2.1139304240311603
4.60766922526503,-39.869215764967656,1.4280474879813256,-38.78087581473093,46.076692252650304,34.45744068986945,-2.4993764383589747,0.005294567795812822,-0.12062475050077648,114.69672876600264,254.34792158573478,46.19445034254213,2.0650930916336723
4.621631859280985,-36.879510695347285,1.0417093300846627,-38.83537594463881,46.21631859280985,55.751062774290645,-0.980618033599147,-0.004100850328275219,-0.12009529372119498,87.33841120150298,11.549553893617592,44.800201487646405,2.014408909552749
4.6355944932969395,-30.457937130970734,0.5414380545762719,-38.88211008907681,46.35594493296939,54.38019805239952,-0.6591913041427419,-0.0075588708210432565,-0.12050537875402245,7.281680498440323,-7.167851054670205,45.35846506006913,1.9629947051897512
4.649557127312894,-25.455704727324655,-1.0330620210262094,-38.921069137130864,46.495571273128945,50.862855043949416,-0.40180948175204584,-0.008421910521967538,-0.12126126583612695,1.1285154408379852,-10.692377077592175,46.72694044362607,1.9109824317943591
4.663519761328849,-20.835562804246244,-2.4558047869684305,-38.952245493657365,46.63519761328849,-90.86501370475438,-0.07247149542132014,-0.008067954803383293,-0.12210345688832369,-305.71946635124084,-322.24969085450704,49.542099160428364,1.8580181911688705
4.6774823953448035,-30.24892054397247,-1.19523173397364,-38.97563308076383,46.774823953448035,-76.28818458770517,1.310189538197997,-0.006374860660250742,-0.12291025236866204,65.48233429544636,-9.867320441570111,52.46634117044675,1.8041244990083376
4.691445029360758,-38.33785223415655,-0.7669531678879277,-38.99122733899382,46.91445029360758,-14.232538037923227,-0.4584194661956347,-0.011306887985151504,-0.12354773843468703,88.2034255287649,181.54765052447024,48.897540151762726,1.7494968911531874
4.705407663376713,-39.7179179747408,0.2830765594722431,-38.99902522821579,47.054076633767124,-15.666249110518619,2.773473089379551,-0.007956226299319313,-0.124678427233202,83.9412639097246,-91.63641639885763,47.825600268254384,1.6943440652295836
4.7193702973926674,-41.843843401543886,1.0147440102127216,-38.99902522821579,47.193702973926676,50.26551404489116,-1.2597444535595939,-0.009369922747167489,-0.1254740498631337,40.341549074032876,253.56004420744716,46.916134510182275,1.6396844420384697
4.733332931408622,-37.365553134324884,-0.8539964818935927,-38.99122733899382,47.33332931408622,50.93134313950035,-1.6849195517333246,-0.010887098841590222,-0.1264110421378506,-9.450739059525585,18.063615658946865,46.40634399467948,1.585045661332913
4.747295565424577,-32.66392433319037,-1.6697015402114372,-38.97563308076383,47.472955654245766,-43.90556341915072,3.2660364636781853,-0.012434860582161221,-0.1274997520220098,-76.12513107972961,-342.3264544202433,48.35376572928555,1.5312467703948593
4.761258199440531,-36.79664512184987,-1.1331331075333844,-38.95224549365736,47.61258199440532,-30.31796255960583,3.2077828483921467,-0.016667985260888918,-0.1287432380802258,31.55605005506247,25.242958046224658,49.68185235479384,1.4786153525715147
4.775220833456486,-40.260230416182836,-0.19333378747176733,-38.921069137130864,47.75220833456486,-10.342600177710164,2.9376220814801224,-0.016527035189560307,-0.13041003660631478,40.61125397224116,46.217623212951,48.93148051415603,1.4274364802014503
4.789183467472441,-41.82045466430796,1.1835580826711167,-38.88211008907681,47.89183467472441,21.18301564805573,0.46911626364035186,-0.013129984620158502,-0.13206274012527075,6.781247291831902,133.85427280589107,48.10491286421552,1.3782185311441353
4.803146101488395,-39.47980148174064,-0.31371725275869666,-38.83537594463881,48.03146101488395,110.34214823317095,5.20837864541769,-0.008622079891389734,-0.13337573858728646,331.2629096119289,70.18460629794818,46.94290898643433,1.3307179554784874
4.81710873550435,-29.549373228100624,-1.658748640725216,-38.78087581473093,48.1710873550435,-37.80954527364534,3.2403744649071644,0.022847078772945745,-0.1342379465764254,-370.91755743799405,-278.43250671279486,48.489841976900294,1.2847561959456213
4.831071369520305,-32.88784917469265,-1.5380797322298723,-38.71862032426148,48.31071369520305,-43.27640244553008,2.0662240687726277,0.0031645575151381077,-0.1319532386991309,-40.835017212373714,13.23489979460004,50.80376224702466,1.2403241400506255
4.845034003536259,-37.46236112448946,-1.325395401538232,-38.64862161006167,48.45034003536259,-29.47906300466655,2.916545609557637,-0.005444594344503244,-0.13163678294761727,55.318579724871725,2.378220682014782,50.319266786322885,1.1947862089139427
4.858996637552214,-41.03539977368624,-0.8585542942775786,-38.57089331851953,48.58996637552214,-12.365784637261289,4.11436132249421,-0.00982657151060462,-0.1321812423820674,74.24212326457642,-0.12803006293475813,49.92766953263511,1.1532816070617846
4.872959271568169,-42.61456405993903,0.34739360834922917,-38.485450602919514,48.72959271568169,7.348135806950495,3.8873354664450557,-0.010437889859449979,-0.13316389953312768,43.74138220527072,44.04007472764986,49.65366617536742,1.114696085706397
4.886921905584122,-42.21039792806656,1.4420962460711033,-38.392310120488325,48.86921905584123,47.01573994429649,-0.06084583203183369,-0.0069087682468737845,-0.13420768851907283,-13.04861534327493,192.17946667686778,48.70518425266544,1.0785747635941405
4.900884539600077,-37.398972081962484,0.14070321143595965,-38.291490029147546,49.00884539600077,67.53607309634322,1.0224869232895546,-0.006275738538308344,-0.13489856534376,78.10247893814177,19.11422356896507,47.72791074216999,1.0444886122559485
4.914847173616032,-30.49606496316255,-1.1984576372788216,-38.18300998397377,49.14847173616032,56.38488448680774,0.9883572106121097,-0.002256559620226299,-0.13552613919759082,-20.523631624640185,-21.497279273258,49.014039735618134,1.0119567882463905
4.928809807631986,-25.09441704787358,-1.3667112685659757,-38.06689113336672,49.28809807631986,-69.86696182041771,2.3138344834453957,-0.0006980047048318425,-0.13575179515961366,-241.1957557888608,-316.78947200556087,51.05105010400621,0.9811915994780991
4.942772441647941,-31.496597829826914,0.5837826024368443,-37.94315611492641,49.42772441647941,-27.895756259068513,-1.8753744601707396,-0.011705298696769152,-0.13582159563009677,-21.07711789376577,201.90828211607348,52.394320228202425,0.9517702872702554
4.956735075663896,-34.42074073315909,0.8055043043954423,-37.811829051039865,49.56735075663896,20.840665427021882,-4.957295634852196,-0.0062956741947468265,-0.13699212549977346,19.846911937459655,195.10263925113958,49.38898758321279,0.9238509237892476
4.97069770967985,-32.03211364554513,0.05201737251149913,-37.67293554417838,49.706977096798504,24.678018741108183,-3.910427725384735,-0.01123759164385042,-0.13762169291924797,30.55759040097379,-11.546106720517418,49.009497164885886,0.8986006407334131
4.984660343695805,-29.5810528231795,-1.244255260959616,-37.52650267190633,49.84660343695805,22.028575514905,-1.370753966081801,-0.013390549952596698,-0.13874545208363287,58.839777379784614,-68.24553559251389,50.096797423613545,0.8742886726354655
4.99862297771176,-26.786169368490476,-2.1661864988949895,-37.3725589816023,49.9862297771176,-64.15485130610233,1.8149332497518564,-0.011000410432587582,-0.14008450707889253,-106.3241947121974,-276.53453945156775,51.81959248636942,0.8518628605017549
5.012585611727714,-33.3159904390942,-0.979922000653806,-37.21113448489375,50.125856117277145,-47.81515705329582,2.652766744390198,-0.014422532260260098,-0.1411845481221512,58.8958268323926,7.781713908681571,53.32108043400647,0.8309597533982775
5.026548245743669,-37.760948495812826,-0.3936950437787755,-37.042260651806146,50.26548245743669,1.9642269688354688,0.7311182303463526,-0.01701756109943434,-0.14262680134817707,60.12089395034886,157.99251122417388,51.38070228958948,0.8110439320423439
5.040510879759624,-37.1609032514173,-0.13531139817668364,-36.86597040462786,50.405108797596235,-9.281764688357123,2.1801485118449895,-0.011412054170920116,-0.14432855745812034,15.789561446836007,-65.41010555049004,50.806687133665754,0.7926193998413562
5.054473513775578,-37.937489944308055,1.1209976575206968,-36.682298111491875,50.54473513775578,17.48348611341782,0.3992034501086399,-0.009815207955856275,-0.14546976287521218,13.922829621814609,105.43063066232796,50.68230637771177,0.7755303616294036
5.068436147791533,-36.10804411446679,0.09359506693538056,-36.49127957967566,50.68436147791533,86.61179124810471,3.607122230785542,-0.007134315527753719,-0.14645128367079785,244.18008108913446,67.26880235281595,49.584458831488455,0.7588879194723841
5.082398781807488,-28.04142567552499,-0.7825931926160794,-36.29295204862049,50.823987818074876,76.22282679925955,3.8408692362223817,0.01007136002537191,-0.14716471522357333,-6.308030754887709,-29.825219765038586,50.730729736807255,0.7430283330614769
5.096361415823442,-20.58784113313246,-1.824604277086045,-36.0873541826715,50.96361415823442,-68.66971757265777,1.0042862667116137,0.017972504027383946,-0.14615757922103612,-391.34076619611363,-247.52212043722568,52.367995385916075,0.7277827474681944
5.110324049839397,-27.746770687049807,-0.05393983943675851,-35.87452606354002,51.10324049839397,-56.38198595769893,-0.8685554511675453,0.0033013914441216343,-0.14436032881829775,-25.594495492214307,73.7543486810592,55.09119247882421,0.7116422533430877
5.124286683855352,-33.50272529720747,0.29451237731384033,-35.65450918248958,51.24286683855352,15.637489253765935,-4.514446292990696,0.0014965186206928871,-0.14403018967388537,56.72809374444706,259.4730153001758,51.90274273553728,0.6954847185810382
5.138249317871306,-31.649805937467868,-0.3060330968642075,-35.427346432247084,51.38249317871306,18.555732768448014,-3.139698132767269,-0.005335327351965936,-0.1438805378118162,38.02115874696537,-23.631599282129127,51.12422076548039,0.6815184330883608
5.152211951887261,-30.822430696178778,-1.2627750219979599,-35.19308209864079,51.52211951887261,-40.114574373442466,0.40990819895965735,-0.008149889167028183,-0.14441407054701294,-37.73809745692098,-222.7520003473419,51.94913097939602,0.6684112780743927
5.1661745859032155,-34.52020650444567,-0.5818783968610804,-34.95176185196668,51.66174585903215,-25.365142698830546,2.4667125278597792,-0.007567580359456883,-0.14522905946371578,87.9023569676868,-25.910920863512903,53.08536791132518,0.6566236838523833
5.18013721991917,-36.59119939513215,-0.4223640253993205,-34.70343273808502,51.801372199191704,10.654307832647802,1.1979936738826606,-0.009938132712568475,-0.14598581749966133,48.30567451731039,110.72766334372996,52.38357103960704,0.6457146707538994
5.194099853935125,-35.19314769988383,-0.07730178243238484,-34.44814316924859,51.94099853935125,-8.92594077317365,2.970840994310838,-0.0070113154888096435,-0.14697963077091813,7.354029197391278,-93.22588277831785,52.407198256297,0.6353081091764068
5.2080624879510795,-35.857999535588824,-1.1071170876269802,-34.18594291466466,52.08062487951079,25.918850834217572,0.34452156707851467,-0.007861636286870888,-0.1476807623197991,10.134281850707929,145.51452302018512,52.167650657778445,0.6256654521005638
5.222025121967034,-33.07469418236191,-1.1644687865882921,-33.91688309079238,52.220251219670345,-25.198708002070056,5.126047881096964,-0.005860189986191959,-0.14846692594848632,18.89230385770938,-244.26629770504428,53.362684936520935,0.6162255490077295
5.235987755982989,-35.419753985580215,-0.6332766150950394,-33.64101615137754,52.35987755982989,2.341905629025554,3.231189638033297,-0.012556190712771219,-0.14905294494710564,16.44936937040468,105.09723825082474,53.52734228769367,0.6073369403924573
5.2499503899989435,-35.44703046045637,-0.56753116677592,-33.35839587722657,52.499503899989435,-1.360355078585036,3.3188972115964073,-0.008810353902266031,-0.15030856401838255,-0.624063809380487,-14.838455091503455,53.172752068282264,0.5986873481831001
5.263913024014898,-35.75384285987323,-0.08472791650711345,-33.0690773657219,52.63913024014898,5.194554721216152,3.0068052850154903,-0.007476764432901004,-0.151189599408609,11.327292639781762,18.68809084915401,53.25977355370476,0.5911213304953424
5.277875658030853,-34.79533383471961,0.46213869369208027,-32.7731170200806,52.778756580308524,17.41705093915343,1.308324424263861,-0.005825550292707624,-0.15193727585189887,-14.167645428094033,70.19441480973241,52.94745243802647,0.5835712855787438
5.2918382920468074,-33.376002741146785,0.29513482754967235,-32.47057253835847,52.918382920468076,32.17881094148379,1.6293047159461231,-0.004410172661169749,-0.1525198308811695,44.89730244164749,23.55296727062943,52.507733463407355,0.5762566532256286
5.305800926062762,-28.88234481838737,-0.10822809656682482,-32.16150290220166,53.05800926062762,26.872039133270146,1.5429566321428316,-0.002133597804369287,-0.1529608481472864,-9.820724348629994,-9.824612291774903,52.77685030673533,0.5691253937354177
5.319763560078717,-25.554147749333403,-0.9126216792897345,-31.845968365348156,53.197635600787166,-24.57472018404935,-0.09897011868963035,-0.0016216693526337114,-0.1531742079277234,-156.0733210349865,-70.50254318485237,53.388183796126484,0.5621822055362315
5.333726194094671,-28.315463040724694,-0.26013460481856776,-31.524030441881095,53.33726194094672,-32.30297986323235,0.547101760755029,-0.003212772243865872,-0.1533363748629868,-0.9391102568279859,-35.954279538454735,54.57737051353775,0.5553233690661896
5.347688828110626,-31.847397478097076,0.9325422779399662,-31.195751894236558,53.47688828110626,10.14246922354036,-1.3365968073166015,-0.005320782118530765,-0.15365765208737336,42.41865817529537,144.31720750188293,53.814158848039924,0.5487089363550455
5.361651462126581,-30.53725408183672,0.7417996921865326,-30.861196720967847,53.61651462126581,44.84553399936461,0.44034705829271936,-0.005937387882622782,-0.15418973029922656,124.8222551110252,31.60748683678992,52.693201969567994,0.5425338948772551
5.375614096142535,-26.419790187973078,-0.02387463346892678,-30.52043014426887,53.75614096142535,43.814058230274675,0.7838493774781745,-0.004631242143392707,-0.15478346908748897,10.305299746976505,-9.6309036856467,53.01434393875108,0.5368356336404192
5.38957673015849,-22.572327481175975,-0.35465676356972936,-30.173518597258955,53.8957673015849,-39.72067247895085,-0.15676235930246185,-0.0032734475598238024,-0.1552465933018281,-208.8986683622098,-159.4408057433122,54.05014582195958,0.531451648266692
5.403539364174445,-27.18975157818755,-0.4410560306170033,-29.82052971103156,54.03539364174445,-4.74563202094231,-3.228931133572231,-0.004201869910319659,-0.1555739380578105,-8.425285825903801,160.84163363258884,54.87088498154099,0.5261771673232882
5.417501998190399,-27.969628603502805,-0.7209615424797396,-29.46153230146946,54.17501998190399,-29.98588207753434,0.8941131825190034,-0.0036424151459699644,-0.15599412504884258,51.35223416983562,-164.8913385941991,54.663303473721264,0.5209953329939436
5.431464632206354,-31.177959207715542,-0.26811457840029096,-29.096596355828964,54.31464632206354,-1.5617315998784846,1.4420815833538456,-0.005827142276625093,-0.1563583665634396,78.46802603837956,45.86869470257075,55.047145151538615,0.5161238182947674
5.445427266222309,-30.635740721242314,-0.2956581756089822,-28.72579301909576,54.45427266222309,6.234336432642607,2.0126071991350774,-0.005701927884496687,-0.15694108079110203,35.351861922292095,-0.09484977759242065,54.77730172552634,0.5114035767989873
5.459389900238263,-30.411947410535294,-0.7697795771375386,-28.349194580115046,54.593899002382635,1.8380444231026738,2.259408416686379,-0.004883655658651977,-0.15751127357955186,0.5441914700378355,-18.87546323126248,54.93716210773464,0.5070994080514906
5.473352534254218,-29.442622684269647,0.014863108443995632,-27.96687445749869,54.73352534254218,-8.185763441547277,4.100534781107862,-0.004754424282777854,-0.15799963914541726,31.876893232598448,-75.81433771972642,55.55713490410223,0.5029712934642405
5.487315168270173,-30.1674913976042,0.7529145649238114,-27.578907185312122,54.873151682701724,38.69409004126763,0.628209481102993,-0.007090933375961237,-0.15847508157369505,15.705732381076693,194.01845193202078,54.88993770043459,0.4989414548539819
5.501277802286127,-26.210915575027737,0.20517430657171562,-27.185368398543776,55.01277802286127,33.90213238243048,-0.04837172979365256,-0.005091056878062855,-0.159184174911291,-26.141940437723292,9.364481864162054,54.34175043238432,0.49507083714389877
5.515240436302082,-22.536131140988488,-0.20277700426868067,-26.786334818359876,55.15240436302082,25.881505793468804,0.05604754307943419,-0.0053221625807051524,-0.15969328059909715,-13.249142237337484,-18.599463499538235,54.95024293105483,0.491598532747735
5.529203070318036,-19.026448938220206,-1.1344985589270657,-26.38188423714756,55.29203070318036,-37.75261574027554,0.06571800204718745,-0.005290887680274336,-0.16022549685716747,-140.47028905360727,-140.93226337682233,55.62790216575997,0.488083866118441
5.54316570433399,-22.06882744335516,-0.6570863776809632,-25.972095503348946,55.431657043339904,-30.65547315500365,0.35479023757549466,-0.005457167742612136,-0.16075458562519485,21.90695127708373,6.080751001890303,56.99098144292274,0.48474331283590644
5.557128338349945,-24.20459451316207,-0.48657365102431466,-25.55704850608967,55.57128338349945,-7.715450932964952,0.07570535222779445,-0.006031276304624952,-0.16130030239945592,42.58546198321648,57.06532336612515,56.336464675931985,0.48154439861721343
5.5710909723659,-25.06322512416216,-0.19341965695043964,-25.136824159604227,55.710909723659,-13.610287963946192,1.3759552405911182,-0.005669635491417319,-0.16190343002991847,22.242856556960525,-49.088944122774855,56.2052149694449,0.4785010033906998
5.585053606381854,-26.24148563710035,-0.174581893642601,-24.711504387461584,55.850536063818545,11.67289845772368,0.272962125786653,-0.006619224185522348,-0.16247039357906035,27.77128007235725,84.36670228020323,56.045059374650855,0.4756483713156836
5.599016240397809,-23.962484269401983,-0.9809866775860614,-24.281172106594045,55.99016240397809,-8.357871676468957,2.0342274340572413,-0.005747011523206204,-0.16313231599761258,4.648202804619742,-92.56940723624896,56.19894421744062,0.4728877036827561
5.612978874413764,-24.968321402194796,-0.8833208774123885,-23.845911211132425,56.129788744137635,-16.53386139973679,3.621402768377896,-0.006345648109060867,-0.16370701714993308,28.11442765720546,-64.93146516852835,57.11089439457653,0.470345194299044
5.626941508429718,-26.813617310538003,-0.6214235762474678,-23.405806556050713,56.26941508429718,4.911305314502446,3.415106789024814,-0.009052141209481609,-0.16434158196083937,47.21534451054407,47.78394136501125,57.17409099017937,0.4678340097528544
5.640904142445673,-26.435722478753444,-0.4332126473139464,-22.960943940623444,56.40904142445673,2.7756104774793604,4.161917298597956,-0.006402733478889603,-0.16524679608178738,21.445104659916122,-29.594513677982984,57.16044987831879,0.4654968402037012
5.654866776461628,-26.523363643574285,0.6040252784954361,-22.511410091698934,56.548667764616276,15.193208388312556,3.2367261813581423,-0.005396514281079352,-0.16588706942967635,9.216453007305255,47.59580541472761,57.11685323081714,0.46354031898129167
5.668829410477582,-25.060854731030282,0.490365132540205,-22.057292646791737,56.68829410477582,49.2198084742685,1.450028945407341,-0.0029631084075774083,-0.1664267208577841,33.102560000414165,121.55117417270266,56.261807648944135,0.46142493124157147
5.682792044493537,-19.54993263798655,-0.4291349959091737,-21.598680136997523,56.82792044493537,41.367264219008185,0.7874491238010823,-0.00041702520662231443,-0.16672303169854175,-30.6712153229153,1.4564089933721278,56.44383749796563,0.4593112848444436
5.696754678509492,-16.11438447489715,-1.064616092647213,-21.135661969733768,56.96754678509492,-37.41268651248124,1.867992757906974,-0.0009505616353988038,-0.1667647342192038,-142.88601172745913,-204.47492686420287,57.41858250587009,0.45705315110577915
5.710717312525446,-19.538026215545397,-0.5383146385999007,-20.6683284113096,57.10717312525446,-11.015443225817524,0.7750927599004784,-0.006778276261203591,-0.1668597903827438,30.104029026252007,84.52294767711655,58.34976834733767,0.45463594138496166
5.724679946541401,-20.86972147600433,-0.7068581476819599,-20.1967705693282,57.24679946541401,-8.110552293984892,1.4572304133895497,-0.006532794422467844,-0.16753761800886435,25.885048909132202,-13.632222297566907,57.788868790949245,0.4523644748282116
5.7386425805573555,-21.67486950386586,-0.513827637943157,-19.72108037492521,57.38642580557355,-7.773457702372115,3.020633998916095,-0.006498038427332627,-0.16819089745111127,45.5776437616209,-44.38698426113726,58.10463851408649,0.4507651942960633
5.75260521457331,-22.002273353481236,0.3930666331618517,-19.241350564846556,57.526052145733104,10.45055610344893,2.6528268780161173,-0.00724241385744667,-0.16884070129384465,35.09542042091101,46.360129814321894,58.090874151885146,0.4492279635304066
5.766567848589265,-20.8511450051209,0.8979530743724136,-18.75767466336924,57.66567848589265,32.36132799330407,0.68119478500028,-0.005090300715380256,-0.16956494267958933,-0.2769528065113572,100.14694773065514,57.364444467748804,0.44777118800977034
5.7805304826052195,-18.934233444213902,1.537135059920284,-18.270146964068612,57.80530482605219,27.07975101679398,0.15493446036315206,-0.00412929197656532,-0.17007397275112712,-23.348885966284136,3.693343465714911,56.965851475048865,0.44647025505224036
5.794493116621174,-15.82686363299435,0.9720900049624142,-17.778862511435634,57.944931166211745,94.01774080603286,5.084309311831289,-0.004104948379626159,-0.17048690194878358,286.7211180007722,15.926148437913552,56.41962729016613,0.4450331236044347
5.808455750637129,-6.197984799715422,0.24399917103290458,-17.283917082347767,58.08455750637129,88.64870610073191,4.735202417715189,0.02032415952611291,-0.1708973967867462,-8.289369915520666,-4.394154734451065,57.13105065420867,0.4435766384145481
5.8224183846530835,2.233554086706878,-0.613626059125117,-16.785407167397096,58.224183846530835,82.16328069219223,4.81686019155573,0.030344068796428404,-0.16886498083413493,0.39034386200713633,-18.94194751148365,58.93891182738727,0.44219232017403165
5.836381018669038,10.125395124539091,-1.6045333202394643,-16.28342995207929,58.36381018669038,-82.98459882453555,-0.4039046703762237,0.03399805609504951,-0.16583057395449208,-500.00000376705503,-228.8423739392835,61.81599052043001,0.43843766031850784
5.850343652684993,2.1506068624106778,-0.1988000246998459,-15.778083297847083,58.503436526849924,-66.1025861391724,-8.050612129310625,0.016742734455415718,-0.16243076834498726,-176.4842794327176,243.6019662864947,65.45195362643985,0.4337516545086424
5.8643062867009474,-4.837264706654006,0.27068763614821617,-15.269465723032006,58.643062867009476,-47.13965383223426,-8.411296701193073,0.034227431615612536,-0.16075649489944555,16.471261665937597,60.41692952485011,61.366307999168484,0.42876907330234104
5.878268920716902,-9.294583668944924,0.9622265865277326,-14.757676383638042,58.78268920716902,-20.019389228537037,-5.149803843039869,0.0367471503982849,-0.15733375173788433,134.8145889543791,-19.39686785925001,59.34702095040645,0.4255791235151243
5.892231554732857,-10.595662412817786,1.073390149631079,-14.242815054010961,58.922315547328566,48.91606532515206,-0.18818768583863577,0.022872132377394612,-0.15365903669805592,281.6268597177612,24.11875902327384,58.170928359311056,0.42070617208574923
5.906194188748811,-4.92472421622719,-0.37081622384534485,-13.724982107387115,59.06194188748812,57.528726769152705,1.6186343723711714,0.009345211850675604,-0.15137182346031652,71.54536355190318,-27.552505725005187,58.072926346146374,0.4156451742197578
5.920156822764766,0.6156353353403738,-1.1834222632587725,-13.204278496325477,59.20156822764766,-64.40547397408025,-0.5942099008332695,0.007164811856962243,-0.15043730227524899,-327.44941954047164,-211.0810324098321,60.14499154803814,0.41203414546100525
5.934119456780721,-5.64417124360175,-0.44319922532512174,-12.680805733026745,59.34119456780721,-36.89331117828268,-2.764773143234831,0.00312047135087044,-0.14972082108955265,-2.2331453353303274,118.60626050130885,61.967931929603026,0.4098368986407066
5.948082090796675,-8.939019091890012,0.05507011836640066,-12.154665869543322,59.48082090796675,-22.548107084950438,-1.712693596849529,0.00455686275587768,-0.1494087739544656,54.703207282521205,5.391682510203479,60.27665160913954,0.407917481482015
5.96204472481263,-11.957563201012682,0.01138042521822552,-11.625961477884092,59.6204472481263,11.609198831671634,-0.49611160605021465,0.002020524295004244,-0.14895308767887805,105.9912716025754,44.41205297365958,59.62594914964603,0.40646106172761165
5.976007358828585,-10.420987194084864,-0.11984304667604403,-11.09479563001777,59.76007358828585,10.712759152384324,-0.2002982735322491,-0.0017287762532723389,-0.1487510352493775,6.095492469668835,-8.585246619972578,59.754921994560114,0.40491841073737955
5.989969992844539,-9.721805713150452,0.16252277195559728,-10.561271877778854,59.89969992844539,-13.913031769513223,0.9301434487968385,-0.0034704071492328518,-0.14892391287470463,-23.68279662949106,-84.96969471767393,60.01970691976868,0.4036857140646539
6.003932626860494,-10.252866335550603,-0.011608186518527297,-10.025494232679957,60.03932626860494,21.383974138251027,-1.4453175901571873,-0.00524906797361513,-0.14927095358962772,14.546381508298381,142.2748280099344,59.87757362897442,0.40288324585538593
6.017895260876449,-8.760525365947844,-1.1312385087951955,-9.487567145634578,60.17895260876449,-20.425215679741513,1.3501824195175947,-0.006724912360193822,-0.14979586038698933,-17.86816747072494,-166.65382610811247,60.19542583702476,0.40230927999378574
6.031857894892403,-11.513981052448292,-0.6504074944912656,-8.94759548659418,60.318578948924035,-16.387259935440674,3.917585736185574,-0.007344173702235997,-0.15046835162300853,80.55924216317435,-64.17548229895083,61.450102203471175,0.40196662095244706
6.045820528908358,-13.256701104153052,-0.1238716306570194,-8.405684524103588,60.45820528908358,18.84090045308143,3.0470022317043894,-0.009864911067920423,-0.15120276899323226,60.2721537320431,96.42305308784442,61.187613645581955,0.40182414708178493
6.059783162924313,-11.620009190156834,-0.3676896829953679,-7.861939904778678,60.597831629243124,13.408871164202042,3.1334680320485053,-0.004763252752291136,-0.1521892601000241,-3.884054694825546,-17.54130500402369,60.96087839903263,0.40179541662756124
6.073745796940267,-10.570449473265192,0.7152866380210159,-7.31646763271036,60.73745796940267,5.853409403742144,3.543829107064548,-0.0028199169576175248,-0.152665585375253,0.1615471748486387,-31.670148793176953,61.25650609982612,0.402069848488821
6.087708430956222,-9.466122851170228,1.1689073505466532,-6.7693740487988645,60.87708430956222,56.365950363007215,-1.1917856088855947,-0.0033191833760536863,-0.1529475770710147,-10.939377188451592,238.34711134901352,60.281755726371664,0.4018845274723497
6.101671064972177,-3.178105280293819,0.3881936498845885,-6.2207658100223835,61.016710649721766,48.57359903039294,-1.8125682476724903,-0.007875509132843513,-0.1532794954086203,-33.227534180328526,4.654539526214064,59.93573143010172,0.40155466174977583
6.115633698988131,1.557536514273667,-1.310731106316517,-5.670749868644075,61.15633698988131,40.88938173456301,-1.864960833813324,-0.011356740976624279,-0.1540670463219045,-18.851591050527666,-10.153555599077391,60.81924466839604,0.40132393760086593
6.129596333004086,5.825646889599756,-2.25967668739578,-5.119433451361505,61.29596333004086,-71.39124041727939,2.380308832464312,-0.012243584270735837,-0.15520272041956673,-135.33478141872183,-362.246701345992,62.96173533321184,0.4015975358736763
6.143558967020041,-1.2288505664391258,-1.0497277357905292,-4.5669240384025995,61.43558967020041,-44.21882837076524,2.34921938555352,-0.01795819326533528,-0.1564270788466402,59.76003546378401,54.6462701420092,64.5375277405223,0.4022674697810813
6.157521601035995,-5.692691715474333,0.33866592779013305,-4.013329342572152,61.57521601035995,0.5904283159736181,1.398391658324869,-0.017622805438573863,-0.15822289817317392,75.30447567275164,120.91364451927069,62.686816008338205,0.40307386970878767
6.17148423505195,-5.81235244072179,0.10201518197961368,-3.4587572882529996,61.7148423505195,26.731713898719057,-0.42147906028924664,-0.012033124413069021,-0.15998517871703122,10.667783711530541,106.85567659358178,61.41681769107811,0.40449912715913916
6.185446869067904,-3.3230559654004073,-1.209535998365632,-2.903315990365994,61.854468690679035,19.852825866677584,0.49867794411106836,-0.009466231755731892,-0.1611884911583381,10.62044914302783,-38.17899996952408,61.820935025390725,0.40593790223360093
6.199409503083858,-1.1652774675699171,-2.240477838267196,-2.347113733292634,61.99409503083858,-30.789590234117192,4.963810629045795,-0.0066910674415307046,-0.16213511433391137,11.168944873174597,-235.05199272646314,63.21116545766418,0.4068644695083403
6.213372137099813,-4.804373145488774,-1.1193865260795341,-1.7902589497650254,62.13372137099813,-20.999795304486387,6.913054671880882,-0.013923915005744922,-0.16280422107806425,81.66847673327129,-40.13773359508288,64.37723297631908,0.40758085518813525
6.227334771115768,-6.630702753372194,-0.145574583974865,-1.2328601997265651,62.273347711157676,22.890396010078735,4.7743264047819665,-0.017710374077680516,-0.16419661257863893,49.281898582470944,146.0901222986586,63.493263097707725,0.40806602240288337
6.241297405131722,-4.1566270105505225,-0.26971180218648033,-0.6750261491679972,62.41297405131722,18.5933390104857,3.608625444941664,-0.006327265097828641,-0.16596764998640712,-32.819569816079806,17.196113655802307,62.84140427431639,0.40932060511299495
6.255260039147677,-2.1761792156583146,-0.6457559382071931,-0.11686554894276657,62.55260039147677,5.980214999616859,3.2464778691281477,-0.002401876740157168,-0.16660037649619008,-31.323661376971174,-22.16331388185995,62.95206574866929,0.41099983936041706
6.269222673163632,-2.4331949880832173,0.39141666112552453,0.4415127864341786,62.69222673163632,-3.285525714957508,3.754245826523846,-0.0027354124690199743,-0.16684056417020576,-1.181937360666545,-38.766062420675325,63.39205281502734,0.4115866850822796
6.283185307179586,-2.648347389726217,0.05854651327285887,0.9999999999999902,62.83185307179586,45.77839526020045,-0.5550095861715931,-0.004971318308602049,-0.16711410541710775,-2.6368014910912208,222.60794962572712,62.53474975548527,0.41181922729707
