Time,X,Y,Ref_X,Ref_Y,u,v,r,psi,Tp,Ts,Lateral_Error,Heading_Error
0.0,180.4891265643284,-87.88272298890838,178.2,-85.4,-10.828409861999948,0.2504984325716642,-0.0014432113893859402,0.0,27.551891436798574,-78.74703980478611,2.8284271247461903,1.5795237439787453
0.013962634015954637,178.26209764238845,-87.87699048544775,178.18537860139563,-83.72470167658587,-8.636636732105913,0.8296323349410206,-0.002232080985937487,-0.0001443211389386967,129.49511175481646,-120.70394371985067,4.753566651520216,1.5969919793292684
0.027925268031909273,177.3220722533942,-88.18196115939375,178.14151725605313,-82.05070970041018,2.4621889627058664,1.626510962890905,-0.0028041790305964563,-0.0003675292375322492,200.9706748965318,-149.27228008191935,5.827528413973351,1.6146447638422492
0.04188790204786391,176.79253658220335,-87.52427562960727,178.06842451482873,-80.37932940006108,3.263150430403,2.72335762293444,-0.0023162964447982133,-0.0006479471405920201,246.53685310704367,-241.5678906864144,7.838246236875649,1.6324435652299139
0.05585053606381855,177.6226632903288,-86.01798422227372,177.96611462729715,-78.71186406762048,5.241996430554241,3.8600096137124136,-0.0017227069641867101,-0.0008795767850720004,264.33944080427625,-253.34907876893377,8.890212762682603,1.6503937317184985
0.06981317007977318,179.06001902913414,-85.48146960088798,177.83460753897361,-77.04961394239608,-0.7099534231394751,4.825481120392632,-0.000818929677140159,-0.0010518474814906753,215.5004626483228,-241.58042793680443,8.97087430753136,1.668416460819377
0.08377580409572782,179.68670293936694,-84.9536181324757,177.67392888742563,-75.39387519703386,-7.238662373560267,5.869960586485485,-0.001589668928266889,-0.0011337404492048897,236.18968331987455,-265.8707523463905,10.182377263567203,1.6865285915147554
0.09773843811168245,179.45084227943397,-84.66882217634189,177.48410999727466,-73.74593892680168,-9.263349896879546,6.978667832105259,-0.004196296852927352,-0.0012927073420314628,266.1070845779485,-275.31304660034544,11.422061497201474,1.7047267689451306
0.1117010721276371,178.5770613729838,-84.29111620713834,177.26518787408943,-72.10709014283196,-8.36319274957966,8.188617324634059,-0.006866561058840542,-0.0017123370273242067,300.91746573274503,-296.3133816618386,12.750458692192662,1.7232063982662877
0.12566370614359174,178.4106971941549,-83.86010960015538,177.01720519717168,-70.47860677010871,-5.285602442040496,9.452175181394168,-0.0085577227753701,-0.00239899313320846,324.5703203490304,-309.14599812753386,13.900308206556135,1.7421793407249373
0.13962634015954636,178.0449591527808,-82.01633536477874,176.74021031123553,-68.86175865098005,-7.031979802764946,10.742809381991917,-0.008435186403096656,-0.0032547654107455415,326.4349750258674,-333.0710309459095,15.0910919956322,1.761680573080823
0.153588974175501,177.75724015052398,-80.98655735709653,176.4342572169829,-67.25780655497334,-6.191277770909059,11.703960719985746,-0.009983510160681133,-0.004098284051055057,269.12269405891396,-263.4578588341304,14.84616224334892,1.7816411518346174
0.16755160819145565,177.14331331823854,-79.57224789523272,176.09940556057575,-65.66800119568501,-6.820012512931285,12.596432521350675,-0.010714649128566048,-0.005096635067123323,256.4416738070721,-257.37198401736214,15.408003712290173,1.8019090295827205
0.18151424220741028,176.25281338816026,-78.15360462089664,175.73572062200788,-64.09358225551179,-5.352593129450385,13.337550641454051,-0.011966192270568138,-0.006168099979980024,233.984963338106,-224.8416814839813,15.542535416873248,1.8226809595335371
0.1954768762233649,176.20172508513934,-76.06245320373495,175.34327330237872,-62.53577741898356,-3.3360166761144523,13.954312160543157,-0.011913027393835325,-0.007364719207036963,212.94108387015424,-200.73137297942176,15.644289363101793,1.8439052090690495
0.20943951023931956,177.02444094328297,-74.08900421546278,174.92214011007084,-60.99580141545199,-6.213978025777415,14.312060252917925,-0.010607495562617086,-0.008556021946420689,149.41921934685837,-159.96075109805466,15.120890642346136,1.8656640790912906
0.2234021442552742,176.36214931605855,-71.66852239117974,174.47240314583448,-59.474855071881066,-12.14340009516098,14.489902744128822,-0.012366435420975094,-0.009616771502682475,105.38392625125918,-130.88073866481878,14.835304247316799,1.8878575689788182
0.23736477827122882,175.12661387844634,-70.32747715011605,173.99415008678193,-57.97412437647836,-9.137745899864422,14.42958451858845,-0.01844157794025465,-0.01085341504477988,75.86044368735759,-59.91777704204847,13.8976241615217,1.910391032817106
0.25132741228718347,174.6395530841838,-69.06864134185358,173.48747416929464,-56.49477955389709,-6.357670617972437,14.413547669653795,-0.019373099982408028,-0.01269757283880546,84.46510499360069,-69.0572707177888,13.929476005024734,1.9336015123160184
0.26529004630313807,173.86571244371234,-67.7315411410055,172.9524741708467,-55.037974152730186,-7.749868335529827,14.442730389033512,-0.017594332144473365,-0.01463488283704617,84.3773106982732,-88.30077579429323,14.131732272859205,1.9579510776224627
0.2792526803190927,173.32340276387632,-66.6002883808466,172.38925439074782,-53.60484414600771,-6.2584616173404,14.486630108537318,-0.017725117632554133,-0.01639431605149344,94.52377817397483,-84.98362491097771,14.203643770900594,1.9829554878846487
0.2932153143350474,172.7342991359624,-66.27132195647266,171.79792462981007,-52.19650704539936,-7.199361425306611,14.58122963779472,-0.016562781575131403,-0.018166827814748654,100.01796500594564,-101.7580478072879,14.484336377511148,2.0083732828864953
0.307177948351002,171.0775923228186,-65.03064419601513,171.17860016894204,-50.814061029812414,-7.167499692983056,14.89157670982363,-0.016591705819838137,-0.01982310597226178,149.19870824319838,-146.46300874904136,15.53535048303854,2.0344241668119665
0.32114058236695664,170.30525304345127,-64.05851039854618,170.53140174667448,-49.45858408906486,-1.9093537172562742,15.16646312255939,-0.016723373280037424,-0.021482276554245505,155.80701511692868,-128.1334849508592,15.581635989842043,2.061006441412374
0.3351032163829113,169.13152773555998,-62.91673718456703,169.85645553562213,-48.13113318330138,-3.4984484926540005,15.464163717892298,-0.012363830822617859,-0.023154613882249375,146.4989116804092,-150.3469072570511,15.933699010579204,2.088265345899874
0.3490658503988659,169.00037867898735,-61.5915413581334,169.15389311788624,-46.83274341880765,-0.5701505590697233,15.73611598655118,-0.011318717171309223,-0.024390996964511302,153.50119265263575,-136.08525388613756,16.084009315693436,2.11623534818428
0.36302848441482055,168.61530181033385,-60.42457401905129,168.42385145940216,-45.56442724086551,-4.989588528636718,15.9327509913424,-0.008198175662535688,-0.02552286868164222,121.7459814474557,-138.6648584611931,16.037480181214573,2.144489128275281
0.3769911184307752,168.1839713214614,-58.71454831471738,167.6664728832377,-44.32717364427868,-5.489466793014872,16.100401598555464,-0.010439876489427824,-0.02634268624789593,125.72364135550066,-124.76980890922955,16.125339536227564,2.1733770111173776
0.3909537524467298,167.58665122914522,-58.01593805319163,166.88190504184695,-43.12194740218433,-7.24193037301036,16.115902673750085,-0.012303919746190186,-0.027386673896838687,90.87258590249682,-95.92726477458635,15.646871246803162,2.2027068404570507
0.40491638646268446,166.7627933400654,-57.02350338289417,166.07030088828515,-41.949688313751956,-7.871382769525455,16.233360220133644,-0.014917512052151475,-0.028617065871457736,115.28206068471512,-115.31695975563962,16.137648498039358,2.233026110745028
0.4188790204786391,167.02466234918376,-54.80357494325795,165.2318186463901,-40.81131047135635,-7.833905804436378,16.35848885810854,-0.017028905855770146,-0.03010881707667279,119.00868012946842,-115.96034670027683,16.284320142811957,2.264303554734214
0.4328416544945937,166.68926820023367,-53.9641470245196,164.36662177993628,-39.70770154779581,-14.016297503255599,16.198399282159045,-0.01841014841359343,-0.031811707662249944,43.568279328629565,-70.06316862839246,15.328097508809995,2.296615177770887
0.4468042885105484,165.44843661953297,-52.039781792138285,163.47487896076706,-38.639722104111556,-14.913118912653385,16.117301222784977,-0.02477213574119672,-0.0336527225036094,71.53812772961955,-74.08249020089814,15.657914845981944,2.329905683139705
0.46076692252650303,163.78009494027637,-50.140985275915,162.55676403591193,-37.60820491854823,-12.995609623784855,15.860604589798394,-0.02925164979425122,-0.036129936077728964,39.63728770563662,-28.989198195798366,14.718429990634355,2.3640901921472572
0.47472955654245763,162.0099298852395,-48.51978292393949,161.61245599369462,-36.61395433717835,-9.913277336764175,15.472528626333478,-0.029935462308352367,-0.03905510105715404,12.651796767128765,3.8250687131633296,13.699606732321792,2.3996475166233084
0.4886921905584123,160.41220666862856,-47.092059568910095,160.64213892883905,-35.6577456466975,-6.7899225823718705,15.034496051019605,-0.027363250718457695,-0.042048647287989294,0.022316606920436178,17.12634587150263,12.93456048814854,2.4363622132172313
0.5026548245743669,160.4281461565306,-46.21692051476041,159.64600200657952,-34.7403244698791,-4.716335645406071,14.587186537147417,-0.022995890155372276,-0.04478497235983525,-6.586068081916438,19.215751783961124,12.37547694195177,2.4738191599733277
0.5166174585903216,159.54432139538787,-44.87287288429814,158.62423942578283,-33.862406184160136,-11.194314671673677,14.21619730813618,-0.018581611432946166,-0.047084561375372314,-12.70687992963976,-15.056937418111358,12.48551576180354,2.511648571299906
0.5305800926062761,159.44576944116832,-43.659062542580074,157.5770503810886,-33.024675363811426,-9.822421823353661,13.815351158481912,-0.021220832975689132,-0.04894272251866694,-2.986138400378492,11.262735222336207,12.010409640314919,2.549618022708934
0.5445427266222308,159.15771816890626,-42.271852966967245,156.504639024076,-32.22778524612712,-15.621418205316285,13.398822280907085,-0.02140738892834312,-0.05106480581623574,-25.731860221087764,0.05882575749279573,11.803573558831513,2.587661301881049
0.5585053606381855,157.08013819972274,-40.17673075867412,155.4072144234639,-31.472357222049986,-17.983592855937925,12.929495147670806,-0.02573023741918665,-0.05320554470907002,-31.86183382091595,21.354109561905354,11.432208303257212,2.6264139766523256
0.5724679946541401,155.20945728233787,-39.12018035257959,154.28499052435262,-30.758980351629376,-11.875353955083643,12.311765897960724,-0.029600681318583167,-0.05577856845098861,-46.754067110788675,75.97046265654842,9.823791185510734,2.6655533330804175
0.5864306286700948,154.18466793394958,-37.552065300327385,153.13818610651492,-30.088210904689973,-10.063149335847067,11.7508991414157,-0.026880098121272344,-0.05873863658284684,-47.95567572879019,57.72022188626768,9.266425221810533,2.7054087329524386
0.6003932626860494,152.5522391279754,-36.50872086332587,151.96702474174427,-29.460571927069267,-11.358443185906623,11.131169162824458,-0.02378372113888785,-0.06142664639497397,-70.93561049705838,66.12123973331032,8.38988714688193,2.7458449293764247
0.614355896702004,150.81122409324462,-35.51814840193199,150.77173475026927,-28.8765528327622,-8.451027294111736,10.552763690376915,-0.022470792233578268,-0.06380501850886278,-55.62031111633253,70.40064288117692,7.837103079951726,2.786108364154824
0.6283185307179586,150.39898666790344,-35.4693545207427,149.55254915624212,-28.336609022290794,-6.539644481815432,10.011015336552276,-0.019595134414390213,-0.06605209773222054,-53.12857872541815,63.56909667298359,7.291006134846922,2.8260640109501747
0.6422811647339133,150.17993868744838,-34.54655379118974,148.30970564231,-27.841161527596554,-11.862797341071932,9.6159989239246,-0.016536270503847057,-0.0680116111736595,-41.62675991987169,17.883048280903797,7.909135448618179,2.8657913484939375
0.6562437987498679,148.44487928039007,-32.75000843019712,147.0434465032786,-27.39059668373244,-15.588754494980183,9.192706964197104,-0.01757626987295357,-0.06966523822404413,-46.532973140111714,29.30213043455845,7.8131495150884405,2.9050354445575106
0.6702064327658226,146.87231752119118,-32.21359068941454,145.75401859887594,-26.98526582761039,-11.506562968744404,8.639143246039424,-0.019907932600326438,-0.07142286521133956,-58.800984985004305,77.90765383996762,6.3618384513752835,2.943681140038975
0.6841690667817772,145.44090696219442,-31.00596166561935,144.44167330562692,-26.625485024039364,-11.474454686546014,8.154015409844229,-0.01871268798343345,-0.07341365847137205,-56.67266558219272,57.13582176292857,6.093845766841667,2.9820448415821694
0.6981317007977318,145.05484922281465,-29.680370302152685,143.1066664678467,-26.31153481926752,-10.684543536582686,7.627126816521627,-0.017730412973640343,-0.07528492726971558,-66.58964628560089,70.54318292032848,5.24273994216778,3.020166997687303
0.7120943348136864,143.41071210255444,-29.403755413534043,141.74925834776346,-26.043660022220706,-15.879088474418488,7.017892396144699,-0.016539062508106786,-0.0770579685670798,-101.44009082235947,76.94935632914809,4.914528735635255,3.0576121806636785
0.7260569688296411,141.1881754687329,-27.827776022846944,140.36971357477978,-25.822069513607786,-12.59634438866642,6.499339328904273,-0.017519691111669507,-0.07871187481789033,-65.75139557376403,80.4639242695372,4.698525931785225,3.0943259300200676
0.7400196028455958,140.24483018788297,-27.6538411702863,138.96830109388256,-25.646936083041787,-8.75145089421089,5.935397710648545,-0.016431685962219923,-0.08046384392905725,-76.91333379986303,94.77820571283775,3.1118973445739804,3.1302193164000593
0.7539822368615504,139.10807443442138,-27.618437908556643,137.54529411321172,-25.518396294303713,-12.652258826060299,5.416048346620167,-0.014095643785243157,-0.08210701252527919,-88.60780844217004,70.20921112311088,3.4420371637755025,3.117735549551539
0.7679448708775051,137.83076654094276,-26.98230156522408,136.10097005079766,-25.436550378854257,-12.957707391297543,4.956000227819356,-0.013681413573887833,-0.08351657690380332,-70.57194448524552,68.42227549293803,3.7152806039759385,3.0834261932861065
0.7819075048934596,136.71248104088127,-27.209071010352126,134.63561048047814,-25.40146215767632,-13.617080101272816,4.4794350858795875,-0.013216843757392177,-0.08488471826119204,-77.63401761144327,73.63085075793978,3.564838773798863,3.0502054634737688
0.7958701389094143,135.04362539775326,-26.84725223821331,133.1495010770048,-25.413158991509277,-15.452413609668696,4.0759256587960575,-0.012735455161024336,-0.08620640263693113,-67.53361205356693,57.697987697249,3.990003283508597,3.017915544066161
0.8098327729253689,133.99142255100008,-25.96788533186178,131.64293156035046,-25.47163175951396,-13.742563531782245,3.6812021139407007,-0.012575102609057587,-0.0874799481530335,-59.698946046785856,66.28407207685959,3.6683852411062827,2.9865877969352357
0.8237954069413236,132.35306811595007,-25.138543639783407,130.11619563922747,-25.576834866384793,-16.4829419690831,3.1908737920506,-0.011839019275154631,-0.08873745841393932,-92.93991633382389,78.57945419285761,3.894907455161994,2.9562426649894213
0.8377580409572782,130.2546375275268,-24.950846477981585,128.56959095382874,-25.728686277903606,-14.57765897152039,2.635892887106575,-0.011577014702721204,-0.08992136034145481,-98.83921352461054,105.94445600218174,3.82922547907813,2.9268598093477984
0.8517206749732329,128.54944773776728,-24.694984821612337,127.00341901780207,-25.927067584907505,-12.144309406132919,2.129094875188933,-0.010604194516260565,-0.09107906181172698,-90.25723717386639,100.08891423948128,3.394617717443941,2.898502209307886
0.8656833089891874,127.70060088989054,-25.07598566613727,125.41798515946964,-26.171824095620728,-12.080064586521008,1.620197208705001,-0.00934481038560266,-0.09213948126335314,-99.00358560217767,97.89349535709816,3.462240910238939,2.8711221799687543
0.8796459430051421,126.4779451049272,-24.772457587461044,123.81359846230346,-26.462764956278683,-16.19564098417357,1.1538379217554482,-0.008254254312338418,-0.09307396230191323,-102.68300379573583,81.58123067556377,4.126977667934848,2.8447855297074027
0.8936085770210968,125.65019613926458,-25.046317675410055,122.19057170466908,-26.799663299949927,-16.590658779628594,0.6323825556636661,-0.007620454567641129,-0.09389938773314688,-108.69946398828765,104.4163868783717,4.7424818053407884,2.8195113234162834
0.9075712110370514,123.94475727005843,-24.755602564823114,120.54922129884875,-27.182256423440215,-20.763508160771035,0.13230099023968467,-0.006789682486734493,-0.09466143318991094,-116.1159310906996,93.66467742221421,5.530115609812507,2.7952694206010578
0.9215338450530061,122.06196841987881,-25.605496174014327,118.88986722935623,-27.61024599214052,-18.666930996633827,-0.412180579984043,-0.005908749265187902,-0.09534040143858435,-113.9868150874999,120.4575176559424,5.805247834564585,2.7719978360411526
0.9354964790689606,119.60779100200926,-24.99992586882104,117.21283299055523,-28.083298272659384,-18.42985426400614,-0.8014038245282965,-0.004735211576515082,-0.09593127636510301,-87.96992843135862,85.8504678420653,5.445513534274894,2.749697473678755
0.9494591130849153,117.90682022415338,-25.182363901611826,115.51844552359341,-28.601044393058224,-13.819033816646737,-1.2940821156072677,-0.003728390435024217,-0.09640479752275466,-101.9690298806758,120.59857763968205,5.448926597729534,2.728352589812178
0.9634217471008699,116.14196677596101,-25.485130562759625,113.80703515266475,-29.163080630486512,-15.27104088079523,-1.7795612333680184,-0.0029813126290798428,-0.09677763656625693,-117.2169359093976,107.7428335408432,5.714397895486783,2.7079701825179487
0.9773843811168246,114.51505682003899,-25.89493639263818,112.07893552061202,-29.768968725992764,-14.379215944225402,-2.243063636112838,-0.002022824502988364,-0.09707576782916494,-109.8307912392776,111.11573758785536,5.904192780619163,2.688510225933776
0.9913470151327792,113.1019295758363,-26.19027828042388,110.33448352388254,-30.418236226265634,-15.178402182960902,-2.681357268689069,-0.0011812022044262154,-0.0972780502794639,-110.99069066163506,104.28397399663407,6.159337177767636,2.6699226587192357
1.0053096491487339,111.00400813977164,-26.298902157283315,108.57401924684949,-31.11037685203884,-16.542330712630644,-3.133705118186203,-0.000236433400271798,-0.09739617049990645,-117.92314972013531,108.27530857811469,6.686504460609668,2.652204112184431
1.0192722831646885,109.78881142361868,-27.219905511710536,106.79788589551187,-31.844850892872486,-13.976608766198577,-3.6185743340671794,0.0009096327645776346,-0.09741981383993359,-118.26408385856192,126.94198538744868,6.960532430169406,2.6353182319241433
1.0332349171806432,108.18313854271152,-26.938804123661065,105.00642973058572,-32.621085628003016,-18.05090773290578,-4.014351672811144,0.0015332912484520406,-0.09732885056347573,-117.4282552701459,94.8814005907366,7.214147302799551,2.619250729736072
1.0471975511965979,106.16136518080503,-26.829212608616384,103.19999999999999,-33.43847577293369,-17.088989507835553,-4.559909328747705,0.003042232208584617,-0.09717552143863051,-140.26681331986097,140.82279523880328,8.190079443095502,2.60399738311797
1.0611601852125523,103.29514870738912,-27.003463901585807,101.37894887080992,-34.29638395141715,-15.807543211580203,-5.197993403415116,0.0041522215069893,-0.09687129821777196,-162.38060686435858,164.499604892382,8.867364525317104,2.589482002022764
1.075122819228507,101.42391782013866,-27.500736321593752,99.5436313605413,-35.194141192462304,-10.323512841562746,-5.840180261166682,0.005013795554006568,-0.09645607606707296,-156.7910949467782,178.97534522169724,9.0089442714993,2.575769691420822
1.0890854532444616,100.41249782319093,-27.62738228879546,97.69440526797926,-36.13104745197776,-11.938800451698322,-6.457375987716777,0.004266469549132956,-0.09595469651167221,-171.47536543368656,160.74766337537187,9.40167719526386,2.56279775638839
1.1030480872604163,99.35661912537641,-28.21349823795397,95.83163110341462,-37.10637215864516,-15.503281942140589,-7.164366029569891,0.004735903415889619,-0.09552804955675898,-199.16119021139852,178.71276194594796,10.5278482538963,2.5505192546572832
1.117010721276371,98.37183547451905,-29.12950132917825,93.95567201836162,-38.119354783596684,-18.40044495249338,-7.8527545481235075,0.006933208229887106,-0.09505445921517008,-197.97745441874474,179.87163426469505,11.282562809735383,2.5387519511590626
1.1309733552923256,96.48898879095233,-30.223612579609917,92.0668937347609,-39.16920543345265,-22.136790010081896,-8.462498698722221,0.010117005027462602,-0.09436113839218141,-187.22165558850992,164.4233197070213,11.855292018467061,2.527596973207981
1.1449359893082802,94.95349712177998,-29.608794599647904,90.16566447368126,-40.255105466256545,-20.922676228033595,-8.951105853713079,0.014422396265365796,-0.09334943788943528,-153.14206814465183,153.05265869901174,11.858131385519119,2.517207382930442
1.1588986233242349,92.46695542682752,-30.110721095333076,88.25235488353424,-41.376208129827425,-22.351602752036246,-9.736372069393648,0.016698924999104192,-0.0919071982628985,-225.662419082407,213.1104422839266,13.541688539006248,2.507662944434491
1.1728612573401895,90.07746869768766,-30.674753528011315,86.32733796781544,-42.531639222031814,-18.533984269580614,-10.493123570586373,0.01972344386618243,-0.09023730576298794,-211.62628736359875,223.57168035552294,13.855472191634586,2.499057778955483
1.1868238913561442,88.5351370084855,-31.53213856312743,84.3909890123868,-43.72049777246018,-17.26374946728741,-11.223785153136747,0.02013504750728099,-0.08826496137636974,-215.96093573344677,216.3071118932389,14.23121548227382,2.491171808459216
1.2007865253720988,87.18155745501667,-32.685274579418284,82.44368551231383,-44.941856744976604,-19.86677676099781,-11.89444428056526,0.020351646706105907,-0.0862514566256416,-216.37547837602204,198.3532286555331,14.728418891613195,2.484063480155384
1.2147491593880535,84.81916519728958,-33.06293436068519,80.48580709827228,-46.19476376059369,-22.280785890766374,-12.459823869791299,0.022940196903605003,-0.08421629195503089,-197.42031714977625,179.65418860840265,15.077777381833771,2.4774559795249607
1.228711793404008,82.29767995174937,-33.38469654730238,78.51773546253827,-47.47824184010894,-18.899909160271672,-13.104004824710584,0.026708721381899524,-0.08192227226467041,-203.9361462065527,213.15016988722027,15.732422141181514,2.4713150971047617
1.2426744274199626,80.02357801950572,-33.51096775014571,76.53985428457666,-48.79129016592394,-16.858364363130217,-13.828796642545186,0.027099588258621514,-0.07925140012648058,-227.67255459683807,230.98006752269237,16.447360984148897,2.465864115372752
1.2566370614359172,78.34686801028793,-35.511701899130266,74.55254915624212,-50.13288486245161,-15.668944250076613,-14.678577267351148,0.02641622307033301,-0.07654144130061846,-260.54204103156746,259.9908345976169,17.49915098829172,2.4612078959625325
1.270599695451872,76.6355278766656,-37.4601191148656,72.55620750660701,-51.501979794503725,-18.546111836469557,-15.195036217198941,0.026022677704802225,-0.07389981899358533,-203.450537011316,183.56561534947397,17.00649100314816,2.4569962932244933
1.2845623294678266,75.81467952322382,-38.82793907857191,70.55121852643147,-52.89750738303562,-19.677045803175034,-15.473036524719845,0.028866964438350476,-0.07129755122310488,-151.34327377182728,139.1086271761714,16.59312438365903,2.4531102382215666
1.2985249634837812,73.80125485702648,-40.5624879121958,68.53797309228986,-54.318379437612194,-25.85763004443867,-15.720762280753451,0.03178667958722693,-0.06841085477926967,-158.4185606209974,121.89651278560514,17.114444162723476,2.449567779230939
1.3124875974997359,71.33999467794699,-41.98053161634404,66.51686369036858,-55.763488004946154,-24.09612396143946,-15.84437304672681,0.03931118647921937,-0.06523218682054699,-114.7225270254876,114.78526897109201,16.856237969626555,2.4466824556205746
1.3264502315156905,68.3479634814761,-44.38516332229371,64.48828433995016,-57.23170623284656,-22.671598545317273,-15.941871312091568,0.04220617960059221,-0.06130106817262515,-110.09347663245185,108.85487813838976,16.71957719976386,2.444452234353575
1.3404128655316452,66.3861480677614,-45.77481036147592,62.45263051659835,-58.72188924890436,-18.984384316739234,-15.796136580862917,0.042833131278625335,-0.057080450212565914,-52.74939865572022,62.51055729770574,15.501505122455834,2.4433286652881967
1.3543754995475998,64.5297318231246,-47.35683195935524,60.41029907505947,-60.23287505322939,-20.985084743185492,-15.70375957918497,0.03966667350883618,-0.05279713708470357,-76.52699515326722,59.94520677366383,15.644372976073697,2.442840493579804
1.3683381335635545,62.45332839979217,-49.2098337852239,58.361688171894684,-61.76348542454295,-21.65167789215667,-15.616640023701065,0.03954644139596116,-0.04883046973381999,-74.28884059605426,63.70701481842689,15.671516408742415,2.44275321758786
1.382300767579509,60.616438256833284,-50.94437581892391,56.307197187858705,-63.31252683891932,-21.75839776255876,-15.476008165095525,0.039996573324672734,-0.04487582559422387,-61.02348088341968,53.004399315469655,15.383786277800786,2.4426803859198283
1.3962634015954636,58.109790517614734,-52.718947785055846,54.247226650039565,-64.87879140045987,-23.291900109158565,-15.325187630882487,0.04018159172456544,-0.04087616826175644,-61.40014403949385,46.61163294443004,15.321057211924643,2.442920079863646
1.4102260356114182,56.44376413774523,-54.637037301081506,52.18217815377524,-66.46105778317386,-20.735176211930604,-15.156239954843079,0.041447799122959664,-0.03685800908930004,-47.036613475336274,51.45880495069987,14.9660340617118,2.4435233469505495
1.424188669627373,54.83732102200885,-56.5571350553117,50.112454284361746,-68.05809218333171,-24.25650656087228,-14.950487436947679,0.03976754677851153,-0.032713229177004255,-52.30843704714303,28.333545521713116,14.83948107623453,2.444458223758654
1.4381513036433275,52.36194414759271,-58.2779456667113,48.038458538568364,-69.66864928154811,-25.92766465134115,-14.718165392079923,0.04157628983854596,-0.028736474499153175,-41.41354916824432,25.64571108103494,14.769439270789343,2.445827899522916
1.4521139376592822,49.4028611625191,-59.70691842000373,45.96059524597514,-71.2914732138446,-23.46819155471571,-14.50662791776953,0.04367535365150524,-0.024578845515298653,-34.772763813283866,38.40538018765756,14.502729638941688,2.4473333078352133
1.4660765716752369,46.66765133330341,-61.0239162316813,43.87926949014802,-72.92529855093444,-19.775822509100145,-14.374630585207537,0.04249159389421991,-0.020211310150147987,-47.37524821507787,57.373938355262624,14.32604754455572,2.4493194251037216
1.4800392056911915,44.88837100407014,-63.03688046436159,41.79488702966702,-74.56885128496641,-17.76052420945291,-14.333109779537132,0.038578038040642894,-0.015962150760726157,-69.75925741325048,72.48480970934878,14.394759378207922,2.4518118468974843
1.4940018397071462,42.93464288000848,-64.19836463605974,39.70785421902279,-76.22084982295773,-20.574523669006986,-14.218106752442107,0.03470319446300509,-0.01210434695666196,-65.22741133655978,45.35873645357402,14.165267459831435,2.4544793315628612
1.5079644737231008,40.913146056501176,-65.86712537729703,37.61857792939699,-77.88000598614175,-20.406465954247498,-14.230936501967452,0.03458291065885286,-0.008634027510361353,-85.38224335877376,79.20705598953612,14.678142136912085,2.457046409247852
1.5219271077390555,39.30690839935212,-67.25548164946164,35.527465469341976,-79.54502601445105,-21.108122480061674,-14.236362760219038,0.034397492485499157,-0.005175736444475998,-85.92479274453875,75.6407637076419,14.700017728790735,2.4595149230971383
1.5358897417550101,37.057456732389284,-69.01691430948948,33.43492450537513,-81.2146115753525,-23.664608035204395,-14.299063278411992,0.03483347366982448,-0.0017359871959259365,-102.7443328341439,83.50967733196195,15.14389326227001,2.46225875752829
1.5498523757709646,34.85130268674545,-70.57717794305817,31.341362982503558,-82.88746077624802,-22.19579303985991,-14.324764010435763,0.03725306979551804,0.001747360171056478,-85.79832637646285,85.22598804612474,15.002192741195884,2.465270279687719
1.5638150097869192,32.62705947920206,-72.25082745781566,29.24718904469424,-84.56226917965128,-22.36185985323604,-14.366046344350899,0.03746164125501714,0.005472667150608235,-92.92758639689744,84.84463140416638,15.066149694227049,2.4686109591111296
1.5777776438028739,30.53314779930926,-72.64506798562628,27.152810955305775,-86.23773082034872,-21.894313267248446,-14.394612830204371,0.037774492639913886,0.009218831276109896,-88.93296542450034,83.8231085728776,15.020015398601267,2.4724789340342532
1.5917402778188285,28.124925641098766,-74.64463629556028,25.05863701749646,-87.91253922375198,-22.085088765454994,-14.701596346078084,0.03745076981163122,0.012996280540101157,-150.41852543694782,142.25631874405198,16.219307824539857,2.476653325248875
1.6057029118347832,26.490015256876337,-76.53993643469876,22.965075494624855,-89.58538842464752,-20.75906960062111,-14.864062618599863,0.037883646415276126,0.016741357521264266,-117.57625525696578,116.5162843252518,15.806648212600034,2.4811452311476008
1.6196655458507379,23.77507058214466,-77.29081928734051,20.872534530658008,-91.25497398554897,-24.087217125789902,-14.934470557916104,0.037263512939071215,0.02052972216279203,-109.66482640755193,86.67249746088498,15.750822830327508,2.4858921137257832
1.6336281798666925,21.45824567240402,-78.37873022497658,18.78142207060299,-92.91999401385826,-19.679027030569376,-15.195996366498013,0.03970870858582205,0.024256073456699223,-133.06876147413828,146.24417625946904,16.407547899940546,2.490971204486373
1.6475908138826472,19.056394538948773,-80.2822723680953,16.692145780977196,-94.5791501770423,-20.358628187490957,-15.529605414382535,0.03761033250615893,0.02822694431528161,-161.6440631406023,151.36406625952407,16.886956943106938,2.496279230504332
1.6615534478986018,17.61920240095841,-81.94977113064304,14.605112970332968,-96.23114871503361,-18.862822996556627,-15.729753959485738,0.03745708720477813,0.03198797756589755,-129.8981198681766,129.75494871992933,16.558398604123134,2.502125214934302
1.6755160819145565,16.16252995929516,-83.21346362745876,12.520730509851965,-97.87470144906558,-23.266903720381464,-15.87178817976218,0.03629432836582724,0.0357336862863753,-132.47310768559242,104.49411244182363,16.72117882420423,2.5080577599002685
1.6894787159305111,13.842319579251853,-84.9284019456567,10.439404754024842,-99.50852678615541,-25.337995264645233,-16.058703437624022,0.03972739080883589,0.03936311912295798,-137.84914372022624,120.1263103541718,17.27087853761682,2.514274814986297
1.7034413499464658,11.431460273150392,-86.82134937165796,8.361541461431614,-101.1313507184519,-23.629556408966785,-16.180740424804277,0.043852484140650565,0.04333585820384167,-116.02360317338888,115.856617529519,17.104808613679445,2.520679351970907
1.7174039839624202,7.868307779557819,-88.13097489488217,6.28754571563827,-102.74190781666829,-22.830557793687625,-16.209444625202618,0.04485794230479043,0.04772110661790663,-98.4806456993057,94.27491418833519,16.73093058308398,2.5277353734161423
1.7313666179783749,5.494795726492448,-90.04412164917561,4.21782184622478,-104.33894221682615,-15.430772412720305,-16.309215002261414,0.0446934246761872,0.05220690084838564,-98.09548861160397,125.42100053369438,16.61397761701473,2.535517012075781
1.7453292519943295,4.134620065222865,-91.3948440960709,2.152773349960455,-105.92120859954012,-16.883490968641667,-16.310754310299078,0.037927602735796685,0.05667624331600418,-97.95616958163401,84.50106850167944,16.225011667012005,2.5437177565020335
1.7592918860102842,2.5236567723844905,-92.63021290918753,0.09280281214130781,-107.48747316108069,-20.53653266391061,-16.34637601132011,0.03540194598713498,0.06046900358958407,-110.98761790268276,86.7973085282509,16.59243794417522,2.5522265979885677
1.7732545200262388,0.7974716385964041,-93.11076527154741,-1.9616881718947,-109.03651457545708,-21.953601572837776,-16.43533701566491,0.0373589266988414,0.06400919818829776,-117.79453616840736,103.56085615498274,17.00838186406366,2.560389947381953
1.7872171540421935,-0.997565347898287,-94.83457365880163,-4.010299075059482,-110.56712494677063,-23.55508043151601,-16.740322337024473,0.03977829366346777,0.06774509085818181,-165.18874224855048,149.800187181427,18.1063290687496,2.5686389316491214
1.8011797880581482,-4.5624807993434295,-96.69673988336544,-6.0526305165983665,-112.07811075109566,-24.685732126492525,-16.91878996255239,0.043125613860392,0.07172292022452842,-138.68053652491628,125.16707114245324,17.96923079358504,2.5774295120323067
1.8151424220741028,-5.984074849568383,-98.78918718480993,-8.088284339950167,-113.56829376715345,-16.399009108597554,-16.99277907684887,0.04641329736522438,0.0760354816105675,-94.81109197413892,125.83917355425439,17.23602683510667,2.5868162306243683
1.8291050560900575,-8.104405181532771,-100.28074929633586,-10.116863690368593,-115.03651199505387,-23.03978293227182,-16.891448566382007,0.04048828457103072,0.08067681134708993,-92.15438047184323,53.6822698716758,16.764710170241862,2.5969008120646113
1.8430676901060121,-10.58941938464069,-102.17020581533174,-12.137973092289872,-116.48162056238783,-20.46535997615483,-16.798370118544046,0.043387276061715066,0.0847256398041929,-72.32644012832752,76.49070219485954,16.695445482821896,2.607686868562242
1.8570303241219668,-13.039296719204005,-103.85842680203693,-14.151218526431482,-117.90249261696441,-19.10138994309781,-16.625512722619053,0.0425062903828922,0.08906436741036439,-57.14792599951351,56.05054756252995,16.1304451623409,2.618263374329308
1.8709929581379212,-14.239255458311945,-105.48036153743924,-16.156207506606993,-119.29802020549627,-17.4516419778815,-16.429784905981922,0.04053083018918789,0.09331499644865371,-50.47384929503214,51.02543505948937,15.751069085010526,2.629523663499373
1.8849555921538759,-15.72136863399035,-107.12303247478154,-18.1525491562421,-120.6671151375484,-22.59750802113186,-16.197615936525015,0.03767692421272686,0.09736807946757242,-57.61898843961258,26.198792357652746,15.682836238279359,2.641101384086082
1.8989182261698305,-17.9413700254603,-109.25074936342395,-20.139854284576653,-122.00870983407606,-23.68241163324127,-15.932841192149624,0.040577155301586246,0.10113577188884504,-40.22370742604152,27.23393602741015,15.5276014210003,2.6528994685273593
1.9128808601857852,-19.734759165903288,-111.02030824556662,-22.117735462538246,-123.32175815989106,-22.01784576577551,-15.551231896979877,0.04294026401792955,0.1051934874190037,-7.006561033341737,6.964646558644513,14.677714972511017,2.6648432080394464
1.9268434942017398,-21.805342084387824,-113.35126628582522,-24.08580709827228,-124.60523623940634,-23.63788788227813,-15.137800662829328,0.04232603714084733,0.10948751382079669,-5.5012002776110505,-9.76100217168423,14.264707732988516,2.677521928950764
1.9408061282176945,-24.17905059402571,-115.22143491114043,-26.043685512313846,-125.8581432550234,-22.322008530820924,-14.587995951052921,0.04293435163700113,0.1137201175348812,32.99390515199933,-34.48644968502539,13.20551121826428,2.690896628042996
1.9547687622336491,-26.066472553277766,-117.02495206418193,-27.99098901238681,-127.07950222753985,-20.38477584831632,-14.028403659334568,0.04146589615865883,0.11801355269858149,39.90829995451436,-38.06939428497647,12.455706924363518,2.7046850947532626
1.9687313962496038,-27.89358371877196,-118.62912111252213,-29.92733796781545,-128.2683607779682,-21.21153119315618,-13.455242775560361,0.03839217305896426,0.12216014231444738,39.594673849063796,-50.411357855994005,11.887830805257051,2.7190259350225174
1.9826940302655585,-29.884629305256652,-120.4388235581855,-31.852354883534257,-129.42379187017258,-21.359760596455907,-12.901872877445793,0.036606985760345094,0.12599935962034392,40.047434013612005,-47.64924778830135,11.497686110736682,2.733728663637063
1.9966566642815131,-32.900549224815336,-122.90103433516296,-33.76566447368127,-130.54489453374347,-20.652913639199607,-12.326199033636604,0.0350526718993197,0.12966005819637827,49.97466011100547,-53.401904915431,10.825668780337033,2.748650792043495
2.0106192982974678,-34.949527248029554,-123.62754124253138,-35.666893734760905,-131.63079456654737,-14.20404368416272,-11.651303991971465,0.0330379267570557,0.13316532538631032,88.26536386490001,-64.1152104249098,9.157585688660886,2.7639400589122025
2.0245819323134224,-36.68879335185568,-124.99086784185587,-37.55567201836162,-132.68064521640332,-15.797794934977324,-11.15437464389919,0.02674133249235972,0.13646911806201611,35.304642903161884,-48.062047927942224,9.420758044110098,2.77963927655526
2.038544566329377,-38.4666147317587,-126.56242498992619,-39.43163110341463,-133.69362784135487,-15.821459075155396,-10.680351629005767,0.02375814761180195,0.13914325131125205,36.536829147483985,-42.00049915017894,9.124757012669253,2.795722950517479
2.0525072003453317,-40.06798867258139,-128.2576263770504,-41.294405267979286,-134.66895254802228,-15.939216012277136,-10.186195199596785,0.02166616141411362,0.14151906607243214,43.233289451739765,-49.03394936265926,8.585580258020423,2.8117842409498492
2.0664698343612864,-42.11458355055895,-129.6471303235606,-43.143631360541306,-135.60585880753771,-16.76637321528672,-9.646401231767996,0.020131390545468458,0.1436856822138437,54.09799753272303,-63.173329655091266,7.965933579717244,2.8281765895338267
2.080432468377241,-44.24887733947221,-131.51924289103735,-44.97894887080993,-136.50361604858287,-15.019241946654525,-9.12800140357642,0.019217699066356033,0.1456988212683905,58.597409347816324,-55.4490826352773,7.430745937339726,2.8450119158952956
2.0943951023931957,-45.64284678585836,-132.68427170319052,-46.800000000000026,-137.36152422706633,-13.231364168286259,-8.557488884518108,0.017334483014409267,0.14762059117502613,73.00670327910969,-69.21684949344319,6.374988473587308,2.8623693648443993
2.1083577364091504,-46.024013392881734,-133.93376986790017,-48.60642973058576,-138.178914371997,-15.8203438233529,-8.013774567394105,0.01489951408508882,0.1493540394764672,60.21639804485485,-76.77427179819868,6.242909732500374,2.880334993599071
2.1223203704251046,-46.928734089070204,-134.32762415757483,-50.39788589551185,-138.9551491071275,-22.167199055124797,-7.432574712530318,0.014311337626611177,0.1508439908849759,62.124331835606576,-96.89577122339205,6.659204917511338,2.898836201940362
2.1362830044410592,-48.36787623629305,-135.80442206156943,-52.17401924684947,-139.68962314796116,-24.900554772248658,-6.961435602837606,0.016080590032324926,0.15227512464763704,49.826753127519,-68.43421964012619,7.50093657880957,2.9178424174333695
2.150245638457014,-49.77190167187786,-136.155323817315,-53.93448352388252,-140.38176377373438,-25.109262405699063,-6.432214357741852,0.017615328008638728,0.15388318365086961,70.87419803559916,-77.85719055931396,7.206883781785951,2.937562987147663
2.1642082724729685,-51.66007977117052,-137.2426560084846,-55.678935520612,-141.03103127400726,-27.08326082107139,-6.023300281827973,0.017757861804563728,0.1556447164517336,43.95324880184014,-59.23636323252661,7.659345408932495,2.958258163691584
2.178170906488923,-53.23780230617241,-138.46309299752795,-57.40703515266473,-141.6369193695135,-25.171290534381583,-5.610701793687902,0.017939288152233317,0.1574205026321902,56.179603453506125,-53.24216617941979,7.234434783932065,2.9799285826290145
2.192133540504878,-56.51936423596908,-139.3598681198678,-59.118445523593394,-142.19895560694178,-26.049231862289304,-5.155429846233194,0.01682851043245578,0.15921443144741332,61.287001198893265,-71.16470900757606,6.966967352228349,3.002458377749527
2.2060961745208325,-58.62576941770162,-140.68015985096895,-60.812832990555194,-142.71670172734062,-16.883402070985376,-4.783077678627534,0.015762373701063592,0.1608972824906587,69.85682025479622,-32.018393038118106,5.449973010471359,3.0258737006784693
2.220058808536787,-59.95295980723791,-141.20776552467015,-62.48986722935622,-143.1897540078595,-17.07162416560431,-4.369342824462909,0.012142610241994754,0.16247351986076497,59.4480172984935,-64.32349034533122,4.607528049869378,3.0500660908248673
2.234021442552742,-61.54728366021633,-141.28451340799285,-64.14922129884874,-143.6177435765598,-18.68257430549295,-3.985347845099381,0.009720225075786473,0.1636877808849646,51.87473764829302,-63.451867023311294,4.839070645957323,3.075058805578974
2.2479840765686965,-63.61632903902817,-142.20719192268464,-65.79057170466908,-144.00033670005007,-18.616898486022272,-3.696366303860802,0.008285339066987706,0.16465980339254305,37.405067436934,-41.211742306388004,5.037974750023679,3.1006127918557076
2.261946710584651,-65.93672108881286,-142.36629536176605,-67.41359846230345,-144.33723504372134,-15.737714561132272,-3.3875659117951886,0.007162907587141599,0.16548833729924173,49.96123560861915,-40.30534162263963,4.3538877765070065,3.1268610451730328
2.275909344600606,-68.59015636980888,-142.24364973632495,-69.01798515946963,-144.62817590437928,-13.016450584646014,-3.165846507225201,0.005598947307040304,0.16620462805795588,32.87523166341193,-23.36551722385067,3.8223411493707156,3.129273400231016
2.2898719786165604,-70.23624353706509,-142.4031862272269,-70.60341901780208,-144.87293241509252,-8.575898914614882,-3.05163084748797,0.003963800251175407,0.16676452278866005,15.324969712780229,2.9155198056254688,3.311548564444095,3.101383411359894
2.303834612632515,-70.9679932355961,-142.9802892427427,-72.16959095382873,-145.07131372209642,-9.743773777390748,-2.958562998727976,0.0021681535573081995,0.1671609028137775,-1.5653604584384588,-6.021976948328946,3.294956230784451,3.072698171248465
2.3177972466484698,-71.45714893733253,-144.12081502838004,-73.7161956392275,-145.22316513361523,-13.313131985582652,-2.801528171230901,0.0013333753243556694,0.16737771816950842,6.80893889905686,-26.010088712210187,3.5472677814315827,3.043230204793634
2.3317598806644244,-73.32640445282827,-144.06996290682156,-75.24293156035047,-145.32836824048604,-16.681214327149338,-2.494931237863329,0.001424808961483726,0.16751105570194413,39.95760321988036,-58.82067079144535,3.9737054280371744,3.013007326682729
2.345722514680379,-75.1458286503394,-144.9110157396035,-76.74950107700481,-145.38684100849073,-13.659121798089341,-2.25934140202201,0.0016871992984436564,0.16765353659809268,41.36803525990579,-30.385341091320015,3.667663893148419,2.9819522111000705
2.3596851486963337,-76.27615369661162,-144.97468938291743,-78.23561048047816,-145.3985378423237,-12.182390202998718,-1.9664235188289285,0.0012611033263921717,0.1678222565279368,51.66507538793669,-47.416361126074,3.128007282359866,2.9499985647701026
2.3736477827122884,-77.05231692395365,-146.8112174383486,-79.7009700507977,-145.36344962114575,-14.398431644614078,-1.682811287202769,0.0006253199581336306,0.16794836686057613,42.69627025233684,-55.66514248927456,3.446810349109413,2.9171636571710478
2.387610416728243,-78.96150779459828,-147.5304237695151,-81.14529411321175,-145.28160370569628,-15.445710914395056,-1.1298957138168144,0.0004333484386978212,0.16801089885638953,104.73725722409583,-112.48625805573127,4.3694599715417475,2.883559074721598
2.4015730507441977,-80.12234202980417,-147.8063407273853,-82.56830109388258,-145.15306391695822,-11.695736390165715,-0.548900045948081,-3.7145764014402346e-05,0.1680542337002593,125.27325143558873,-110.26369205445343,4.319814553000097,2.8492570625965925
2.4155356847601523,-81.42421992688952,-147.82006856855836,-83.96971357477979,-144.9779304863922,-13.869231124764203,0.03955472061374299,-0.0009190439460390155,0.1680505191238577,116.47744942561667,-128.8036845541783,4.775162017821245,2.814273019693717
2.429498318776107,-81.96780831737262,-148.4987583844857,-85.3492583477635,-144.7563399777793,-13.295759182611373,0.5868349970867122,-0.0018315054995936989,0.16795861472925377,117.32777812623237,-116.84548027482587,4.979192653763644,2.7787028200920556
2.443460952792061,-83.47245267496274,-149.19223171672635,-86.70666646784669,-144.48846518073248,-16.95567788370797,1.264815487272199,-0.0026821927818087253,0.16777546417929434,138.51702865112946,-157.92700267089418,6.2079971126269005,2.742663361641589
2.457423586808016,-85.10225629684066,-149.37642039624535,-88.04167330562692,-144.17451497596065,-13.815555780688172,2.015457614029259,-0.003891112886196183,0.16750724490111324,173.84352168858982,-161.4217721112659,6.786402468336782,2.706240437635639
2.4713862208239705,-86.43996634083373,-149.7418090972344,-89.35401859887595,-143.81473417238962,-12.715544518102638,2.7325569113078467,-0.004950844963395311,0.16711813361249384,166.36328000928077,-162.87938680570875,7.000702559431805,2.6695165884827308
2.485348854839925,-88.08466496552784,-148.9483516642488,-90.64344650327858,-143.40940331626757,-12.128853413821604,3.480533783242984,-0.005918648199928465,0.16662304911615422,175.97817623660563,-174.55547383489156,7.600566324353047,2.6326211171492373
2.49931148885588,-89.10113322936274,-149.3879483748008,-91.90970564231,-142.95883847240347,-10.666855135582818,4.018427113956434,-0.007000468391466681,0.16603118429616126,137.26496502612287,-131.3864023328476,7.106701376470482,2.5956359433251492
2.5132741228718345,-90.25970907137793,-148.59659430447036,-93.1525491562421,-142.46339097770922,-11.53134874337169,4.658187471916094,-0.007588717471855604,0.16533113745701478,156.8137384826687,-161.59674041551526,8.022684473303645,2.5586505334636875
2.527236756887789,-92.2881011444737,-147.87878600622972,-94.37173475026927,-141.9234471672378,-11.826041452599467,5.140837706497318,-0.008618461796690733,0.1645722657098294,128.0125526589192,-130.0871509761323,7.838344716776415,2.521775155336549
2.541199390903744,-93.61539012631367,-147.95052241180073,-95.56702474174425,-141.33942807293073,-7.448610782415028,5.484271644709644,-0.009677830776179917,0.1637104195301604,111.931197108434,-91.72173703786507,7.3153634316100815,2.485057898791645
2.5551620249196985,-94.70555282900162,-147.58580908625393,-96.73818610651492,-140.71178909531005,-7.555196111246093,5.896050492935246,-0.00910510515368879,0.1627426364525424,118.29252273452511,-118.51427943435768,7.883597831018096,2.448637368841193
2.569124658935653,-95.28324735413479,-147.8660174925259,-97.88499052435263,-140.04101964837065,-7.593346009051369,6.297580721833108,-0.00898844763025138,0.16183212593717355,118.65681766458117,-118.47045538297849,8.187348271608707,2.412606534383528
2.5830872929516078,-96.14703759347695,-147.7332559753737,-99.00721442346389,-139.32764277795002,-9.612763158668646,6.845964550009355,-0.009020012652907397,0.1609332811741484,147.8221607318757,-156.96567144351468,9.315136794484372,2.376886453425202
2.5970499269675624,-97.45928197582397,-147.17972355936575,-100.10463902407598,-138.57221475387288,-9.617490040030505,7.431301451190954,-0.010031041762837895,0.16003127990885746,163.5393414822294,-163.33874679842,9.979342931551995,2.341600180159439
2.611012560983517,-98.34569403879205,-146.68483556060565,-101.17705038108862,-137.7753246361886,-8.177399652495607,7.949265142382176,-0.010957523846472583,0.15902817573257355,155.84051421556504,-148.62499432080486,10.112592200886956,2.306832319031206
2.6249751949994717,-99.14151255296503,-145.80644021076836,-102.22423942578284,-136.93759381583988,-9.303675949521676,8.447301863684448,-0.011121469572519607,0.15793242334792623,148.54413397387577,-153.1393831674009,10.490559372590772,2.2727423369527564
2.6389378290154264,-99.88466789038797,-146.01689603180034,-103.24600200657953,-136.0596755301209,-10.18469315575573,8.859120402883809,-0.012027393877400934,0.15682027639067408,133.37702570568268,-136.89076981291024,10.575739000880716,2.2393746888121626
2.652900463031381,-101.27741108514253,-144.7944602404175,-104.24213892883905,-135.14225435330252,-10.243690013035229,9.439482466994225,-0.013104149742011522,0.15561753700293401,173.798941911881,-173.46471301410247,11.715177569574518,2.20669730415489
2.6668630970473357,-102.50812944722273,-143.82460466748378,-105.21245599369463,-134.18604566282164,-8.32366260783415,9.834719371897265,-0.014179688898307976,0.1543071220287331,142.03640283195415,-132.15803605311345,11.314726611035283,2.1748199326407214
2.6808257310632904,-103.36240557743386,-141.78314955611887,-106.15676403591193,-133.19179508145177,-7.567577595099764,10.14858710926725,-0.013989357576558064,0.1528891531389025,124.20145915042949,-119.40569489672193,11.241404452051063,2.1437868534487183
2.694788365079245,-103.74375785765432,-140.13439819434788,-107.07487896076707,-132.16027789588844,-9.19821942420951,10.200599894702496,-0.013735136404304953,0.15149021738124668,64.16845016902887,-70.50550704563275,10.314170718541721,2.1136172075553183
2.7087509990951997,-105.15148553265139,-139.14361113915513,-107.96662177993629,-131.0922984522042,-11.945524889081218,10.145407299422635,-0.01461658763988221,0.15011670374081598,38.64489155818314,-50.58137466280789,9.979586537176049,2.0841962714815185
2.7227136331111543,-106.45328247210233,-137.9639622987725,-108.83181864639015,-129.98868952864365,-8.037722274369457,10.10596704074861,-0.01666500169986102,0.1486550449768278,57.23643598834629,-38.04563057906814,9.866987459335908,2.05552273310737
2.736676267127109,-108.26526343994813,-137.01361640213267,-109.67030088828518,-128.85031168624803,-7.060801253753187,10.052568708536995,-0.015570244755921238,0.14698854480684176,47.30053215823877,-41.33547815850551,9.664772888031408,2.027709109232335
2.7506389011430636,-108.16334898354003,-136.03521483853936,-110.48190504184699,-127.67805259781568,-1.9504798287047684,10.02259327439906,-0.014352187136739105,0.1454315203312495,61.9966312111954,-36.205888323935234,9.595116025131862,2.000865597628879
2.764601535159018,-108.44120744998497,-134.89683821993512,-111.26647288323771,-126.47282635572134,-8.39770479966624,10.065456477190633,-0.010696894734553222,0.14399630161757582,50.52190389744816,-78.75693078582168,10.053290577378418,1.974666610979523
2.7785641691749725,-108.93831993571723,-134.1512837725692,-112.02385145940217,-125.23557275913451,-8.662371688921334,10.13249464764359,-0.012291444766262188,0.1429266121441204,70.24913303556934,-70.2626257619843,10.304144234349192,1.9490844326844545
2.792526803190927,-110.12955048111549,-133.66312414937445,-112.75389311788625,-123.96725658119237,-9.42696458780892,10.297543662670325,-0.013328267937981787,0.14169746766749425,90.40110267434525,-92.82524610149117,10.875339467951793,1.9238564572015093
2.806489437206882,-111.4115494323273,-132.57426389507506,-113.45645553562214,-122.66886681669865,-5.936105163462171,10.582104352991081,-0.014378075070016729,0.14036464087369627,127.02881773300447,-109.31613405870942,11.486600521424846,1.899485867772615
2.8204520712228365,-111.81434720388532,-131.0881114006383,-114.13140174667448,-121.34141591093517,-3.8530219232621308,10.842560937677508,-0.01303945687344815,0.13892683336669442,120.42217743869996,-108.68823853734355,11.557442210396529,1.8758926981235238
2.834414705238791,-112.98195596850233,-130.8880883280678,-114.77860016894205,-119.98593897018762,-6.12417868557468,11.031957398740925,-0.011117768307738725,0.1376228876793495,96.56965060215161,-105.09289728121949,11.49108473192617,1.8530521334683012
2.848377339254746,-114.05081826028665,-130.10212144633812,-115.39792462981008,-118.60349295460065,-1.5317658114682704,11.417384327585562,-0.011375477498775096,0.1365111108485757,155.98572343447978,-132.2401164857306,12.519911663515499,1.8306977173682526
2.8623399732707004,-114.87789146522661,-128.72227034142716,-115.98925439074783,-117.1951558539923,-0.264501773552126,11.846852655614839,-0.008647847679311465,0.1353735630986983,160.1846158435185,-151.30768435805314,13.051716187301807,1.808742393935085
2.876302607286655,-114.26471450029665,-127.1082314486693,-116.55247417084671,-115.76202584726984,0.6099260641101304,12.19321212131798,-0.006318902384662806,0.13450877833076724,144.13485215038503,-136.78521016905145,13.067982422175854,1.787374534172537
2.8902652413026098,-114.16489828911683,-126.10528597513314,-117.08747416929465,-114.30522044610292,-6.036589190548221,12.468780044569149,-0.0044263679796619935,0.13387688809230092,113.24402234563365,-141.4148074063474,13.110494379723347,1.7662654829836564
2.9042278753185644,-115.05072450117827,-124.44300903176536,-117.59415008678194,-112.82587562352165,-6.553313948869298,12.81009182308258,-0.008005288787126393,0.13343425129433495,143.0195598439862,-143.19698155959134,13.715046743568747,1.745424658940097
2.918190509334519,-116.75890088507568,-123.7709767781269,-118.07240314583449,-111.32514492811895,-4.340714834051807,13.03470477344388,-0.010597003763961107,0.1326337224156222,126.19106031017233,-113.40054879278685,13.461385533194811,1.7248651085899187
2.9321531433504737,-117.24249990794294,-122.83096176176119,-118.52214011007085,-109.80419858454802,2.1566878623069012,13.363157636666473,-0.010457398589047198,0.13157402203922608,160.06529007731956,-126.43337254178688,14.077638497744996,1.7051033866734455
2.9461157773664284,-117.35219585580855,-122.29120284112402,-118.94327330237873,-108.26422258101644,0.44868800741865034,13.755635717908458,-0.005486551816420243,0.1305282821803213,156.81834776233197,-160.9264241773027,14.665691954321991,1.6860103024271904
2.960078411382383,-116.87622027977048,-120.72728776783572,-119.33572062200788,-106.70641774448822,0.15843393384185267,14.305806822617184,-0.003847704146004209,0.12997962699867927,196.42689729049388,-194.01115280914408,15.710502761097349,1.6672824633513423
2.9740410453983377,-116.98288068754557,-119.9658803288385,-119.69940556057576,-105.13199880431499,-4.2619373262412745,14.766082925579143,-0.0031781502948950236,0.12959485658407877,170.53385362634535,-187.6771534321855,15.848766923185762,1.6484067594251943
2.9880036794142923,-117.71664714450071,-118.00314568166384,-120.03425721698291,-103.54219344502667,-3.284380875396578,15.327166873897841,-0.00643696487383339,0.1292770415545892,207.31712769728225,-199.49056942967056,16.70474152993376,1.629686723363534
3.001966313430247,-118.02639057896145,-116.28611440011662,-120.34021031123554,-101.93824134901995,-1.6450503311913884,15.671195390389574,-0.007690941932169222,0.1286333450672057,165.43923516613813,-154.14656098346188,16.27772204292874,1.6111899621430226
3.0159289474462017,-118.00288158515173,-114.96633461344946,-120.61720519717169,-100.32139322989127,-2.2060149201674144,15.917481783299955,-0.007059706313205073,0.1278642508739889,141.29108021919552,-140.07453988207848,16.17357852885295,1.5932803458570506
3.0298915814621563,-118.18191801963496,-113.54762495950794,-120.86518787408944,-98.69290985716802,-3.302628238952153,16.189144266087418,-0.007212538683278766,0.1271582802426683,146.87463659073927,-148.2480057170683,16.523230634172183,1.5757287776219373
3.043854215478111,-118.13373813641445,-112.854085052058,-121.08410999727467,-97.0540610731983,-3.0208948201439614,16.45377636540253,-0.00834193924414426,0.12643702637434018,150.1063448036986,-145.05985303263697,16.74695100449195,1.558318463790596
3.0578168494940656,-118.40970640795854,-110.74124932839334,-121.27392888742564,-95.40612480296612,-3.7800051056600568,16.890493912274557,-0.008671568014152035,0.12560283244992565,186.10373728183035,-185.8897839002753,17.728285726674944,1.5410998576599821
3.0717794835100203,-118.81259096147078,-108.85103837556942,-121.43460753897365,-93.7503860576039,-3.2989130336803294,17.12087706948468,-0.009771350625164541,0.12473567564851029,147.1684121302601,-141.08840526302993,17.25802600354623,1.5241429521279635
3.085742117525975,-119.53242568200749,-107.44820823512794,-121.56611462729715,-92.0881359323795,-2.2756014658246824,17.240761766015346,-0.010037732013838957,0.12375854058599378,126.04360957505433,-117.23910112018591,16.98754811319657,1.507340360343873
3.099704751541929,-120.43939520846615,-105.41032922479978,-121.66842451482874,-90.42067059993896,0.732566288152968,17.377996790634104,-0.009198365348965811,0.12275476738460966,135.2665452345884,-116.80364429560157,17.16098857675719,1.4907419021173167
3.113667385557884,-120.47966026010549,-103.61635116422221,-121.74151725605314,-88.74929029958986,3.7403180307363644,17.37884742470149,-0.005842883791356068,0.12183493084971309,107.08003022482599,-88.0289187338663,16.71184429960297,1.4742372119446587
3.1276300195738385,-120.2283891210126,-101.73684534373042,-121.78537860139564,-87.07529832341416,2.4566942808809262,17.352087645380664,-0.0009779651602051798,0.12125064247057749,91.39180694423456,-92.19401356577252,16.592508233211323,1.4576888131290318
3.141592653589793,-120.23943002108054,-100.27676423595199,-121.8,-85.40000000000002,1.3189800389839041,17.291631520473633,0.0005030582352771274,0.121152845954557,84.46540830737531,-84.81805377590494,16.412266039152463,1.4408182671404708
3.1555552876057478,-119.94767013233329,-98.88552833513414,-121.78537860139564,-83.72470167658588,1.9908230651361523,17.291717930079766,0.0002537177012264321,0.12120315177808472,101.39264907903893,-93.36433085204553,16.624100937558925,1.4234478283059682
3.1695179216217024,-120.08104139608017,-97.66441371478174,-121.74151725605314,-82.05070970041018,0.5941080767431453,17.36275325824644,0.0008111940882755716,0.12122852354820735,111.76610236848242,-113.45149960555716,16.930121262629132,1.4058890591083983
3.183480555637657,-119.15321510108858,-95.20920008454397,-121.66842451482874,-80.37932940006108,2.4899967323046885,17.515952100529987,-0.0001937404489176565,0.12130964295703484,137.55701366369166,-123.8233791675051,17.35782028172576,1.388288094049205
3.1974431896536117,-119.18196325227095,-93.42268082776187,-121.56611462729715,-78.71186406762048,-3.092512530674398,17.478651197933708,0.0010211001370166377,0.1212902689121429,79.86134007639808,-101.30572598271814,16.672857576878005,1.3705372260548518
3.2114058236695664,-119.34040089375829,-91.51447782858142,-121.43460753897362,-77.04961394239608,-0.27651374579239985,17.41686863724422,-0.0038486700785625894,0.12139237892584465,93.90195868840439,-76.44304364813613,16.52730242704707,1.3527655006433452
3.225368457685521,-118.78193619897328,-89.12615886699767,-121.27392888742564,-75.39387519703386,0.25472469042713575,17.30423092207603,-0.0038551534449886666,0.12100751191798853,77.2055554045635,-70.10895961633355,16.236143621764167,1.3347235306306846
3.2393310917014757,-119.67719076098442,-87.34771787144746,-121.08410999727467,-73.74593892680168,-2.4249073417409908,17.062469515080423,-0.0034087170120318823,0.12062199657348982,41.22693559618135,-49.330384338843615,15.551564860372979,1.3169921131758784
3.2532937257174304,-120.67891207344947,-85.43398986421144,-120.86518787408944,-72.10709014283196,4.397817060554697,16.81303641501734,-0.005762732663082984,0.1202811248722866,60.548901153712514,-24.0157530417097,15.28685941267824,1.2990569660920466
3.267256359733385,-120.07035568175749,-83.5080039828506,-120.61720519717169,-70.47860677010871,8.453572750861182,16.523407756339026,-0.0005797852876245667,0.11970485160597821,44.40331561413252,-19.831605646477325,14.955510396838807,1.2808445250198934
3.2812189937493397,-118.05016823906598,-82.41850338435512,-120.34021031123554,-68.86175865098005,4.993069555011115,16.2363237422405,0.006103678316174428,0.11964687307721578,26.028188132046576,-36.527508996499215,14.648731134210584,1.2626062220362018
3.2951816277652943,-117.06552854094777,-80.02033041439968,-120.03425721698291,-67.25780655497333,-2.700233649868819,16.163184733245515,0.00669665338329274,0.12025724090883338,60.271812868483735,-91.61239189555765,15.2899750629201,1.2435593940886882
3.309144261781249,-117.91060921553536,-78.70703120015881,-119.69940556057573,-65.668001195685,-3.8559021707993115,15.946988739991312,-0.00013029662991185988,0.12092690624716251,43.98234329603489,-45.6647836089839,14.592006789913976,1.223524667149313
3.3231068957972036,-117.58049794745102,-77.30532610635757,-119.33572062200788,-64.09358225551176,3.258710205061639,15.80206885382424,-0.004995940280600505,0.1209138765841713,77.26520605783523,-39.88382310333949,14.6827733272248,1.2030814228762141
3.3370695298131583,-117.63195361884172,-75.58848651933562,-118.94327330237873,-62.53577741898354,1.119872949318502,15.720357199813915,-0.001316731611788192,0.1204142825561112,68.41801050524542,-73.76750306529841,14.832286576813104,1.182941667916535
3.351032163829113,-117.8561705633466,-73.28290717337286,-118.52214011007082,-60.99580141545198,4.277561821771166,15.604831259906238,-0.0011660694852649244,0.1202826093949323,73.25852075135826,-53.83431480359674,14.61981157642855,1.1628790111494283
3.3649947978450676,-119.05991258679705,-71.08812370029457,-118.07240314583446,-59.47485507188105,6.2809633243094165,15.330097410433083,0.001620600790463947,0.12016600244640596,35.940260503038985,-21.45201124317655,13.809745086975422,1.1420084971624815
3.3789574318610223,-119.05388904286413,-69.59311227710029,-117.59415008678194,-57.974124376478336,14.221524881732169,14.926312005762576,0.0048094689984974175,0.12032806252545214,21.06399973052952,21.96024147973667,13.195659815693313,1.1206523898289635
3.392920065876977,-117.94201213693307,-68.0763999516101,-117.08747416929465,-56.49477955389707,14.089945511225256,14.587512777653487,0.01324426957230953,0.12080900942530182,14.37908706591815,-8.383986466347524,13.245116367277848,1.0985164937931042
3.4068826998929316,-116.29060837414158,-66.69726695411148,-116.55247417084671,-55.03797415273016,11.0082139094264,14.317693744292283,0.017699578174916356,0.1221334363825326,20.62073017523014,-28.77095819838858,13.112260029151859,1.0755301393808239
3.420845333908886,-115.03428081101228,-64.35087006722063,-115.98925439074783,-53.60484414600772,6.33165908955016,14.139497860235824,0.017562386018558293,0.12390339420002405,34.884477827324865,-51.254702379037916,13.095890546635722,1.051138612159674
3.4348079679248404,-113.73887610822142,-62.14198676930765,-115.3979246298101,-52.19650704539938,4.009763545117371,13.823432629579909,0.013537335779245492,0.12565963280187997,9.397493183645256,-15.470822128981517,12.159801696292813,1.0257102925547539
3.448770601940795,-113.42384689844525,-60.31517696946886,-114.77860016894205,-50.81406102981242,0.7717241554499212,13.425757253417498,0.00925766751945347,0.12701336637980454,-12.554474162320943,1.6211340615444412,11.375540764375112,0.999675681790694
3.4627332359567498,-113.38351524287371,-58.749465750301226,-114.13140174667448,-49.45858408906487,3.4448905078652072,13.008015310156972,0.004243049920153345,0.12793913313174965,-5.620170126834182,22.106430086430027,10.879625123784884,0.973395951769894
3.4766958699727044,-114.32725329945384,-57.64012849094603,-113.45645553562217,-48.131133183301394,5.784320683770028,12.610618773207781,0.0033486994409095447,0.12836343812376505,-4.463040367519341,19.750811135904687,10.618583087668311,0.9468704511124031
3.490658503988659,-113.70181101512514,-55.737352183181436,-112.75389311788625,-46.83274341880765,13.95182132600582,12.282147292327767,0.004469855637913585,0.1286983080678561,22.072630137515567,21.264447532747447,10.921311018299127,0.9201484811639977
3.5046211380046137,-112.47297412992748,-54.58100967980527,-112.02385145940217,-45.56442724086551,11.25833249473169,11.894817327337629,0.010660692253095811,0.12914529363164728,-17.493906509145763,10.600118469008887,10.310380698724732,0.892796214211165
3.5185837720205684,-111.48196125423361,-53.17436968902558,-111.26647288323771,-44.32717364427869,9.722531789965265,11.605501948626856,0.012109303368106866,0.130211362856957,4.127313189287852,-6.11123727681656,10.324572567507454,0.8645932175224136
3.532546406036523,-111.70343033220877,-52.659987929787995,-110.48190504184696,-43.12194740218433,9.066812317108345,11.337251179648332,0.011744538499168438,0.13142229319376764,8.999678240451454,-7.152823559577911,10.102044657440185,0.8350171365236823
3.5465090400524777,-110.9312321688784,-50.51180370462004,-109.67030088828515,-41.949688313751956,15.30178641559535,11.216989886801999,0.011045083589615168,0.13259674704368463,55.54617192264354,-21.11552400488796,10.901565630725289,0.8045309235478362
3.5604716740684323,-109.64799912109872,-49.64424172851224,-108.83181864639012,-40.81131047135635,12.902191684088752,10.926535688025105,0.014460361893095934,0.133701255402646,-1.7068449923886693,-3.8107290440028625,9.925074614681813,0.7733094176833557
3.574434308084387,-108.06495550472691,-47.24008256831792,-107.96662177993629,-39.7077015477958,11.672312347796241,10.743091553831123,0.01471949981114552,0.13514729159195582,22.328129868855736,-22.798132197526183,10.077790458546296,0.7413850374929298
3.5883969421003417,-107.01012446913633,-46.647025647402494,-107.07487896076707,-38.639722104111556,7.607177780963905,10.371563969784841,0.013874427618282056,0.13661924157307048,-25.982694010983284,11.757562086264958,8.65716187195223,0.7083513865203708
3.6023595761162963,-106.3873335589294,-45.401207449574976,-106.1567640359119,-37.608204918548225,8.616032199595658,10.14537351704435,0.010827670518682341,0.13800668433489882,14.73969012208354,-5.671684587856973,9.079014494831396,0.6745359423730903
3.616322210132251,-106.10527296577182,-44.41675311537781,-105.21245599369463,-36.61395433717834,9.867416113542284,9.906785360276741,0.009565602460616291,0.13908945138676687,11.286301069002446,-0.9343172312260477,8.865447228122013,0.6400683887093006
3.6302848441482056,-105.97296776225375,-43.57933046662085,-104.24213892883903,-35.65774564669749,13.142930728182808,9.687360207317377,0.009441313042390254,0.14004601163282837,18.887637708156547,1.2620575207204345,8.954969585429927,0.6051960900429636
3.6442474781641603,-104.38758754631733,-42.97569842081299,-103.24600200657953,-34.74032446987909,16.718308523801426,9.497878877319252,0.011063354699989286,0.14099014293706746,25.057649353424857,-2.934278775648122,9.250101039613387,0.5697761292716228
3.658210112180115,-103.220277619362,-41.49563632238014,-102.22423942578284,-33.862406184160136,12.63065492298415,9.407072974095511,0.013826987249605833,0.1420964784070664,27.34471878331392,-41.05643765346323,9.366545279944857,0.5337389117126494
3.6721727461960696,-102.6676261703939,-40.7378571500092,-101.17705038108859,-33.02467536381141,13.05163768930107,9.218171659343081,0.013074672837395393,0.14347917713202696,16.225455110912478,-9.27049262686921,8.71389448575194,0.4969627138491606
3.6861353802120242,-101.05745744603203,-39.44251605439791,-100.10463902407598,-32.22778524612711,15.770333318677084,9.05492797629463,0.012742603163032171,0.14478664441576639,26.10907262437634,-8.195745633571258,8.887644621688818,0.4593948970953843
3.700098014227979,-98.89739204939676,-39.120978008889836,-99.00721442346388,-31.47235722204998,11.729076268111683,8.83925910948822,0.013799029061195936,0.14606090473206956,-1.940015267996314,-11.836543105612957,8.229637189113697,0.4214568383379471
3.7140606482439336,-97.80268634485395,-38.82107491184988,-97.88499052435262,-30.75898035162936,7.882865101152124,8.756450425823687,0.012249622983242338,0.14744080763818923,25.498065377728793,-39.14311404353021,8.423061300260217,0.38318396048636494
3.728023282259888,-96.34110166214042,-37.80209303157601,-96.73818610651489,-30.08821090468996,9.845652860474543,8.753615864408616,0.009442385988138534,0.14866576993651348,55.583737830501114,-42.32822491768237,8.797503880361354,0.3445216814501557
3.7419859162758424,-95.29796084906111,-37.98594451866682,-95.56702474174429,-29.46057192706928,7.363348846929484,8.688226690921006,0.008783038217768728,0.14961000853532713,31.60145026390237,-39.12447552780773,8.377360527971865,0.30582059085970137
3.755948550291797,-94.51241503313568,-36.059932084300264,-94.37173475026928,-28.876552832762208,9.667300756920705,8.771400343858259,0.00722792814045461,0.15048831235710391,74.25954293879504,-59.492362707641824,9.156359083899627,0.26730092729461674
3.7699111843077517,-93.48071922338902,-35.1419316147229,-93.15254915624212,-28.336609022290794,10.188952879943956,8.579515069504437,0.007372374873423508,0.15121110517114955,11.547290631491054,-4.811333882415976,7.842126900484769,0.22884534879137997
3.7838738183237064,-91.98244426067936,-34.36812173677308,-91.90970564231003,-27.84116152759656,10.84012512079947,8.343818758817918,0.007576198038630782,0.15194834265849178,1.3869902089290165,6.0131961310713455,7.467886416986626,0.19064229765693108
3.797836452339661,-91.85247309407178,-34.170451896755594,-90.64344650327862,-27.39059668373244,9.134799618514707,8.101257893789617,0.00785719272082068,0.1527059624623548,-6.9864058157086015,3.2408104962531503,7.1048413676966735,0.1526204775474458
3.8117990863556157,-90.6910517725999,-32.69780477473853,-89.35401859887597,-26.985265827610398,16.13648033460838,7.90015186221747,0.007102771063097686,0.15349168173443672,21.075840012664568,16.213175775052104,7.607179090359472,0.11487078931251293
3.8257617203715704,-89.06953369227429,-32.53735462729199,-88.04167330562694,-26.625485024039364,13.659439991830924,7.551514528733642,0.009625192197123328,0.1542019588407464,-33.715727611072246,27.16433669063413,6.6251244075859566,0.07747899548452164
3.839724354387525,-87.23383368822498,-31.88326622956766,-86.7066664678467,-26.31153481926752,13.111208053558311,7.2902989022954285,0.0097236474256337,0.15516447806045885,-12.471972028762465,14.549559133946234,6.659127105129017,0.040637355533117425
3.8536869884034797,-87.1100962636567,-29.843922463311767,-85.34925834776347,-26.043660022220706,10.448385393436373,7.025685120913659,0.00934429780533547,0.1561368428030221,-19.788647563809622,11.64414580317636,6.136173471371282,0.004100922135369611
3.8676496224194343,-85.87262668199511,-29.608010255266635,-83.96971357477977,-25.822069513607786,16.701560723035865,6.511441066724317,0.007725200993087916,0.15707127258355547,-54.01174993324819,87.7149529947529,5.102676217598024,0.031812150666215455
3.881612256435389,-84.97706668709654,-28.798582731932203,-82.56830109388257,-25.646936083041787,15.337632855088676,6.058849494130407,0.008837369527598608,0.15784379268286441,-61.362004678210695,59.863269517800624,5.158359835269549,0.06698606057593093
3.8955748904513436,-83.40504807611183,-28.583698105557044,-81.14529411321173,-25.518396294303713,18.09523045860569,5.561588310218315,0.00854050561351067,0.1587275296356241,-63.85027695814369,81.58854969307019,5.044016665672078,0.10123705279206119
3.9095375244672983,-82.2430387915085,-27.742242901841053,-79.70097005079766,-25.436550378854257,16.319989196074264,5.125570039947169,0.008836209653462481,0.1595815801969751,-64.1128262243833,60.677839991975375,4.860528040378512,0.13478697741403112
3.923500158483253,-81.2240208775127,-26.97431223662331,-78.23561048047813,-25.40146215767632,17.89629650147394,4.634125593854702,0.008002285194449319,0.16046520116232132,-70.72450201272032,82.7939671360695,4.640984395610493,0.16745219340919615
3.9374627924992076,-80.24684821114904,-26.222057871535565,-76.7495010770048,-25.413158991509277,19.18860450904918,4.085610197272566,0.007447517689018293,0.16126542968176638,-86.40245609669813,97.29001495312734,4.739042825283117,0.19925759242476637
3.9514254265151623,-78.39046524570945,-25.666624596441697,-75.24293156035046,-25.47163175951397,20.875714188033687,3.472354553441482,0.006829602647214829,0.16201018145066826,-102.45688630415789,115.3242196622197,5.059873634562744,0.2300638836993878
3.965388060531117,-77.07458365654605,-23.96105106374385,-73.71619563922745,-25.576834866384793,17.91552856260721,2.874834628936056,0.00614174346078432,0.16269314171538962,-113.55368698010732,104.47848048725538,4.675131928588227,0.2598802218980065
3.9793506945470716,-75.75627510230271,-23.800656098900053,-72.16959095382872,-25.728686277903606,18.552062686888267,2.058878246166839,0.004427248753353454,0.1633073160614682,-155.69452639464902,163.03258026694908,5.2137786358885565,0.288688527543445
3.9933133285630262,-74.76929942741852,-22.74231268974376,-70.60341901780205,-25.927067584907505,19.271623617049464,1.286902995347404,0.002707333819366835,0.16375004093680356,-150.79911618947207,158.44862377977583,5.574365581427168,0.3164764000019207
4.007275962578981,-72.7324941788667,-21.508213981708863,-69.01798515946962,-26.171824095620728,21.00549724170265,0.3591562573456475,0.0008684076232918824,0.16402077431874007,-186.34031083811635,198.756577673257,6.696205215773544,0.34314145274611807
4.0212385965949355,-70.79276301220418,-20.724129474527114,-67.41359846230343,-26.46276495627869,16.6300413024921,-0.686700162672311,-0.0012388556308655851,0.1641076150810692,-231.5441512567517,214.99736135165588,7.268990782996356,0.3686884169377773
4.03520123061089,-69.27922430362018,-20.160531534259068,-65.79057170466905,-26.799663299949934,15.36141480581135,-1.768649910202774,-0.003551887731197963,0.16398372951798246,-238.47343250656357,235.6384328503853,7.869817605322046,0.3931149829526639
4.049163864626845,-67.99490783055909,-20.21148497714603,-64.1492212988487,-27.182256423440222,15.541103476779385,-2.8714391189147506,-0.005791525846752279,0.16362854074486277,-246.00243830171115,249.55512532401235,8.696065273921908,0.41640757477357315
4.0631264986427995,-66.43038776845026,-20.736285693172476,-62.48986722935619,-27.610245992140527,17.081543185308103,-3.878166280924077,-0.008021340949228422,0.16304938816018755,-228.609039110116,238.39484189889077,9.222100442843525,0.43856192510359016
4.077089132658754,-64.11785151732504,-20.3796777480018,-60.81283299055518,-28.08329827265939,17.187109961440218,-4.697114973067032,-0.010429395025777595,0.16224725406526463,-197.47711738932216,200.47599989592794,9.248541264750394,0.4596041666326478
4.091051766674709,-62.44094196377902,-19.878890611363214,-59.11844552359338,-28.60104439305824,13.03792363779629,-5.521200297304779,-0.01263869639457533,0.1612043145626867,-213.54850360041783,196.13159818572132,9.62210630800796,0.4795560414777782
4.1050144006906635,-60.51607134282411,-20.78584390095292,-57.407035152664704,-29.163080630486533,13.715362385789884,-6.422119722475408,-0.01345546942626122,0.15994044492322912,-223.84205636405824,228.40950323390393,10.561079589425132,0.49842198811177196
4.118977034706618,-59.0041797627118,-21.452186463276657,-55.67893552061199,-29.76896872599277,12.835876850793623,-7.0798083987069145,-0.014712413115291178,0.1585948979806031,-180.4853919028491,177.55107058016765,10.20266703292698,0.5162452360129901
4.132939668722573,-58.3600535753669,-21.18068474258426,-53.93448352388249,-30.41823622626565,14.507667319115399,-7.619414761489956,-0.015530795023107245,0.15712365666907413,-153.00272544269154,161.87673017962734,10.3000906940859,0.5331891250219956
4.1469023027385274,-56.99155732384687,-20.71812927724462,-52.17401924684944,-31.110376852038854,18.970923940921654,-8.305932125277156,-0.01720389370686373,0.15557057716676326,-180.9364421459736,203.2624383689891,11.698966027053899,0.5492341477949698
4.160864936754482,-55.36202306258043,-21.293787284624475,-50.397885895511806,-31.8448508928725,18.413674455292558,-9.13744674677372,-0.020919374861709958,0.15385018779607673,-227.6687799111648,226.77667077173504,12.933693858156797,0.5644488283325133
4.174827570770437,-53.61662029556248,-22.633811010259706,-48.606429730585674,-32.62108562800304,19.420805686382728,-9.850710434343375,-0.02358869950120407,0.15175825030990575,-203.59310491217093,209.83531881992118,13.188848661926434,0.5787722978098611
4.188790204786391,-50.858007337194216,-23.22673249365543,-46.79999999999994,-33.43847577293371,20.133119174562985,-10.305190962246158,-0.026284623423904394,0.14939938035978528,-152.8666286443227,157.71972899497564,12.775253143779356,0.5920246702182537
4.202752838802346,-48.40675680906511,-23.47517698514225,-44.978948870809845,-34.29638395141718,14.838424671893751,-10.688779145927885,-0.028705603514594953,0.1467709180173946,-154.61781630555777,130.92569387506634,12.533974303767042,0.6043345104881839
4.216715472818301,-46.256172554595956,-24.662757389526703,-43.14363136054122,-35.19414119246233,13.049178875384149,-11.111202423604428,-0.02733606780425173,0.143900357665935,-157.45697801498335,149.35897158187453,12.846579761919083,0.6157225819685972
4.2306781068342545,-44.89432781322179,-25.955385325700963,-41.2944052679793,-36.131047451977736,12.620583861697732,-11.383230105131101,-0.025705003877530164,0.1411667508855099,-124.45765330452241,122.39204754257537,12.495631699240032,0.6262391788002626
4.244640740850209,-43.33930561322126,-27.104205685492886,-39.43163110341466,-37.10637215864513,15.97670651239691,-11.548594793459356,-0.02464488834561555,0.13859625049775692,-94.07898864570298,109.86429285186135,12.417147929046825,0.6362854533063507
4.258603374866164,-40.894078464489866,-27.939631790618876,-37.55567201836166,-38.11935478359666,16.801914423291326,-11.661087173563887,-0.02633397415382044,0.1361317616631954,-89.3327634034333,93.66321320507812,12.441218879717736,0.6459089033717289
4.2725660088821185,-38.20565532046018,-28.84844237561215,-35.66689373476095,-39.169205433452625,13.51009500323903,-11.7769957595021,-0.027948305279786093,0.13349836424781358,-100.51369241808348,85.39154419124218,12.386556599738993,0.6550729828298376
4.286528642898073,-37.33175908989363,-29.422394690815132,-33.76566447368131,-40.255105466256516,10.524543026405516,-11.881435603974033,-0.026771741122168714,0.130703533719835,-98.3775827660185,84.07274922643929,12.240321955853473,0.6635224965149829
4.300491276914028,-36.84217488664302,-30.240123326285538,-31.852354883534286,-41.3762081298274,16.83318416295508,-12.109436040471136,-0.024237422683556446,0.1280263596076181,-103.64669423611996,132.96114547978627,13.149810880441539,0.671283804985698
4.314453910929982,-35.03553125957191,-29.88176828133477,-29.92733796781548,-42.53163922203178,22.08924832010374,-12.407060826529781,-0.027311603299353726,0.1256026173392626,-121.71778734458502,147.13995944661977,14.10306110847439,0.6786540359790316
4.328416544945937,-32.47568937105393,-30.54918384671336,-27.990989012386844,-43.72049777246014,19.56059897779222,-12.992670309313821,-0.03321652825745486,0.12287145700932722,-203.48228663390054,192.78843936222728,15.528554646228937,0.685786156706857
4.342379178961892,-29.845248243649287,-30.911548371410827,-26.043685512313882,-44.94185674497658,16.998813896462693,-13.557519117263409,-0.03544565638044231,0.11954980418358163,-203.01502194484777,191.55498951355645,15.764507819632291,0.6921356690673646
4.356341812977846,-27.09058217852986,-31.177846784760096,-24.085807098272323,-46.19476376059366,13.913762672030181,-14.184366314146232,-0.035413147579897726,0.11600523854553746,-221.19706219207274,206.6335287223111,16.332416690104868,0.6974350216227694
4.370304446993801,-25.57252948845268,-32.52940991603479,-22.11773546253828,-47.47824184010893,10.407059394554313,-14.889647220751952,-0.03356737968229801,0.11246392378754777,-242.96604792284066,225.66682893070458,17.042068050010506,0.7020665030755442
4.384267081009756,-24.971641065227587,-33.84487020176823,-20.13985428457669,-48.79129016592393,14.677123730836524,-15.442700124221595,-0.03003304601813961,0.109107185819318,-196.09143490541013,214.94718294824904,17.145340741220156,0.7062701897399153
4.39822971502571,-23.758226797925065,-34.368768977860654,-18.152549156242134,-50.132884862451604,20.846505263266202,-15.9180821790019,-0.032057040112027306,0.10610388121750391,-177.52172972971948,206.06536106727538,17.657843471098825,0.7102405433200958
4.412192349041665,-21.967946596086644,-35.56543016010706,-16.15620750660702,-51.50197979450371,22.251141099243835,-16.5086829488121,-0.039255606488084516,0.10289817720630134,-215.8821149955509,222.7981027691517,18.74400197911605,0.714158800282187
4.42615498305762,-19.061785109890433,-36.88886554379243,-14.151218526431489,-52.8975073830356,23.07010000347032,-17.01493707289168,-0.045333943308133104,0.0989726165574929,-202.7939617766211,207.04890622668927,19.013209581143663,0.7174807735809408
4.440117617073574,-16.509458811289875,-39.20330790170239,-12.137973092289872,-54.31837943761218,18.44337520529167,-17.401869079790835,-0.050168298852113304,0.09443922222667966,-193.2597547667288,171.65167444187432,18.754389550980477,0.7196999396932422
4.454080251089529,-14.02491800721154,-40.670171708556275,-10.116863690368593,-55.76348800494614,18.729721402922614,-17.47870778244482,-0.048688299927822185,0.08942239234146854,-117.86790663153548,118.66954875616587,17.751192563653206,0.7209385654166285
4.468042885105484,-11.989752609394102,-42.8628700905652,-8.088284339950167,-57.23170623284655,16.696782361526722,-17.52441748552936,-0.04819381271850944,0.08455356234868638,-117.04152757554179,106.84614537835162,17.593409138041434,0.7213306247571429
4.482005519121438,-9.98629148607974,-44.799139275130635,-6.052630516598374,-58.72188924890435,18.52801239567858,-17.394390203223775,-0.045839732962551595,0.0797341810768355,-70.52988829711919,78.31935542522379,16.93392770178647,0.7215164824776545
4.495968153137393,-8.761468120965608,-45.479259110818184,-4.010299075059482,-60.23287505322938,18.81657075624752,-17.193444923025066,-0.046143261620294244,0.07515020778058012,-57.92371074978156,58.7489386427637,16.55030771208611,0.7214058908742604
4.509930787153348,-7.386003805701662,-47.166261963588674,-1.9616881718947035,-61.763485424542935,22.748247807333282,-17.237933850892386,-0.04652061080910129,0.07053588161855062,-100.81195185003857,119.06710651123913,17.646898707489438,0.7211925066978098
4.523893421169302,-5.02303914321589,-49.208135825760024,0.09280281214130426,-63.312526838919325,25.48668913712146,-17.246309154224786,-0.05061314458270792,0.06588382053764041,-95.7993796543698,109.1043979236232,17.79422428349795,0.7206176795546924
4.537856055185257,-2.0664860902790423,-51.132001485054566,2.152773349960448,-64.87879140045987,23.69325482476025,-17.13205298984606,-0.05556925402465558,0.060822506079369454,-80.2214339989716,72.4899621556428,17.235478846788595,0.7196805686695633
4.551818689201212,-0.1843986471993757,-52.666696008061386,4.217821846224776,-66.46105778317386,20.2542876848989,-16.945683510356762,-0.0564397007675042,0.05526558067690379,-68.38888766390336,52.530965086028395,16.567211389721432,0.7180156444568628
4.565781323217166,1.904869607296103,-54.459451696298636,6.287545715638263,-68.05809218333172,22.873668986058682,-16.807776659980377,-0.05339896262713878,0.04962161060015324,-63.67960468585198,76.03610458366957,16.69674040223996,0.715542001418743
4.579743957233121,4.47530860614758,-56.192567664982285,8.361541461431646,-69.66864928154813,22.41597764556719,-16.652577463339583,-0.05399728577509871,0.044281714337439215,-66.08950873374958,64.33368448863934,16.522962888633053,0.7126731354900255
4.5937065912490755,6.639410172126207,-58.72364325863324,10.43940475402487,-71.29147321384461,20.412793654857005,-16.49466541891514,-0.05369973550037255,0.03888198575992918,-68.35482219967902,59.202486762108244,16.234142774861574,0.7098045855928654
4.60766922526503,9.17475067338516,-59.57670842073138,12.520730509851996,-72.92529855093446,21.679345993186075,-16.165829179582463,-0.051354616676250166,0.03351201220989175,-23.118494415873926,29.179598364088903,15.371302545857791,0.7065763687307025
4.621631859280985,10.845188619327658,-61.26980056799926,14.605112970332996,-74.56885128496643,18.613858485700742,-16.072226351846584,-0.05092708644148368,0.02837655054226662,-81.8180961991459,67.59301486189844,15.94531850850733,0.7030815087520521
4.6355944932969395,12.539978297141673,-63.39109455954916,16.692145780977224,-76.22084982295775,22.39379511228702,-15.985433688046829,-0.047772237075565986,0.02328384189811805,-66.72765498488813,84.5064445083319,16.053684370709416,0.6995277218084741
4.649557127312894,14.472230287397121,-65.59239811422434,18.781422070603018,-77.88000598614177,23.80664773295931,-15.811325614543541,-0.04926549784883977,0.01850661819056132,-52.58829208320102,59.835046525379155,15.77606334625103,0.6957257392833913
4.663519761328849,16.415836535324516,-67.02140031816178,20.87253453065804,-79.54502601445105,24.77673754192458,-15.550484459142902,-0.05111244858051458,0.01358006840567727,-33.940081584938234,39.390698344094936,15.350560892960514,0.6919503211728557
4.6774823953448035,19.31211684632653,-68.56048480035176,22.965075494624884,-81.2146115753525,25.401078551342227,-15.390600611803581,-0.05272115562451559,0.008468823547625792,-54.939262245409935,58.99446877928615,15.631371556496996,0.6877382280227087
4.691445029360758,21.637345987650615,-69.9050201692691,25.05863701749649,-82.88746077624806,21.121968534231506,-15.285986915953382,-0.05398677524027566,0.0031967079851740188,-77.56648941256809,58.46096148187482,15.436474166453072,0.6830552102537748
4.705407663376713,23.736796646360634,-70.89279583433166,27.152810955305803,-84.56226917965132,21.657581847924625,-15.268956551521017,-0.050888806097292204,-0.002201969538853543,-84.78988582614717,87.80779974979944,15.660629053833773,0.6779257626348931
4.7193702973926674,26.086138335807995,-72.32540483482653,29.247189044694274,-86.23773082034876,21.586813100329174,-15.404937708777993,-0.049653508848118325,-0.007290850148582884,-118.80413763717755,119.03897892257274,16.304338505707754,0.6723844171672955
4.733332931408622,27.915639890028764,-74.00792422166295,31.341362982503586,-87.91253922375202,20.624274542915025,-15.561223605362796,-0.04906858226375402,-0.012256201033394643,-126.02087968018006,121.96616031776588,16.44919890285422,0.6668673094684445
4.747295565424577,29.53217173921764,-75.892772179148,33.43492450537519,-89.58538842464756,22.884995446502344,-15.674832596210141,-0.04805473356264697,-0.01716305925977002,-110.15474787887088,121.20947022196647,16.526339390816915,0.6611875019488993
4.761258199440531,31.934147711614067,-77.89651231187622,35.52746546934204,-91.25497398554901,25.16345624791637,-15.707378267243232,-0.049579516522502386,-0.021968532616034597,-93.0947414271954,104.62741149726997,16.490627375908403,0.655278838125505
4.775220833456486,33.78422265502728,-80.64452649075415,37.618577929397055,-92.9199940138583,23.18444118692893,-15.651394130451523,-0.052474164523081415,-0.026926484268285034,-84.24879978099786,75.95434108854944,16.062930907858462,0.6491826386501773
4.789183467472441,36.50009962450836,-82.11870183451417,39.70785421902285,-94.57915017704234,25.924008997962282,-15.35821425987241,-0.05215028488414343,-0.03217390072059301,-22.072897727064685,35.866241448424276,15.141438114803645,0.6426430122738744
4.803146101488395,38.72098027773707,-83.89884931837281,41.79488702966708,-96.23114871503365,21.775359809815036,-15.16407203574234,-0.05402057232984031,-0.03738892920900749,-57.7584409815946,39.37850673909336,15.07301995690683,0.6355204822501754
4.81710873550435,41.450028222900634,-85.90341906724187,43.87926949014808,-97.87470144906561,22.895437740537062,-14.974366446398674,-0.051226324276812125,-0.04279098644199131,-45.53827059422273,51.488503326053184,14.897395422618892,0.6281339420464209
4.831071369520305,43.2233495764865,-87.20778225018282,45.9605952459752,-99.50852678615546,19.393532662096167,-14.745776359231565,-0.05032824318898218,-0.047913618869672714,-46.83578227285333,31.058236991085508,14.33332379153174,0.6202605384478783
4.845034003536259,44.70945274392275,-88.75996556523721,48.038458538568435,-101.13135071845194,22.56187947963187,-14.623309432437226,-0.04664227504529411,-0.05294644318857111,-52.73366756019905,68.07813471528158,14.732651940750516,0.6123628018721683
4.858996637552214,47.66118116025228,-89.47477307544605,50.11245428436181,-102.74190781666834,24.943669398969483,-14.527202631927823,-0.04705240108159548,-0.05761067069310055,-59.0820594387665,71.30459632977139,14.989567531064463,0.6042466951889223
4.872959271568169,50.35189520053931,-92.12289902792479,52.1821781537753,-104.33894221682621,19.537223268475326,-14.652072301090683,-0.049250182405533034,-0.06231591080126009,-124.31497312584561,99.96832860597793,15.536503405818257,0.5961860774388184
4.886921905584122,52.604568507600376,-94.34872717041075,54.247226650039494,-105.92120859954008,18.592666233153455,-14.51818708500405,-0.046036816802181385,-0.06724092904181322,-59.4520445950068,55.285427630850386,14.33760629029809,0.5877658871348852
4.900884539600077,54.34633392036579,-96.47617623145321,56.30719718785864,-107.48747316108064,18.211064777102706,-14.270662177978567,-0.043213545719634615,-0.07184461072203119,-32.85646242412999,31.220093969992515,13.650498355416008,0.5788013698754182
4.914847173616032,56.69449474726002,-97.78903621263137,58.36168817189464,-109.03651457545703,20.26748928597725,-13.944527384592535,-0.04098713383575269,-0.07616596529399455,-8.635809723581387,18.58117955623627,13.186552585157486,0.569827099075392
4.928809807631986,59.55696459375662,-99.04424225331469,60.41029907505943,-110.56712494677059,18.120810833390845,-13.73083174687643,-0.04106840540080913,-0.08026467867756981,-40.596609152099646,31.015437562496327,13.307394692426778,0.5607969548349736
4.942772441647941,61.364842504365086,-100.08203160162492,62.45263051659832,-112.07811075109562,14.695158771117791,-13.624111774533397,-0.03925107783597659,-0.08437151921765063,-65.58636664331455,49.57502468828167,13.351651926040942,0.5516435537381046
4.956735075663896,62.50549707542303,-100.63930582653583,64.48828433995011,-113.56829376715342,17.490538027640508,-13.627488693689903,-0.03551506776043429,-0.0882966270012484,-74.05880431062084,87.01862074835906,13.843235030066067,0.5421278239723026
4.97069770967985,63.78007430811258,-101.92968568658749,66.51686369036854,-115.03651199505384,21.71500922576077,-13.81063409331033,-0.03565405263297786,-0.09184813377729206,-108.85732331340023,129.13052141867303,14.945588231257826,0.5324306961344965
4.984660343695805,66.6126222187389,-103.10015375627655,68.53797309228982,-116.48162056238779,24.54624164201157,-13.971885643008662,-0.03921949744811622,-0.09541353904058969,-108.14057661278726,122.52991805702993,15.31001010678988,0.522734462597354
4.99862297771176,68.57656977142805,-105.09457643854161,70.55121852643143,-117.90249261696438,19.430251665870497,-14.166468510133605,-0.04371713638171769,-0.09933548878540144,-135.04185225539908,112.12881076527442,15.317368462683076,0.5126413800240872
5.012585611727714,69.96540440017004,-106.34254678449116,72.55620750660697,-119.29802020549626,21.770795612599684,-14.18007527568055,-0.04233545991737153,-0.10370720242357301,-80.2547606647923,91.80549706367515,14.750434954410762,0.5017978687153763
5.026548245743669,71.84974548262925,-108.39144551745123,74.55254915624208,-120.66711513754836,24.57037867099325,-14.199117928635497,-0.04345184974872843,-0.10794074841531032,-80.12401035627806,94.29002562519673,15.041115501004807,0.4900990635288016
5.040510879759624,74.54810261799295,-109.80776512823508,76.53985428457663,-122.00870983407606,24.313460321505207,-14.052957678599592,-0.046277189996505555,-0.11228593339018333,-51.80417673217286,51.95390438722874,14.402326480222845,0.4781205161146862
5.054473513775578,76.59113764061331,-111.88973827301977,78.51773546253823,-123.32175815989103,20.7489672042583,-13.926563787927307,-0.047486338238131434,-0.11691365238983398,-63.23028583836846,47.64217908778294,14.084956250558195,0.46559928404901374
5.068436147791533,78.12752770106214,-114.17689729560813,80.48580709827226,-124.60523623940632,21.709776214923952,-13.654745587257299,-0.04509781169810334,-0.12166228621364716,-20.887911292665656,26.18735178636049,13.298584086947075,0.4523505596682025
5.082398781807488,80.49539041490895,-116.39104074988676,82.44368551231383,-125.8581432550234,23.577108526387157,-13.213125968498591,-0.04406329901249716,-0.12617206738345743,19.52668232741245,-9.67189462090065,12.453141186704054,0.43852125315394197
5.096361415823442,83.85395868401544,-118.1142049748874,84.3909890123868,-127.07950222753983,20.42876618319243,-12.67537512609782,-0.044270712126914455,-0.13057839728470721,31.034459118390842,-44.57589891515897,11.376242665834145,0.4244556089879632
5.110324049839397,85.68248080131573,-119.37775848436624,86.32733796781542,-128.2683607779682,13.674667257450889,-12.179381145122587,-0.04141742489435597,-0.1350054684973987,16.299833416226637,-47.44411319033457,10.451051868341802,0.4100018739811486
5.124286683855352,87.6245662349932,-120.66964277494786,88.25235488353424,-129.42379187017258,16.610153837403825,-11.750238339701177,-0.03457428284168358,-0.13914721098683414,27.35959721080965,-13.563900108379128,10.369524559361146,0.3950186637697657
5.138249317871306,89.3394293071532,-122.58106181598643,90.16566447368126,-130.54489453374345,15.42939331479032,-11.369728379816847,-0.03232312291825868,-0.1426046392710023,10.216832902996707,-15.349114247327277,10.196949424129693,0.3797940101798196
5.152211951887261,91.06368205844,-123.5675908847777,92.0668937347609,-131.63079456654737,16.487640889391336,-10.90458391682576,-0.029866448905281718,-0.14583695156282817,35.92670214899739,-30.53842703000134,9.45181067629058,0.36470801360296656
5.1661745859032155,92.93077668662265,-125.52468420530579,93.95567201836161,-132.68064521640332,17.0929891523626,-10.528292809406599,-0.02875771120995703,-0.1488235964533562,18.673410359075284,-15.12898750751687,9.560929096037054,0.3492817508580037
5.18013721991917,93.95919109583724,-128.2577173827243,95.83163110341462,-133.69362784135484,16.422862210682155,-10.05519723001648,-0.02807616357006727,-0.1516993675743521,38.72682687194544,-41.04342987070666,8.668713657536957,0.33351522468097716
5.194099853935125,95.638952611461,-129.94628269919318,97.69440526797926,-134.66895254802225,20.07159078473702,-9.357337716508786,-0.02671338424758885,-0.15450698393135864,99.99390408238159,-81.77900250837521,7.419956957861919,0.31725229637685626
5.2080624879510795,97.08730494082049,-131.33010826351568,99.54363136054128,-135.60585880753771,19.172854247851777,-8.658748742272206,-0.027214764270246196,-0.1571783223561174,93.78446603739572,-96.34633682908019,6.875850337206558,0.30042814619703684
5.222025121967034,98.54626740727228,-132.2381225812532,101.37894887080992,-136.50361604858287,21.194049119076965,-7.985818815615796,-0.026265937256039505,-0.1598997987831421,99.15329558811241,-87.82190724368571,6.7218591493697595,0.2830880975522243
5.235987755982989,100.47706414139932,-133.77591103127193,103.20000000000002,-137.36152422706633,22.361354555206496,-7.3968972371940716,-0.025946462496349316,-0.16252639250874612,83.20644169469631,-75.39452920429048,6.921450098710311,0.2650223112306449
5.2499503899989435,102.7596917307398,-135.13279426765436,105.00642973058574,-138.178914371997,20.71823033077343,-6.803127469802782,-0.025534582618641905,-0.16512103875838102,81.0998484235496,-86.29113166951299,6.316770619465459,0.24635185865700437
5.263913024014898,105.10884719158351,-136.86898703909787,106.79788589551188,-138.95514910712754,18.14518946163972,-6.2441587371315075,-0.02392157053049018,-0.16767449702024528,74.71844121086716,-84.49075796745652,5.560342492261002,0.22698945236751467
5.277875658030853,106.79221228853527,-137.74922847504288,108.57401924684952,-139.68962314796119,15.097898319011492,-5.670394261395343,-0.02141592859134963,-0.17006665407329447,79.84615595978714,-92.21502206116048,4.468042684579012,0.20691973002115693
5.2918382920468074,107.68169419066416,-138.18407634682936,110.33448352388255,-140.3817637737344,16.35942343380816,-5.15029510265985,-0.018437418234635378,-0.17220824693242953,81.72529473680935,-74.02822107041457,4.41338051878893,0.18623813701645586
5.305800926062762,110.14265231661473,-138.78432621711354,112.07893552061205,-141.03103127400726,20.656055406764416,-4.688555971537069,-0.01668881572387725,-0.17405198875589312,79.67926789818124,-57.18770399655601,5.238404687610955,0.16500942661666418
5.319763560078717,112.31075751487066,-138.99404370956552,113.80703515266478,-141.63691936951352,15.186213043672616,-4.328845898445958,-0.016458176747882598,-0.17572087032828065,37.69410733974738,-60.74068138641847,4.643811932266148,0.1432567986566169
5.333726194094671,114.15371547623448,-139.68594000216606,115.51844552359346,-142.1989556069418,14.939834068779103,-4.083839675366397,-0.014618622187529086,-0.17736668800306887,27.060630200538284,-26.19008770055129,4.534393303546587,0.12083390814417783
5.347688828110626,114.53940471702897,-140.47654110722505,117.21283299055524,-142.71670172734065,14.075335060052051,-3.855538749303593,-0.01330804358972262,-0.17882855022182165,23.487895786600948,-25.543465335743058,4.306241586488995,0.09756669635565496
5.361651462126581,115.8007556340254,-140.59878482743986,118.88986722935626,-143.1897540078595,21.015628688514795,-3.5665139365487275,-0.012141201742738498,-0.1801593545807938,56.398380271799645,-21.440710872739444,5.12718717381512,0.07359529503376283
5.375614096142535,117.68636710333931,-141.1335494101076,120.54922129884878,-143.6177435765598,20.98456821511269,-3.348778444617576,-0.012687009670197424,-0.1813734747550675,26.878992541255965,-23.720659436321522,5.626903064643493,0.04884801329079025
5.38957673015849,118.75127016825545,-142.11676229437634,122.19057170466911,-144.00033670005007,19.54907388146382,-3.1498044174979904,-0.012739357161721301,-0.18264217572208707,20.740452090054063,-24.21236862521857,5.339131807364961,0.023294167863980864
5.403539364174445,121.18777873721747,-141.9079319041096,123.8135984623035,-144.33723504372134,22.45112669858294,-2.863261139427085,-0.012223344871427063,-0.18391611143825903,50.88430313700071,-33.94409849410739,5.527898966813995,0.00325076391276502
5.417501998190399,122.16566765583718,-143.42292303253654,125.41798515946967,-144.6281759043793,17.42803073111783,-2.7234181181634733,-0.012160938971808163,-0.18513844592540174,2.476424563471852,-22.61895467361946,5.029351230115772,0.03074702749781233
5.431464632206354,123.58641070385642,-143.48864560267106,127.00341901780212,-144.87293241509252,21.255016003233642,-2.3978849626925096,-0.011064257530954366,-0.18635453982258277,63.76131775547331,-42.70970113983172,5.0503827032903095,0.059143060097345046
5.445427266222309,125.3790914477749,-144.36454154832313,128.56959095382877,-145.07131372209642,20.797292798455114,-2.1325284843941517,-0.010667387994540227,-0.18746096557567826,42.93759075849894,-41.4756068543752,5.228472413617567,0.08848449937525071
5.459389900238263,127.2883573874991,-145.16106537862828,130.11619563922753,-145.22316513361523,18.93479063478922,-1.8131343997741936,-0.010031433352554943,-0.1885277043751321,52.7199875118474,-57.958135449187544,4.814290246952081,0.11866251155805951
5.473352534254218,128.35142218302144,-145.5316562566161,131.6429315603505,-145.32836824048604,16.84846895713185,-1.461075205329359,-0.009077133478276607,-0.18953084771038764,60.913804791011074,-67.48231405454749,4.357786878043731,0.14973531311268795
5.487315168270173,129.58747634867538,-146.23911040025553,133.14950107700486,-145.38684100849073,19.615288155497055,-1.090589748593879,-0.007966303177793678,-0.19043856105821533,78.30515901260493,-62.09264518578475,4.800263797853065,0.1816602344981666
5.501277802286127,132.1246077250551,-145.14977348558102,134.6356104804782,-145.3985378423237,19.264551130308703,-0.6560967326874647,-0.007109201629006175,-0.19123519137599487,87.09829258543994,-85.11011637401275,5.117638169880769,0.21437911327981318
5.515240436302082,134.13398864665479,-145.20104715269298,136.1009700507977,-145.36344962114575,14.682923496254077,-0.4875566617923722,-0.006265984474947347,-0.19194611153889563,22.428220638947177,-40.51918523349661,3.9820993001801157,0.24784193126680742
5.529203070318036,135.93777792700715,-146.050193410993,137.54529411321167,-145.28160370569628,13.13084396074831,-0.3456199207059796,-0.005486762290860251,-0.1925727099863903,24.51097490166574,-28.999383887242743,3.4122564886585893,0.28203132354651306
5.54316570433399,138.73474800515714,-146.08680473006837,138.96830109388253,-145.15306391695822,10.644871436273686,-0.11068952691057932,-0.0048400392370146796,-0.19312138621547614,42.98508294582849,-52.16689496792803,3.1605240062425546,0.3168974021231805
5.557128338349945,139.2369165096953,-145.07481480843902,140.36971357477975,-144.97793048639224,3.847029965230475,0.061997272359985645,-0.004312122030801863,-0.19360539013917766,20.522800787067766,-50.61197929477993,1.9755289170598542,0.35238678641131616
5.5710909723659,139.63335095746802,-145.74834997062285,141.74925834776343,-144.7563399777793,11.708540878876907,0.1531024360014442,-0.003973970598481733,-0.19403660234225795,38.25330608072958,0.16181773649227404,2.532446984454216,0.38844470451305346
5.585053606381854,141.03478580710788,-145.49614631745914,143.10666646784665,-144.48846518073248,13.100975307298402,0.39331876022737267,-0.00360845581512294,-0.19443399940210604,56.174096987721704,-47.051070621760815,3.694757139303456,0.42500727956120166
5.599016240397809,142.4304725901349,-145.3833883082516,144.44167330562692,-144.17451497596065,12.183745685000359,0.6072191108296383,-0.003220555286167332,-0.1947948449836181,46.56603113729883,-48.11096841998263,3.654256672758007,0.46201075117696844
5.612978874413764,143.29600497832962,-145.07445697317652,145.75401859887594,-143.81473417238962,11.795854643599016,0.8236679231993084,-0.0028674958380365263,-0.19511690051223463,49.54537177472148,-48.689380079769016,3.675137258685087,0.4993636651895672
5.626941508429718,144.1834557503837,-146.35434691074028,147.04344650327857,-143.40940331626757,14.079539537459796,1.043256963739864,-0.0025298060324267587,-0.1954036500960381,57.80773390394189,-44.264486948272015,4.1006977044519655,0.5369703033402935
5.640904142445673,145.99906149004073,-146.69094365144386,148.30970564231,-142.95883847240347,13.477695889757788,1.523523970384083,-0.001906166759929361,-0.19565663069928085,108.4471445813198,-108.1513217353855,5.343726763733182,0.5747373112445318
5.654866776461628,147.57296578903942,-146.74683278540988,149.5525491562421,-142.46339097770922,9.745350980445334,2.046018107031031,-0.001188280873535709,-0.1958472473752737,112.83134696144775,-127.41586128530953,5.522633086042026,0.6125675665292292
5.668829410477582,148.5238518962725,-146.53273734698763,150.77173475026925,-141.9234471672378,8.522963390748762,2.5780982254749962,-0.0008000823109176345,-0.19596607546262712,123.57611503437998,-126.78303637840276,5.78767411737362,0.6503336081714979
5.682792044493537,149.10640118058632,-146.87764622481657,151.96702474174424,-141.33942807293073,9.844273741493712,3.1069543478390216,-0.00045740041406514063,-0.196046083693719,131.91998638815355,-123.12331353668566,6.231043288230258,0.6879285645509414
5.696754678509492,150.7202587863812,-146.96074591245196,153.13818610651492,-140.71178909531005,11.45161484562964,3.764612670131103,0.0003067284603975492,-0.19609182373512546,163.47241986863176,-152.94090600612668,7.367026797184296,0.7252909489121642
5.710717312525446,152.9339898653018,-147.50954398942358,154.28499052435262,-140.04101964837065,7.575402345543569,4.437098488425378,0.0014713805520523027,-0.1960611508890855,157.6129508379342,-172.70105501611835,7.783952976060256,0.7623353064888536
5.724679946541401,154.1493194096164,-147.4515075616642,155.40721442346387,-139.32764277795002,1.7986586464400327,5.200267138416172,0.0016558376039613818,-0.19591401283388032,176.16989852374186,-200.84460634720537,8.547534565557976,0.7989352251164794
5.7386425805573555,154.4786479820056,-146.4518835335993,156.50463902407597,-138.5722147538729,2.4962866039500566,5.968874836729912,0.0003972599974352035,-0.19574842907348433,196.63052730612304,-191.38966153006461,9.186368774045151,0.8349732050901162
5.75260521457331,153.92437915513415,-146.32780867748113,157.57705038108858,-137.7753246361886,6.414078556172352,6.589810131146564,-7.57433052417123e-05,-0.19570870307374078,177.01672299388613,-156.14221975667488,9.213184668011378,0.8704774837232012
5.766567848589265,155.12430557739697,-145.20154000504542,158.62423942578283,-136.93759381583988,12.713327820178648,7.321439460818703,0.0012802891618278168,-0.1957162774042649,210.39413137565143,-177.31780859198022,10.500705772061716,0.9055308439781884
5.7805304826052195,155.87322053285035,-145.57484749550463,159.64600200657952,-136.05967553012093,9.763967279536747,7.8551606492483455,0.004839061914247976,-0.19558824848808198,150.7690661746585,-160.33546113583793,10.198991355794389,0.9400018188339851
5.794493116621174,156.47191440742964,-144.878360001022,160.64213892883905,-135.14225435330252,10.677946772508312,8.571886699593803,0.006045710350153513,-0.1951043422966574,202.26451456372888,-193.8708210181848,11.470901548628243,0.9736633215322961
5.808455750637129,157.41030944455662,-144.95666225548783,161.61245599369462,-134.18604566282167,12.04684891341769,9.222873127229306,0.007549352759936135,-0.19449977126164208,193.517363103166,-182.6149745264299,11.863842282625143,1.0062595262428102
5.8224183846530835,159.15022515070447,-144.84159652003282,162.55676403591193,-133.19179508145177,10.406067098205407,9.980463567225247,0.009586906631036797,-0.1937448359856484,213.23226502513006,-216.23101511963335,12.841265299167105,1.0379984493739842
5.836381018669038,160.82901314377855,-142.8813184685554,163.47487896076706,-132.16027789588844,5.706104617272448,10.750892469325114,0.010354080062752295,-0.19278614532254457,213.052459424067,-230.71502042799904,13.398450381441878,1.0688311288812207
5.850343652684993,162.0634032906585,-141.68271483323932,164.36662177993628,-131.0922984522042,4.376888342257576,11.1348802305338,0.008171901575519547,-0.19175073731626924,142.1155376125959,-144.42049371027252,12.308357640584996,1.0986923100495725
5.8643062867009474,162.3005542709007,-139.4135802523415,165.23181864639014,-129.98868952864365,3.112562455536835,11.407520199289113,0.006156169511474855,-0.19093354715871724,120.34337254491906,-122.48815226798112,12.115654488757919,1.1277039540578642
5.878268920716902,163.64052856208036,-138.4950742963971,166.07030088828517,-128.85031168624806,8.047578417973465,11.42071136858034,0.004115669554461507,-0.19031793020756993,80.71048685550136,-53.53711772225989,11.215776047991469,1.1561620465393752
5.892231554732857,165.3367212900328,-137.360666837933,166.88190504184695,-127.67805259781568,3.247095792784311,11.461557733760392,0.006172699692246366,-0.18990636325212362,63.93215672432264,-82.1464748238273,11.2922309536763,1.184056441361637
5.906194188748811,166.37915659223412,-136.1337482170795,167.6664728832377,-126.47282635572131,0.08214318026847556,11.472880642551058,0.004221974799738,-0.18928909328289878,61.37449574527842,-72.68453061613383,11.134307919764405,1.2114008855311393
5.920156822764766,167.41454565860516,-135.5290670596387,168.42385145940216,-125.2355727591345,-0.2688729711170398,11.47342136398124,0.0010446009508950764,-0.18886689580292515,65.4277715924912,-63.93478554689021,11.088327439789017,1.2378010125706664
5.934119456780721,167.87017001981835,-135.39166104125832,169.15389311788624,-123.96725658119234,-2.4146000585955636,11.595845561165017,-0.0009258978251050227,-0.18876243570783569,87.15898609598611,-94.26575102358764,11.691911354591229,1.2636764800470761
5.948082090796675,167.70751286812816,-133.91444209167298,169.85645553562216,-122.66886681669861,-1.49001305157939,11.947837363413205,-0.0033334037204160697,-0.18885502549034605,144.1924829770408,-137.06283044509507,12.876910461394916,1.289171753857536
5.96204472481263,168.21094112811198,-132.91069728064573,170.53140174667448,-121.34141591093513,2.7656435548338267,12.23212172827296,-0.004158169691449673,-0.18918836586238763,139.57280573600244,-116.34382588987548,12.886245990974139,1.31419034008292
5.976007358828585,168.06804275956438,-131.03249728808925,171.17860016894204,-119.98593897018758,1.598082912683529,12.540769097505395,-0.0016774552331642817,-0.18960418283153269,133.9094772357164,-135.61621977688714,13.261085082540479,1.3388020526171642
5.989969992844539,168.49219344236488,-129.62894113140098,171.7979246298101,-118.60349295460063,6.532589888124939,12.712909972941612,-0.0011193242020815083,-0.1897719283548489,120.89534003416554,-93.72125223658564,12.976600767838496,1.3628762313737415
6.003932626860494,169.64176473470667,-129.36620436775874,172.38925439074782,-117.19515585399228,5.61438879467391,12.858349291989974,0.002765009608990694,-0.18988386077505703,102.7212596671187,-102.42882260872113,13.030199551814883,1.386111077160968
6.017895260876449,170.72337106831358,-128.53522549930452,172.95247417084673,-115.7620258472698,1.5716098420964792,13.20061890363632,0.004472968358805953,-0.1896073598141581,138.52511544930013,-153.22692936185285,14.001231024016409,1.408728417093612
6.031857894892403,170.7374938466646,-127.39024010224539,173.48747416929467,-114.3052204461029,-0.47412413191046143,13.586475555742547,0.0025531056663715005,-0.18916006297827748,154.33177386869352,-160.19588791681187,14.495975640397475,1.430425752089545
6.045820528908358,171.22100579936816,-126.11928480935188,173.99415008678193,-112.82587562352163,2.585561394761031,13.987963200837852,-7.030580576294562e-05,-0.1889047524116405,171.7817737558055,-153.64661020258453,14.924025011216164,1.4514511695356758
6.059783162924313,172.13979347370199,-123.6072215127252,174.47240314583448,-111.3251449281189,1.2348413624283145,14.356830593495177,0.0008432501800003906,-0.1889117829922169,156.76446638495946,-158.94071280623461,15.147216230386903,1.47219804611718
6.073745796940267,171.87437997184543,-122.03613072358334,174.92214011007084,-109.80419858454798,0.28764837169895774,14.411480736408578,0.00014624067464163624,-0.18882745797421663,92.27685337917325,-92.69157785049104,14.080656758855367,1.4927673274929232
6.087708430956222,171.47026336187017,-120.90686527251691,175.34327330237875,-108.26422258101641,4.307569820538506,14.47677971932557,-0.0010155358831082906,-0.18881283390675252,106.57070653773144,-83.52397226685889,14.202065864722632,1.512835787097611
6.101671064972177,171.9504347129379,-119.62740312466552,175.73572062200788,-106.70641774448819,6.607404880233927,14.655437786707619,0.001693567820508013,-0.18891438749506317,127.52527144631625,-111.90148701435368,14.827232905514043,1.5325947419648838
6.115633698988131,171.41909079521815,-117.26039068994655,176.09940556057575,-105.13199880431495,4.819598589105673,14.856113099780925,0.005209767780847304,-0.18874503071301252,123.91493546113519,-127.2637177826103,15.077490026691672,1.5521206546609658
6.129596333004086,171.4525903060393,-114.80102521131636,176.43425721698293,-103.54219344502663,10.911032534215833,14.88136062526811,0.005684282005992971,-0.18822405393492758,106.13352226491743,-72.29104769072889,14.606191491573886,1.5710561043552094
6.143558967020041,172.2986450843686,-113.09429398956672,176.74021031123553,-101.9382413490199,11.15510332292998,14.730821713098338,0.011012514810504513,-0.18765562573432826,55.194514966685716,-48.0338602534573,13.907197201719168,1.5893497038271072
6.157521601035995,174.3017008978526,-112.01241849551694,177.01720519717168,-100.32139322989124,8.192125349767858,14.568563600128043,0.014149637560174644,-0.1865543742532778,44.46210555950299,-52.54928108620328,13.616600286218832,1.6073345883998478
6.17148423505195,174.7150662054607,-109.67004488630555,177.26518787408946,-98.69290985716799,-0.5764087550083232,14.48299061767433,0.013422332023796247,-0.18513941049726057,46.07347853867674,-82.3564715585692,13.64520301884064,1.624553999347154
6.185446869067904,174.91998092027538,-107.19155397761152,177.48410999727466,-97.05406107319837,2.3915600794061884,14.261919691402616,0.005678001674656458,-0.18379717729488076,43.53629212813746,-25.633473607135976,12.916294015450633,1.641255320053789
6.199409503083858,175.52839306021738,-106.59455104370072,177.67392888742563,-95.40612480296619,2.1867074157019375,13.92057855246491,0.003607909153340273,-0.18322937712741494,8.765062430034487,-5.460450659481287,12.102915774157578,1.6578529468503689
6.213372137099813,174.47936792104255,-105.30336804225445,177.83460753897361,-93.75038605760398,-1.1885437036601703,13.843164805039411,0.002362830119490452,-0.18286858621208069,55.82875465855889,-67.72388644448472,13.049567020100644,1.6750762461393016
6.227334771115768,175.16931395996087,-104.62567084834377,177.96611462729715,-92.08813593237957,5.939849650024854,13.905550976275995,-0.00093296900452817,-0.18263230320013157,110.01829303878078,-72.60124296660796,13.667470955207667,1.6923852038094926
6.241297405131722,175.2915106381297,-103.49076834649716,178.06842451482873,-90.42067059993897,-0.7450508680809662,14.145698275238654,0.0029159959370590603,-0.18272560010058436,116.21672577257667,-143.16296530985443,14.497823080260245,1.7097245140866146
6.255260039147677,175.5254311569546,-102.48773272008869,178.14151725605313,-88.74929029958987,0.8821221690421686,14.451663989640343,-0.000141460792909076,-0.1824340005068783,151.08593328946046,-139.67466971493428,15.014450130779247,1.7273262743611095
6.269222673163632,176.26193491418303,-101.47298592873119,178.18537860139563,-87.07529832341417,-1.3461826740916516,14.836383521040505,-0.0005117691834787017,-0.18244814658616937,160.6082594300628,-167.15707872248603,15.640283067738386,1.7445029101179266
6.283185307179586,176.36794664314814,-99.20075120878856,178.2,-85.40000000000003,-4.979058422201851,15.25911386787581,-0.002554327646516364,-0.18249932350451725,167.4387916718218,-180.98277544129343,16.189409283295436,1.7532444733810655
